2026-02-24 17:11:13,908 | INFO | 🚀 Sistema DreamJob iniciado.
2026-02-24 17:11:14,307 | INFO | Perfil cargado.
2026-02-24 17:11:25,013 | INFO | 🚀 Sistema DreamJob iniciado.
2026-02-24 17:11:25,122 | INFO | ====== WebDriver manager ======
2026-02-24 17:11:27,503 | INFO | Get LATEST chromedriver version for google-chrome
2026-02-24 17:11:27,505 | DEBUG | Starting new HTTPS connection (1): googlechromelabs.github.io:443
2026-02-24 17:11:28,075 | DEBUG | https://googlechromelabs.github.io:443 "GET /chrome-for-testing/latest-patch-versions-per-build.json HTTP/1.1" 200 15450
2026-02-24 17:11:28,104 | INFO | Get LATEST chromedriver version for google-chrome
2026-02-24 17:11:28,105 | DEBUG | Starting new HTTPS connection (1): googlechromelabs.github.io:443
2026-02-24 17:11:28,622 | DEBUG | https://googlechromelabs.github.io:443 "GET /chrome-for-testing/latest-patch-versions-per-build.json HTTP/1.1" 200 15450
2026-02-24 17:11:28,656 | INFO | Driver [C:\Users\Soporte\.wdm\drivers\chromedriver\win64\133.0.6943.141\chromedriver-win32/chromedriver.exe] found in cache
2026-02-24 17:11:28,660 | DEBUG | Skipping Selenium Manager; path to chrome driver specified in Service class: C:\Users\Soporte\.wdm\drivers\chromedriver\win64\133.0.6943.141\chromedriver-win32/chromedriver.exe
2026-02-24 17:11:28,667 | DEBUG | Started executable: `C:\Users\Soporte\.wdm\drivers\chromedriver\win64\133.0.6943.141\chromedriver-win32/chromedriver.exe` in a child process with pid: 21508 using 0 to output -3
2026-02-24 17:11:28,804 | DEBUG | POST http://localhost:63813/session {'capabilities': {'firstMatch': [{}], 'alwaysMatch': {'browserName': 'chrome', 'pageLoadStrategy': <PageLoadStrategy.normal: 'normal'>, 'goog:chromeOptions': {'excludeSwitches': ['enable-automation'], 'useAutomationExtension': False, 'extensions': [], 'args': ['--disable-blink-features=AutomationControlled']}}}}
2026-02-24 17:11:28,805 | DEBUG | Starting new HTTP connection (1): localhost:63813
2026-02-24 17:11:29,803 | DEBUG | http://localhost:63813 "POST /session HTTP/1.1" 200 0
2026-02-24 17:11:29,804 | DEBUG | Remote response: status=200 | data={"value":{"capabilities":{"acceptInsecureCerts":false,"browserName":"chrome","browserVersion":"133.0.6943.142","chrome":{"chromedriverVersion":"133.0.6943.141 (2a5d6da0d6165d7b107502095a937fe7704fcef6-refs/branch-heads/6943@{#1912})","userDataDir":"C:\\Users\\Soporte\\AppData\\Local\\Temp\\scoped_dir21508_2110424546"},"fedcm:accounts":true,"goog:chromeOptions":{"debuggerAddress":"localhost:63816"},"networkConnectionEnabled":false,"pageLoadStrategy":"normal","platformName":"windows","proxy":{},"setWindowRect":true,"strictFileInteractability":false,"timeouts":{"implicit":0,"pageLoad":300000,"script":30000},"unhandledPromptBehavior":"dismiss and notify","webauthn:extension:credBlob":true,"webauthn:extension:largeBlob":true,"webauthn:extension:minPinLength":true,"webauthn:extension:prf":true,"webauthn:virtualAuthenticators":true},"sessionId":"3846e399f5e5d67753d48b9da4379c41"}} | headers=HTTPHeaderDict({'Content-Length': '886', 'Content-Type': 'application/json; charset=utf-8', 'cache-control': 'no-cache'})
2026-02-24 17:11:29,805 | DEBUG | Finished Request
2026-02-24 17:11:29,806 | DEBUG | POST http://localhost:63813/session/3846e399f5e5d67753d48b9da4379c41/goog/cdp/execute {'cmd': 'Page.addScriptToEvaluateOnNewDocument', 'params': {'source': "Object.defineProperty(navigator, 'webdriver', {get: () => undefined})"}}
2026-02-24 17:11:29,827 | DEBUG | http://localhost:63813 "POST /session/3846e399f5e5d67753d48b9da4379c41/goog/cdp/execute HTTP/1.1" 200 0
2026-02-24 17:11:29,827 | DEBUG | Remote response: status=200 | data={"value":{"identifier":"2"}} | headers=HTTPHeaderDict({'Content-Length': '28', 'Content-Type': 'application/json; charset=utf-8', 'cache-control': 'no-cache'})
2026-02-24 17:11:29,828 | DEBUG | Finished Request
2026-02-24 17:11:29,830 | DEBUG | POST http://localhost:63813/session/3846e399f5e5d67753d48b9da4379c41/url {'url': 'https://www.google.com/search?q=Backend+Developer+Santiago%2C+Chile&ibp=htl;jobs'}
2026-02-24 17:11:30,409 | DEBUG | http://localhost:63813 "POST /session/3846e399f5e5d67753d48b9da4379c41/url HTTP/1.1" 200 0
2026-02-24 17:11:30,410 | DEBUG | Remote response: status=200 | data={"value":null} | headers=HTTPHeaderDict({'Content-Length': '14', 'Content-Type': 'application/json; charset=utf-8', 'cache-control': 'no-cache'})
2026-02-24 17:11:30,410 | DEBUG | Finished Request
2026-02-24 17:11:34,411 | DEBUG | POST http://localhost:63813/session/3846e399f5e5d67753d48b9da4379c41/elements {'using': 'css selector', 'value': 'div.EimVGf'}
2026-02-24 17:11:34,433 | DEBUG | http://localhost:63813 "POST /session/3846e399f5e5d67753d48b9da4379c41/elements HTTP/1.1" 200 0
2026-02-24 17:11:34,433 | DEBUG | Remote response: status=200 | data={"value":[{"element-6066-11e4-a52e-4f735466cecf":"f.9D7056838F56FB6F4302E6FEE37954B1.d.6FBE47F06D5AB3B7A7DFD04D78CE1396.e.25"},{"element-6066-11e4-a52e-4f735466cecf":"f.9D7056838F56FB6F4302E6FEE37954B1.d.6FBE47F06D5AB3B7A7DFD04D78CE1396.e.26"},{"element-6066-11e4-a52e-4f735466cecf":"f.9D7056838F56FB6F4302E6FEE37954B1.d.6FBE47F06D5AB3B7A7DFD04D78CE1396.e.27"},{"element-6066-11e4-a52e-4f735466cecf":"f.9D7056838F56FB6F4302E6FEE37954B1.d.6FBE47F06D5AB3B7A7DFD04D78CE1396.e.28"},{"element-6066-11e4-a52e-4f735466cecf":"f.9D7056838F56FB6F4302E6FEE37954B1.d.6FBE47F06D5AB3B7A7DFD04D78CE1396.e.29"},{"element-6066-11e4-a52e-4f735466cecf":"f.9D7056838F56FB6F4302E6FEE37954B1.d.6FBE47F06D5AB3B7A7DFD04D78CE1396.e.30"},{"element-6066-11e4-a52e-4f735466cecf":"f.9D7056838F56FB6F4302E6FEE37954B1.d.6FBE47F06D5AB3B7A7DFD04D78CE1396.e.31"},{"element-6066-11e4-a52e-4f735466cecf":"f.9D7056838F56FB6F4302E6FEE37954B1.d.6FBE47F06D5AB3B7A7DFD04D78CE1396.e.32"},{"element-6066-11e4-a52e-4f735466cecf":"f.9D7056838F56FB6F4302E6FEE37954B1.d.6FBE47F06D5AB3B7A7DFD04D78CE1396.e.33"},{"element-6066-11e4-a52e-4f735466cecf":"f.9D7056838F56FB6F4302E6FEE37954B1.d.6FBE47F06D5AB3B7A7DFD04D78CE1396.e.34"}]} | headers=HTTPHeaderDict({'Content-Length': '1181', 'Content-Type': 'application/json; charset=utf-8', 'cache-control': 'no-cache'})
2026-02-24 17:11:34,434 | DEBUG | Finished Request
2026-02-24 17:11:34,434 | DEBUG | POST http://localhost:63813/session/3846e399f5e5d67753d48b9da4379c41/elements {'using': 'css selector', 'value': 'div.EimVGf'}
2026-02-24 17:11:34,446 | DEBUG | http://localhost:63813 "POST /session/3846e399f5e5d67753d48b9da4379c41/elements HTTP/1.1" 200 0
2026-02-24 17:11:34,447 | DEBUG | Remote response: status=200 | data={"value":[{"element-6066-11e4-a52e-4f735466cecf":"f.9D7056838F56FB6F4302E6FEE37954B1.d.6FBE47F06D5AB3B7A7DFD04D78CE1396.e.25"},{"element-6066-11e4-a52e-4f735466cecf":"f.9D7056838F56FB6F4302E6FEE37954B1.d.6FBE47F06D5AB3B7A7DFD04D78CE1396.e.26"},{"element-6066-11e4-a52e-4f735466cecf":"f.9D7056838F56FB6F4302E6FEE37954B1.d.6FBE47F06D5AB3B7A7DFD04D78CE1396.e.27"},{"element-6066-11e4-a52e-4f735466cecf":"f.9D7056838F56FB6F4302E6FEE37954B1.d.6FBE47F06D5AB3B7A7DFD04D78CE1396.e.28"},{"element-6066-11e4-a52e-4f735466cecf":"f.9D7056838F56FB6F4302E6FEE37954B1.d.6FBE47F06D5AB3B7A7DFD04D78CE1396.e.29"},{"element-6066-11e4-a52e-4f735466cecf":"f.9D7056838F56FB6F4302E6FEE37954B1.d.6FBE47F06D5AB3B7A7DFD04D78CE1396.e.30"},{"element-6066-11e4-a52e-4f735466cecf":"f.9D7056838F56FB6F4302E6FEE37954B1.d.6FBE47F06D5AB3B7A7DFD04D78CE1396.e.31"},{"element-6066-11e4-a52e-4f735466cecf":"f.9D7056838F56FB6F4302E6FEE37954B1.d.6FBE47F06D5AB3B7A7DFD04D78CE1396.e.32"},{"element-6066-11e4-a52e-4f735466cecf":"f.9D7056838F56FB6F4302E6FEE37954B1.d.6FBE47F06D5AB3B7A7DFD04D78CE1396.e.33"},{"element-6066-11e4-a52e-4f735466cecf":"f.9D7056838F56FB6F4302E6FEE37954B1.d.6FBE47F06D5AB3B7A7DFD04D78CE1396.e.34"}]} | headers=HTTPHeaderDict({'Content-Length': '1181', 'Content-Type': 'application/json; charset=utf-8', 'cache-control': 'no-cache'})
2026-02-24 17:11:34,447 | DEBUG | Finished Request
2026-02-24 17:11:34,450 | DEBUG | POST http://localhost:63813/session/3846e399f5e5d67753d48b9da4379c41/frame {'id': None}
2026-02-24 17:11:34,455 | DEBUG | http://localhost:63813 "POST /session/3846e399f5e5d67753d48b9da4379c41/frame HTTP/1.1" 200 0
2026-02-24 17:11:34,456 | DEBUG | Remote response: status=200 | data={"value":null} | headers=HTTPHeaderDict({'Content-Length': '14', 'Content-Type': 'application/json; charset=utf-8', 'cache-control': 'no-cache'})
2026-02-24 17:11:34,456 | DEBUG | Finished Request
2026-02-24 17:11:34,458 | DEBUG | POST http://localhost:63813/session/3846e399f5e5d67753d48b9da4379c41/elements {'using': 'css selector', 'value': 'div.EimVGf'}
2026-02-24 17:11:34,478 | DEBUG | http://localhost:63813 "POST /session/3846e399f5e5d67753d48b9da4379c41/elements HTTP/1.1" 200 0
2026-02-24 17:11:34,478 | DEBUG | Remote response: status=200 | data={"value":[{"element-6066-11e4-a52e-4f735466cecf":"f.9D7056838F56FB6F4302E6FEE37954B1.d.6FBE47F06D5AB3B7A7DFD04D78CE1396.e.25"},{"element-6066-11e4-a52e-4f735466cecf":"f.9D7056838F56FB6F4302E6FEE37954B1.d.6FBE47F06D5AB3B7A7DFD04D78CE1396.e.26"},{"element-6066-11e4-a52e-4f735466cecf":"f.9D7056838F56FB6F4302E6FEE37954B1.d.6FBE47F06D5AB3B7A7DFD04D78CE1396.e.27"},{"element-6066-11e4-a52e-4f735466cecf":"f.9D7056838F56FB6F4302E6FEE37954B1.d.6FBE47F06D5AB3B7A7DFD04D78CE1396.e.28"},{"element-6066-11e4-a52e-4f735466cecf":"f.9D7056838F56FB6F4302E6FEE37954B1.d.6FBE47F06D5AB3B7A7DFD04D78CE1396.e.29"},{"element-6066-11e4-a52e-4f735466cecf":"f.9D7056838F56FB6F4302E6FEE37954B1.d.6FBE47F06D5AB3B7A7DFD04D78CE1396.e.30"},{"element-6066-11e4-a52e-4f735466cecf":"f.9D7056838F56FB6F4302E6FEE37954B1.d.6FBE47F06D5AB3B7A7DFD04D78CE1396.e.31"},{"element-6066-11e4-a52e-4f735466cecf":"f.9D7056838F56FB6F4302E6FEE37954B1.d.6FBE47F06D5AB3B7A7DFD04D78CE1396.e.32"},{"element-6066-11e4-a52e-4f735466cecf":"f.9D7056838F56FB6F4302E6FEE37954B1.d.6FBE47F06D5AB3B7A7DFD04D78CE1396.e.33"},{"element-6066-11e4-a52e-4f735466cecf":"f.9D7056838F56FB6F4302E6FEE37954B1.d.6FBE47F06D5AB3B7A7DFD04D78CE1396.e.34"}]} | headers=HTTPHeaderDict({'Content-Length': '1181', 'Content-Type': 'application/json; charset=utf-8', 'cache-control': 'no-cache'})
2026-02-24 17:11:34,479 | DEBUG | Finished Request
2026-02-24 17:11:34,479 | DEBUG | POST http://localhost:63813/session/3846e399f5e5d67753d48b9da4379c41/execute/sync {'script': 'return arguments[0].innerText;', 'args': [{'element-6066-11e4-a52e-4f735466cecf': 'f.9D7056838F56FB6F4302E6FEE37954B1.d.6FBE47F06D5AB3B7A7DFD04D78CE1396.e.25'}]}
2026-02-24 17:11:34,491 | DEBUG | http://localhost:63813 "POST /session/3846e399f5e5d67753d48b9da4379c41/execute/sync HTTP/1.1" 200 0
2026-02-24 17:11:34,492 | DEBUG | Remote response: status=200 | data={"value":"Node.js Developer backend expert\nAccenture\nSantiago • a través de Accenture\nhace 6 días\nTiempo completo"} | headers=HTTPHeaderDict({'Content-Length': '123', 'Content-Type': 'application/json; charset=utf-8', 'cache-control': 'no-cache'})
2026-02-24 17:11:34,492 | DEBUG | Finished Request
2026-02-24 17:11:34,493 | DEBUG | POST http://localhost:63813/session/3846e399f5e5d67753d48b9da4379c41/execute/sync {'script': "arguments[0].scrollIntoView({block:'center'});", 'args': [{'element-6066-11e4-a52e-4f735466cecf': 'f.9D7056838F56FB6F4302E6FEE37954B1.d.6FBE47F06D5AB3B7A7DFD04D78CE1396.e.25'}]}
2026-02-24 17:11:34,502 | DEBUG | http://localhost:63813 "POST /session/3846e399f5e5d67753d48b9da4379c41/execute/sync HTTP/1.1" 200 0
2026-02-24 17:11:34,502 | DEBUG | Remote response: status=200 | data={"value":null} | headers=HTTPHeaderDict({'Content-Length': '14', 'Content-Type': 'application/json; charset=utf-8', 'cache-control': 'no-cache'})
2026-02-24 17:11:34,503 | DEBUG | Finished Request
2026-02-24 17:11:34,806 | DEBUG | POST http://localhost:63813/session/3846e399f5e5d67753d48b9da4379c41/execute/sync {'script': '\n        const bloque = arguments[0];\n        // Buscar hijo con jsaction (el elemento que recibe el...', 'args': [{'element-6066-11e4-a52e-4f735466cecf': 'f.9D7056838F56FB6F4302E6FEE37954B1.d.6FBE47F06D5AB3B7A7DFD04D78CE1396.e.25'}]}
2026-02-24 17:11:34,863 | DEBUG | http://localhost:63813 "POST /session/3846e399f5e5d67753d48b9da4379c41/execute/sync HTTP/1.1" 200 0
2026-02-24 17:11:34,864 | DEBUG | Remote response: status=200 | data={"value":"OK:jsaction:rcuQ6b:npT2md;h5M12e;jGQF0b:kNqZ1c;"} | headers=HTTPHeaderDict({'Content-Length': '59', 'Content-Type': 'application/json; charset=utf-8', 'cache-control': 'no-cache'})
2026-02-24 17:11:34,864 | DEBUG | Finished Request
2026-02-24 17:11:34,867 | DEBUG | GET http://localhost:63813/session/3846e399f5e5d67753d48b9da4379c41/url {}
2026-02-24 17:11:34,956 | DEBUG | http://localhost:63813 "GET /session/3846e399f5e5d67753d48b9da4379c41/url HTTP/1.1" 200 0
2026-02-24 17:11:34,957 | DEBUG | Remote response: status=200 | data={"value":"https://www.google.com/search?q=Backend+Developer+Santiago,+Chile&udm=8&sei=8QWeaYiHPMbY1sQP49eF8A4&jbr=sep:0#vhid=vt%3D20/docid%3DAjBs9I0YLv5805aNAAAAAA%3D%3D&vssid=jobs-detail-viewer"} | headers=HTTPHeaderDict({'Content-Length': '196', 'Content-Type': 'application/json; charset=utf-8', 'cache-control': 'no-cache'})
2026-02-24 17:11:34,957 | DEBUG | Finished Request
2026-02-24 17:11:35,358 | DEBUG | GET http://localhost:63813/session/3846e399f5e5d67753d48b9da4379c41/url {}
2026-02-24 17:11:35,372 | DEBUG | http://localhost:63813 "GET /session/3846e399f5e5d67753d48b9da4379c41/url HTTP/1.1" 200 0
2026-02-24 17:11:35,373 | DEBUG | Remote response: status=200 | data={"value":"https://www.google.com/search?q=Backend+Developer+Santiago,+Chile&udm=8&sei=8QWeaYiHPMbY1sQP49eF8A4&jbr=sep:0#vhid=vt%3D20/docid%3DAjBs9I0YLv5805aNAAAAAA%3D%3D&vssid=jobs-detail-viewer"} | headers=HTTPHeaderDict({'Content-Length': '196', 'Content-Type': 'application/json; charset=utf-8', 'cache-control': 'no-cache'})
2026-02-24 17:11:35,380 | DEBUG | Finished Request
2026-02-24 17:11:35,788 | DEBUG | GET http://localhost:63813/session/3846e399f5e5d67753d48b9da4379c41/url {}
2026-02-24 17:11:35,857 | DEBUG | http://localhost:63813 "GET /session/3846e399f5e5d67753d48b9da4379c41/url HTTP/1.1" 200 0
2026-02-24 17:11:35,861 | DEBUG | Remote response: status=200 | data={"value":"https://www.google.com/search?q=Backend+Developer+Santiago,+Chile&udm=8&sei=8QWeaYiHPMbY1sQP49eF8A4&jbr=sep:0#vhid=vt%3D20/docid%3DAjBs9I0YLv5805aNAAAAAA%3D%3D&vssid=jobs-detail-viewer"} | headers=HTTPHeaderDict({'Content-Length': '196', 'Content-Type': 'application/json; charset=utf-8', 'cache-control': 'no-cache'})
2026-02-24 17:11:35,861 | DEBUG | Finished Request
2026-02-24 17:11:36,262 | DEBUG | GET http://localhost:63813/session/3846e399f5e5d67753d48b9da4379c41/url {}
2026-02-24 17:11:36,269 | DEBUG | http://localhost:63813 "GET /session/3846e399f5e5d67753d48b9da4379c41/url HTTP/1.1" 200 0
2026-02-24 17:11:36,270 | DEBUG | Remote response: status=200 | data={"value":"https://www.google.com/search?q=Backend+Developer+Santiago,+Chile&udm=8&sei=8QWeaYiHPMbY1sQP49eF8A4&jbr=sep:0#vhid=vt%3D20/docid%3DAjBs9I0YLv5805aNAAAAAA%3D%3D&vssid=jobs-detail-viewer"} | headers=HTTPHeaderDict({'Content-Length': '196', 'Content-Type': 'application/json; charset=utf-8', 'cache-control': 'no-cache'})
2026-02-24 17:11:36,270 | DEBUG | Finished Request
2026-02-24 17:11:36,671 | DEBUG | GET http://localhost:63813/session/3846e399f5e5d67753d48b9da4379c41/url {}
2026-02-24 17:11:36,680 | DEBUG | http://localhost:63813 "GET /session/3846e399f5e5d67753d48b9da4379c41/url HTTP/1.1" 200 0
2026-02-24 17:11:36,680 | DEBUG | Remote response: status=200 | data={"value":"https://www.google.com/search?q=Backend+Developer+Santiago,+Chile&udm=8&sei=8QWeaYiHPMbY1sQP49eF8A4&jbr=sep:0#vhid=vt%3D20/docid%3DAjBs9I0YLv5805aNAAAAAA%3D%3D&vssid=jobs-detail-viewer"} | headers=HTTPHeaderDict({'Content-Length': '196', 'Content-Type': 'application/json; charset=utf-8', 'cache-control': 'no-cache'})
2026-02-24 17:11:36,681 | DEBUG | Finished Request
2026-02-24 17:11:37,082 | DEBUG | GET http://localhost:63813/session/3846e399f5e5d67753d48b9da4379c41/url {}
2026-02-24 17:11:37,087 | DEBUG | http://localhost:63813 "GET /session/3846e399f5e5d67753d48b9da4379c41/url HTTP/1.1" 200 0
2026-02-24 17:11:37,088 | DEBUG | Remote response: status=200 | data={"value":"https://www.google.com/search?q=Backend+Developer+Santiago,+Chile&udm=8&sei=8QWeaYiHPMbY1sQP49eF8A4&jbr=sep:0#vhid=vt%3D20/docid%3DAjBs9I0YLv5805aNAAAAAA%3D%3D&vssid=jobs-detail-viewer"} | headers=HTTPHeaderDict({'Content-Length': '196', 'Content-Type': 'application/json; charset=utf-8', 'cache-control': 'no-cache'})
2026-02-24 17:11:37,088 | DEBUG | Finished Request
2026-02-24 17:11:37,489 | DEBUG | GET http://localhost:63813/session/3846e399f5e5d67753d48b9da4379c41/url {}
2026-02-24 17:11:37,495 | DEBUG | http://localhost:63813 "GET /session/3846e399f5e5d67753d48b9da4379c41/url HTTP/1.1" 200 0
2026-02-24 17:11:37,496 | DEBUG | Remote response: status=200 | data={"value":"https://www.google.com/search?q=Backend+Developer+Santiago,+Chile&udm=8&sei=8QWeaYiHPMbY1sQP49eF8A4&jbr=sep:0#vhid=vt%3D20/docid%3DAjBs9I0YLv5805aNAAAAAA%3D%3D&vssid=jobs-detail-viewer"} | headers=HTTPHeaderDict({'Content-Length': '196', 'Content-Type': 'application/json; charset=utf-8', 'cache-control': 'no-cache'})
2026-02-24 17:11:37,496 | DEBUG | Finished Request
2026-02-24 17:11:37,897 | DEBUG | GET http://localhost:63813/session/3846e399f5e5d67753d48b9da4379c41/url {}
2026-02-24 17:11:37,903 | DEBUG | http://localhost:63813 "GET /session/3846e399f5e5d67753d48b9da4379c41/url HTTP/1.1" 200 0
2026-02-24 17:11:37,903 | DEBUG | Remote response: status=200 | data={"value":"https://www.google.com/search?q=Backend+Developer+Santiago,+Chile&udm=8&sei=8QWeaYiHPMbY1sQP49eF8A4&jbr=sep:0#vhid=vt%3D20/docid%3DAjBs9I0YLv5805aNAAAAAA%3D%3D&vssid=jobs-detail-viewer"} | headers=HTTPHeaderDict({'Content-Length': '196', 'Content-Type': 'application/json; charset=utf-8', 'cache-control': 'no-cache'})
2026-02-24 17:11:37,903 | DEBUG | Finished Request
2026-02-24 17:11:38,304 | DEBUG | GET http://localhost:63813/session/3846e399f5e5d67753d48b9da4379c41/url {}
2026-02-24 17:11:38,311 | DEBUG | http://localhost:63813 "GET /session/3846e399f5e5d67753d48b9da4379c41/url HTTP/1.1" 200 0
2026-02-24 17:11:38,311 | DEBUG | Remote response: status=200 | data={"value":"https://www.google.com/search?q=Backend+Developer+Santiago,+Chile&udm=8&sei=8QWeaYiHPMbY1sQP49eF8A4&jbr=sep:0#vhid=vt%3D20/docid%3DAjBs9I0YLv5805aNAAAAAA%3D%3D&vssid=jobs-detail-viewer"} | headers=HTTPHeaderDict({'Content-Length': '196', 'Content-Type': 'application/json; charset=utf-8', 'cache-control': 'no-cache'})
2026-02-24 17:11:38,311 | DEBUG | Finished Request
2026-02-24 17:11:38,713 | DEBUG | GET http://localhost:63813/session/3846e399f5e5d67753d48b9da4379c41/url {}
2026-02-24 17:11:38,719 | DEBUG | http://localhost:63813 "GET /session/3846e399f5e5d67753d48b9da4379c41/url HTTP/1.1" 200 0
2026-02-24 17:11:38,720 | DEBUG | Remote response: status=200 | data={"value":"https://www.google.com/search?q=Backend+Developer+Santiago,+Chile&udm=8&sei=8QWeaYiHPMbY1sQP49eF8A4&jbr=sep:0#vhid=vt%3D20/docid%3DAjBs9I0YLv5805aNAAAAAA%3D%3D&vssid=jobs-detail-viewer"} | headers=HTTPHeaderDict({'Content-Length': '196', 'Content-Type': 'application/json; charset=utf-8', 'cache-control': 'no-cache'})
2026-02-24 17:11:38,720 | DEBUG | Finished Request
2026-02-24 17:11:39,121 | DEBUG | GET http://localhost:63813/session/3846e399f5e5d67753d48b9da4379c41/url {}
2026-02-24 17:11:39,126 | DEBUG | http://localhost:63813 "GET /session/3846e399f5e5d67753d48b9da4379c41/url HTTP/1.1" 200 0
2026-02-24 17:11:39,127 | DEBUG | Remote response: status=200 | data={"value":"https://www.google.com/search?q=Backend+Developer+Santiago,+Chile&udm=8&sei=8QWeaYiHPMbY1sQP49eF8A4&jbr=sep:0#vhid=vt%3D20/docid%3DAjBs9I0YLv5805aNAAAAAA%3D%3D&vssid=jobs-detail-viewer"} | headers=HTTPHeaderDict({'Content-Length': '196', 'Content-Type': 'application/json; charset=utf-8', 'cache-control': 'no-cache'})
2026-02-24 17:11:39,127 | DEBUG | Finished Request
2026-02-24 17:11:39,528 | DEBUG | GET http://localhost:63813/session/3846e399f5e5d67753d48b9da4379c41/url {}
2026-02-24 17:11:39,534 | DEBUG | http://localhost:63813 "GET /session/3846e399f5e5d67753d48b9da4379c41/url HTTP/1.1" 200 0
2026-02-24 17:11:39,534 | DEBUG | Remote response: status=200 | data={"value":"https://www.google.com/search?q=Backend+Developer+Santiago,+Chile&udm=8&sei=8QWeaYiHPMbY1sQP49eF8A4&jbr=sep:0#vhid=vt%3D20/docid%3DAjBs9I0YLv5805aNAAAAAA%3D%3D&vssid=jobs-detail-viewer"} | headers=HTTPHeaderDict({'Content-Length': '196', 'Content-Type': 'application/json; charset=utf-8', 'cache-control': 'no-cache'})
2026-02-24 17:11:39,534 | DEBUG | Finished Request
2026-02-24 17:11:39,935 | DEBUG | GET http://localhost:63813/session/3846e399f5e5d67753d48b9da4379c41/url {}
2026-02-24 17:11:39,940 | DEBUG | http://localhost:63813 "GET /session/3846e399f5e5d67753d48b9da4379c41/url HTTP/1.1" 200 0
2026-02-24 17:11:39,941 | DEBUG | Remote response: status=200 | data={"value":"https://www.google.com/search?q=Backend+Developer+Santiago,+Chile&udm=8&sei=8QWeaYiHPMbY1sQP49eF8A4&jbr=sep:0#vhid=vt%3D20/docid%3DAjBs9I0YLv5805aNAAAAAA%3D%3D&vssid=jobs-detail-viewer"} | headers=HTTPHeaderDict({'Content-Length': '196', 'Content-Type': 'application/json; charset=utf-8', 'cache-control': 'no-cache'})
2026-02-24 17:11:39,941 | DEBUG | Finished Request
2026-02-24 17:11:40,341 | DEBUG | GET http://localhost:63813/session/3846e399f5e5d67753d48b9da4379c41/url {}
2026-02-24 17:11:40,347 | DEBUG | http://localhost:63813 "GET /session/3846e399f5e5d67753d48b9da4379c41/url HTTP/1.1" 200 0
2026-02-24 17:11:40,347 | DEBUG | Remote response: status=200 | data={"value":"https://www.google.com/search?q=Backend+Developer+Santiago,+Chile&udm=8&sei=8QWeaYiHPMbY1sQP49eF8A4&jbr=sep:0#vhid=vt%3D20/docid%3DAjBs9I0YLv5805aNAAAAAA%3D%3D&vssid=jobs-detail-viewer"} | headers=HTTPHeaderDict({'Content-Length': '196', 'Content-Type': 'application/json; charset=utf-8', 'cache-control': 'no-cache'})
2026-02-24 17:11:40,347 | DEBUG | Finished Request
2026-02-24 17:11:40,749 | DEBUG | GET http://localhost:63813/session/3846e399f5e5d67753d48b9da4379c41/url {}
2026-02-24 17:11:40,754 | DEBUG | http://localhost:63813 "GET /session/3846e399f5e5d67753d48b9da4379c41/url HTTP/1.1" 200 0
2026-02-24 17:11:40,755 | DEBUG | Remote response: status=200 | data={"value":"https://www.google.com/search?q=Backend+Developer+Santiago,+Chile&udm=8&sei=8QWeaYiHPMbY1sQP49eF8A4&jbr=sep:0#vhid=vt%3D20/docid%3DAjBs9I0YLv5805aNAAAAAA%3D%3D&vssid=jobs-detail-viewer"} | headers=HTTPHeaderDict({'Content-Length': '196', 'Content-Type': 'application/json; charset=utf-8', 'cache-control': 'no-cache'})
2026-02-24 17:11:40,755 | DEBUG | Finished Request
2026-02-24 17:11:41,156 | DEBUG | GET http://localhost:63813/session/3846e399f5e5d67753d48b9da4379c41/url {}
2026-02-24 17:11:41,162 | DEBUG | http://localhost:63813 "GET /session/3846e399f5e5d67753d48b9da4379c41/url HTTP/1.1" 200 0
2026-02-24 17:11:41,162 | DEBUG | Remote response: status=200 | data={"value":"https://www.google.com/search?q=Backend+Developer+Santiago,+Chile&udm=8&sei=8QWeaYiHPMbY1sQP49eF8A4&jbr=sep:0#vhid=vt%3D20/docid%3DAjBs9I0YLv5805aNAAAAAA%3D%3D&vssid=jobs-detail-viewer"} | headers=HTTPHeaderDict({'Content-Length': '196', 'Content-Type': 'application/json; charset=utf-8', 'cache-control': 'no-cache'})
2026-02-24 17:11:41,163 | DEBUG | Finished Request
2026-02-24 17:11:41,563 | DEBUG | GET http://localhost:63813/session/3846e399f5e5d67753d48b9da4379c41/url {}
2026-02-24 17:11:41,570 | DEBUG | http://localhost:63813 "GET /session/3846e399f5e5d67753d48b9da4379c41/url HTTP/1.1" 200 0
2026-02-24 17:11:41,570 | DEBUG | Remote response: status=200 | data={"value":"https://www.google.com/search?q=Backend+Developer+Santiago,+Chile&udm=8&sei=8QWeaYiHPMbY1sQP49eF8A4&jbr=sep:0#vhid=vt%3D20/docid%3DAjBs9I0YLv5805aNAAAAAA%3D%3D&vssid=jobs-detail-viewer"} | headers=HTTPHeaderDict({'Content-Length': '196', 'Content-Type': 'application/json; charset=utf-8', 'cache-control': 'no-cache'})
2026-02-24 17:11:41,571 | DEBUG | Finished Request
2026-02-24 17:11:41,971 | DEBUG | GET http://localhost:63813/session/3846e399f5e5d67753d48b9da4379c41/url {}
2026-02-24 17:11:41,978 | DEBUG | http://localhost:63813 "GET /session/3846e399f5e5d67753d48b9da4379c41/url HTTP/1.1" 200 0
2026-02-24 17:11:41,979 | DEBUG | Remote response: status=200 | data={"value":"https://www.google.com/search?q=Backend+Developer+Santiago,+Chile&udm=8&sei=8QWeaYiHPMbY1sQP49eF8A4&jbr=sep:0#vhid=vt%3D20/docid%3DAjBs9I0YLv5805aNAAAAAA%3D%3D&vssid=jobs-detail-viewer"} | headers=HTTPHeaderDict({'Content-Length': '196', 'Content-Type': 'application/json; charset=utf-8', 'cache-control': 'no-cache'})
2026-02-24 17:11:41,979 | DEBUG | Finished Request
2026-02-24 17:11:42,380 | DEBUG | GET http://localhost:63813/session/3846e399f5e5d67753d48b9da4379c41/url {}
2026-02-24 17:11:42,386 | DEBUG | http://localhost:63813 "GET /session/3846e399f5e5d67753d48b9da4379c41/url HTTP/1.1" 200 0
2026-02-24 17:11:42,386 | DEBUG | Remote response: status=200 | data={"value":"https://www.google.com/search?q=Backend+Developer+Santiago,+Chile&udm=8&sei=8QWeaYiHPMbY1sQP49eF8A4&jbr=sep:0#vhid=vt%3D20/docid%3DAjBs9I0YLv5805aNAAAAAA%3D%3D&vssid=jobs-detail-viewer"} | headers=HTTPHeaderDict({'Content-Length': '196', 'Content-Type': 'application/json; charset=utf-8', 'cache-control': 'no-cache'})
2026-02-24 17:11:42,386 | DEBUG | Finished Request
2026-02-24 17:11:42,788 | DEBUG | GET http://localhost:63813/session/3846e399f5e5d67753d48b9da4379c41/url {}
2026-02-24 17:11:42,794 | DEBUG | http://localhost:63813 "GET /session/3846e399f5e5d67753d48b9da4379c41/url HTTP/1.1" 200 0
2026-02-24 17:11:42,794 | DEBUG | Remote response: status=200 | data={"value":"https://www.google.com/search?q=Backend+Developer+Santiago,+Chile&udm=8&sei=8QWeaYiHPMbY1sQP49eF8A4&jbr=sep:0#vhid=vt%3D20/docid%3DAjBs9I0YLv5805aNAAAAAA%3D%3D&vssid=jobs-detail-viewer"} | headers=HTTPHeaderDict({'Content-Length': '196', 'Content-Type': 'application/json; charset=utf-8', 'cache-control': 'no-cache'})
2026-02-24 17:11:42,794 | DEBUG | Finished Request
2026-02-24 17:11:43,195 | DEBUG | GET http://localhost:63813/session/3846e399f5e5d67753d48b9da4379c41/url {}
2026-02-24 17:11:43,201 | DEBUG | http://localhost:63813 "GET /session/3846e399f5e5d67753d48b9da4379c41/url HTTP/1.1" 200 0
2026-02-24 17:11:43,202 | DEBUG | Remote response: status=200 | data={"value":"https://www.google.com/search?q=Backend+Developer+Santiago,+Chile&udm=8&sei=8QWeaYiHPMbY1sQP49eF8A4&jbr=sep:0#vhid=vt%3D20/docid%3DAjBs9I0YLv5805aNAAAAAA%3D%3D&vssid=jobs-detail-viewer"} | headers=HTTPHeaderDict({'Content-Length': '196', 'Content-Type': 'application/json; charset=utf-8', 'cache-control': 'no-cache'})
2026-02-24 17:11:43,202 | DEBUG | Finished Request
2026-02-24 17:11:43,202 | DEBUG | GET http://localhost:63813/session/3846e399f5e5d67753d48b9da4379c41/url {}
2026-02-24 17:11:43,209 | DEBUG | http://localhost:63813 "GET /session/3846e399f5e5d67753d48b9da4379c41/url HTTP/1.1" 200 0
2026-02-24 17:11:43,209 | DEBUG | Remote response: status=200 | data={"value":"https://www.google.com/search?q=Backend+Developer+Santiago,+Chile&udm=8&sei=8QWeaYiHPMbY1sQP49eF8A4&jbr=sep:0#vhid=vt%3D20/docid%3DAjBs9I0YLv5805aNAAAAAA%3D%3D&vssid=jobs-detail-viewer"} | headers=HTTPHeaderDict({'Content-Length': '196', 'Content-Type': 'application/json; charset=utf-8', 'cache-control': 'no-cache'})
2026-02-24 17:11:43,210 | DEBUG | Finished Request
2026-02-24 17:11:44,412 | DEBUG | POST http://localhost:63813/session/3846e399f5e5d67753d48b9da4379c41/frame {'id': None}
2026-02-24 17:11:44,415 | DEBUG | http://localhost:63813 "POST /session/3846e399f5e5d67753d48b9da4379c41/frame HTTP/1.1" 200 0
2026-02-24 17:11:44,416 | DEBUG | Remote response: status=200 | data={"value":null} | headers=HTTPHeaderDict({'Content-Length': '14', 'Content-Type': 'application/json; charset=utf-8', 'cache-control': 'no-cache'})
2026-02-24 17:11:44,416 | DEBUG | Finished Request
2026-02-24 17:11:44,416 | DEBUG | POST http://localhost:63813/session/3846e399f5e5d67753d48b9da4379c41/execute/sync {'script': '\n        // Estrategia A: role=button dentro del wrapper jsname=G7vtgf\n        const wrapper = docum...', 'args': []}
2026-02-24 17:11:44,424 | DEBUG | http://localhost:63813 "POST /session/3846e399f5e5d67753d48b9da4379c41/execute/sync HTTP/1.1" 200 0
2026-02-24 17:11:44,425 | DEBUG | Remote response: status=200 | data={"value":"FOUND_INNER"} | headers=HTTPHeaderDict({'Content-Length': '23', 'Content-Type': 'application/json; charset=utf-8', 'cache-control': 'no-cache'})
2026-02-24 17:11:44,425 | DEBUG | Finished Request
2026-02-24 17:11:44,426 | DEBUG | POST http://localhost:63813/session/3846e399f5e5d67753d48b9da4379c41/execute/sync {'script': '\n        let targets = [];\n\n        // Nivel 1: role=button dentro de jsname=G7vtgf\n        const wr...', 'args': []}
2026-02-24 17:11:44,459 | DEBUG | http://localhost:63813 "POST /session/3846e399f5e5d67753d48b9da4379c41/execute/sync HTTP/1.1" 200 0
2026-02-24 17:11:44,459 | DEBUG | Remote response: status=200 | data={"value":"OK:inner-role-button|OK:jsname-wrapper|OK:text-match"} | headers=HTTPHeaderDict({'Content-Length': '64', 'Content-Type': 'application/json; charset=utf-8', 'cache-control': 'no-cache'})
2026-02-24 17:11:44,460 | DEBUG | Finished Request
2026-02-24 17:11:44,460 | DEBUG | POST http://localhost:63813/session/3846e399f5e5d67753d48b9da4379c41/elements {'using': 'css selector', 'value': '[jsname="G7vtgf"] [role="button"]'}
2026-02-24 17:11:44,476 | DEBUG | http://localhost:63813 "POST /session/3846e399f5e5d67753d48b9da4379c41/elements HTTP/1.1" 200 0
2026-02-24 17:11:44,476 | DEBUG | Remote response: status=200 | data={"value":[{"element-6066-11e4-a52e-4f735466cecf":"f.9D7056838F56FB6F4302E6FEE37954B1.d.6FBE47F06D5AB3B7A7DFD04D78CE1396.e.46"},{"element-6066-11e4-a52e-4f735466cecf":"f.9D7056838F56FB6F4302E6FEE37954B1.d.6FBE47F06D5AB3B7A7DFD04D78CE1396.e.47"}]} | headers=HTTPHeaderDict({'Content-Length': '245', 'Content-Type': 'application/json; charset=utf-8', 'cache-control': 'no-cache'})
2026-02-24 17:11:44,477 | DEBUG | Finished Request
2026-02-24 17:11:44,477 | DEBUG | GET http://localhost:63813/session/3846e399f5e5d67753d48b9da4379c41/element/f.9D7056838F56FB6F4302E6FEE37954B1.d.6FBE47F06D5AB3B7A7DFD04D78CE1396.e.46/text {}
2026-02-24 17:11:44,494 | DEBUG | http://localhost:63813 "GET /session/3846e399f5e5d67753d48b9da4379c41/element/f.9D7056838F56FB6F4302E6FEE37954B1.d.6FBE47F06D5AB3B7A7DFD04D78CE1396.e.46/text HTTP/1.1" 200 0
2026-02-24 17:11:44,494 | DEBUG | Remote response: status=200 | data={"value":""} | headers=HTTPHeaderDict({'Content-Length': '12', 'Content-Type': 'application/json; charset=utf-8', 'cache-control': 'no-cache'})
2026-02-24 17:11:44,495 | DEBUG | Finished Request
2026-02-24 17:11:44,495 | DEBUG | POST http://localhost:63813/session/3846e399f5e5d67753d48b9da4379c41/execute/sync {'script': 'arguments[0].click();', 'args': [{'element-6066-11e4-a52e-4f735466cecf': 'f.9D7056838F56FB6F4302E6FEE37954B1.d.6FBE47F06D5AB3B7A7DFD04D78CE1396.e.46'}]}
2026-02-24 17:11:44,508 | DEBUG | http://localhost:63813 "POST /session/3846e399f5e5d67753d48b9da4379c41/execute/sync HTTP/1.1" 200 0
2026-02-24 17:11:44,508 | DEBUG | Remote response: status=200 | data={"value":null} | headers=HTTPHeaderDict({'Content-Length': '14', 'Content-Type': 'application/json; charset=utf-8', 'cache-control': 'no-cache'})
2026-02-24 17:11:44,509 | DEBUG | Finished Request
2026-02-24 17:11:47,010 | DEBUG | POST http://localhost:63813/session/3846e399f5e5d67753d48b9da4379c41/frame {'id': None}
2026-02-24 17:11:47,013 | DEBUG | http://localhost:63813 "POST /session/3846e399f5e5d67753d48b9da4379c41/frame HTTP/1.1" 200 0
2026-02-24 17:11:47,013 | DEBUG | Remote response: status=200 | data={"value":null} | headers=HTTPHeaderDict({'Content-Length': '14', 'Content-Type': 'application/json; charset=utf-8', 'cache-control': 'no-cache'})
2026-02-24 17:11:47,014 | DEBUG | Finished Request
2026-02-24 17:11:49,515 | DEBUG | POST http://localhost:63813/session/3846e399f5e5d67753d48b9da4379c41/frame {'id': None}
2026-02-24 17:11:49,518 | DEBUG | http://localhost:63813 "POST /session/3846e399f5e5d67753d48b9da4379c41/frame HTTP/1.1" 200 0
2026-02-24 17:11:49,518 | DEBUG | Remote response: status=200 | data={"value":null} | headers=HTTPHeaderDict({'Content-Length': '14', 'Content-Type': 'application/json; charset=utf-8', 'cache-control': 'no-cache'})
2026-02-24 17:11:49,519 | DEBUG | Finished Request
2026-02-24 17:11:49,519 | DEBUG | POST http://localhost:63813/session/3846e399f5e5d67753d48b9da4379c41/execute/sync {'script': "\n        const KEYWORDS_DESC = ['responsabilidades','requisitos','experiencia','conocimientos',\n    ...", 'args': []}
2026-02-24 17:11:49,529 | DEBUG | http://localhost:63813 "POST /session/3846e399f5e5d67753d48b9da4379c41/execute/sync HTTP/1.1" 200 0
2026-02-24 17:11:49,529 | DEBUG | Remote response: status=200 | data={"value":"{\"ok\":true,\"fuente\":\"#Sva75c\",\"score\":789,\"texto\":\"Accenture\\nNode.js Developer backend expert\\nAccenture • Santiago • por medio de Accenture\\nhace 6 días\\nTiempo completo\\nPostularse en Accenture\\nPostularse en Indeed Chile\\nPostularse en Jobrapido.com\\nAplicar en Trabajo.org\\nPostularse en Recruit.net\\nPostularse en Kit Empleo\\nDescripción del trabajo\\nTRABAJA CON UN PROPÓSITO\\n\\nSúmate a nuestra área de Accenture Technology y sé parte del cambio 🚀\\n\\nTe invitamos a abrir las puertas del mundo digital, donde podrás desarrollar tu talento para crecer, aprender y certificarte en las tecnologías más avanzadas, participar en proyectos desafiantes y generar impacto real en nuestros clientes y la comunidad.\\n\\nDescubre el compromiso y la energía que dedicamos a transformar la forma de trabajar, con una mirada puesta en la innovación continua y el futuro digital.\\n\\nActualmente nos encontramos en la búsqueda de un/a Especialista Backend Node.js, con ganas de enfrentar nuevos desafíos y seguir creciendo profesionalmente.\\nDenunciar esta publicación de empleo\\nAccenture\\nIndeed Chile\\n3.9/5\\n28.4 k opiniones\\nGlassdoor\\n3.7/5\\n218.7 k opiniones\\nHigherin\\n4.2/5\\n227 opiniones\\naccenture.com\\nMás empleos en Accenture\\nVer los resultados de la Web para Accenture\"}"} | headers=HTTPHeaderDict({'Content-Length': '1357', 'Content-Type': 'application/json; charset=utf-8', 'cache-control': 'no-cache'})
2026-02-24 17:11:49,530 | DEBUG | Finished Request
2026-02-24 17:11:49,531 | DEBUG | POST http://localhost:63813/session/3846e399f5e5d67753d48b9da4379c41/frame {'id': None}
2026-02-24 17:11:49,534 | DEBUG | http://localhost:63813 "POST /session/3846e399f5e5d67753d48b9da4379c41/frame HTTP/1.1" 200 0
2026-02-24 17:11:49,534 | DEBUG | Remote response: status=200 | data={"value":null} | headers=HTTPHeaderDict({'Content-Length': '14', 'Content-Type': 'application/json; charset=utf-8', 'cache-control': 'no-cache'})
2026-02-24 17:11:49,535 | DEBUG | Finished Request
2026-02-24 17:11:49,535 | DEBUG | GET http://localhost:63813/session/3846e399f5e5d67753d48b9da4379c41/url {}
2026-02-24 17:11:49,541 | DEBUG | http://localhost:63813 "GET /session/3846e399f5e5d67753d48b9da4379c41/url HTTP/1.1" 200 0
2026-02-24 17:11:49,542 | DEBUG | Remote response: status=200 | data={"value":"https://www.google.com/search?q=Backend+Developer+Santiago,+Chile&udm=8&sei=8QWeaYiHPMbY1sQP49eF8A4&jbr=sep:0#vhid=vt%3D20/docid%3DAjBs9I0YLv5805aNAAAAAA%3D%3D&vssid=jobs-detail-viewer"} | headers=HTTPHeaderDict({'Content-Length': '196', 'Content-Type': 'application/json; charset=utf-8', 'cache-control': 'no-cache'})
2026-02-24 17:11:49,542 | DEBUG | Finished Request
2026-02-24 17:11:49,542 | DEBUG | POST http://localhost:63813/session/3846e399f5e5d67753d48b9da4379c41/frame {'id': None}
2026-02-24 17:11:49,545 | DEBUG | http://localhost:63813 "POST /session/3846e399f5e5d67753d48b9da4379c41/frame HTTP/1.1" 200 0
2026-02-24 17:11:49,546 | DEBUG | Remote response: status=200 | data={"value":null} | headers=HTTPHeaderDict({'Content-Length': '14', 'Content-Type': 'application/json; charset=utf-8', 'cache-control': 'no-cache'})
2026-02-24 17:11:49,546 | DEBUG | Finished Request
2026-02-24 17:11:49,547 | DEBUG | GET http://localhost:63813/session/3846e399f5e5d67753d48b9da4379c41/url {}
2026-02-24 17:11:49,554 | DEBUG | http://localhost:63813 "GET /session/3846e399f5e5d67753d48b9da4379c41/url HTTP/1.1" 200 0
2026-02-24 17:11:49,555 | DEBUG | Remote response: status=200 | data={"value":"https://www.google.com/search?q=Backend+Developer+Santiago,+Chile&udm=8&sei=8QWeaYiHPMbY1sQP49eF8A4&jbr=sep:0#vhid=vt%3D20/docid%3DAjBs9I0YLv5805aNAAAAAA%3D%3D&vssid=jobs-detail-viewer"} | headers=HTTPHeaderDict({'Content-Length': '196', 'Content-Type': 'application/json; charset=utf-8', 'cache-control': 'no-cache'})
2026-02-24 17:11:49,555 | DEBUG | Finished Request
2026-02-24 17:11:50,358 | DEBUG | POST http://localhost:63813/session/3846e399f5e5d67753d48b9da4379c41/frame {'id': None}
2026-02-24 17:11:50,361 | DEBUG | http://localhost:63813 "POST /session/3846e399f5e5d67753d48b9da4379c41/frame HTTP/1.1" 200 0
2026-02-24 17:11:50,362 | DEBUG | Remote response: status=200 | data={"value":null} | headers=HTTPHeaderDict({'Content-Length': '14', 'Content-Type': 'application/json; charset=utf-8', 'cache-control': 'no-cache'})
2026-02-24 17:11:50,362 | DEBUG | Finished Request
2026-02-24 17:11:50,362 | DEBUG | POST http://localhost:63813/session/3846e399f5e5d67753d48b9da4379c41/elements {'using': 'css selector', 'value': 'div.EimVGf'}
2026-02-24 17:11:50,376 | DEBUG | http://localhost:63813 "POST /session/3846e399f5e5d67753d48b9da4379c41/elements HTTP/1.1" 200 0
2026-02-24 17:11:50,376 | DEBUG | Remote response: status=200 | data={"value":[{"element-6066-11e4-a52e-4f735466cecf":"f.9D7056838F56FB6F4302E6FEE37954B1.d.6FBE47F06D5AB3B7A7DFD04D78CE1396.e.25"},{"element-6066-11e4-a52e-4f735466cecf":"f.9D7056838F56FB6F4302E6FEE37954B1.d.6FBE47F06D5AB3B7A7DFD04D78CE1396.e.26"},{"element-6066-11e4-a52e-4f735466cecf":"f.9D7056838F56FB6F4302E6FEE37954B1.d.6FBE47F06D5AB3B7A7DFD04D78CE1396.e.27"},{"element-6066-11e4-a52e-4f735466cecf":"f.9D7056838F56FB6F4302E6FEE37954B1.d.6FBE47F06D5AB3B7A7DFD04D78CE1396.e.28"},{"element-6066-11e4-a52e-4f735466cecf":"f.9D7056838F56FB6F4302E6FEE37954B1.d.6FBE47F06D5AB3B7A7DFD04D78CE1396.e.29"},{"element-6066-11e4-a52e-4f735466cecf":"f.9D7056838F56FB6F4302E6FEE37954B1.d.6FBE47F06D5AB3B7A7DFD04D78CE1396.e.30"},{"element-6066-11e4-a52e-4f735466cecf":"f.9D7056838F56FB6F4302E6FEE37954B1.d.6FBE47F06D5AB3B7A7DFD04D78CE1396.e.31"},{"element-6066-11e4-a52e-4f735466cecf":"f.9D7056838F56FB6F4302E6FEE37954B1.d.6FBE47F06D5AB3B7A7DFD04D78CE1396.e.32"},{"element-6066-11e4-a52e-4f735466cecf":"f.9D7056838F56FB6F4302E6FEE37954B1.d.6FBE47F06D5AB3B7A7DFD04D78CE1396.e.33"},{"element-6066-11e4-a52e-4f735466cecf":"f.9D7056838F56FB6F4302E6FEE37954B1.d.6FBE47F06D5AB3B7A7DFD04D78CE1396.e.34"}]} | headers=HTTPHeaderDict({'Content-Length': '1181', 'Content-Type': 'application/json; charset=utf-8', 'cache-control': 'no-cache'})
2026-02-24 17:11:50,377 | DEBUG | Finished Request
2026-02-24 17:11:50,377 | DEBUG | POST http://localhost:63813/session/3846e399f5e5d67753d48b9da4379c41/execute/sync {'script': 'return arguments[0].innerText;', 'args': [{'element-6066-11e4-a52e-4f735466cecf': 'f.9D7056838F56FB6F4302E6FEE37954B1.d.6FBE47F06D5AB3B7A7DFD04D78CE1396.e.26'}]}
2026-02-24 17:11:50,387 | DEBUG | http://localhost:63813 "POST /session/3846e399f5e5d67753d48b9da4379c41/execute/sync HTTP/1.1" 200 0
2026-02-24 17:11:50,387 | DEBUG | Remote response: status=200 | data={"value":"G\nDesarrollador Backend / Web (Spring Boot)\nGRAN AMERICAS SANTIAGO CHILE S.A.\nPudahuel • a través de Computrabajo\nhace 20 horas\nCLP 1.4 M por mes\nTiempo completo"} | headers=HTTPHeaderDict({'Content-Length': '184', 'Content-Type': 'application/json; charset=utf-8', 'cache-control': 'no-cache'})
2026-02-24 17:11:50,388 | DEBUG | Finished Request
2026-02-24 17:11:50,388 | DEBUG | POST http://localhost:63813/session/3846e399f5e5d67753d48b9da4379c41/execute/sync {'script': "arguments[0].scrollIntoView({block:'center'});", 'args': [{'element-6066-11e4-a52e-4f735466cecf': 'f.9D7056838F56FB6F4302E6FEE37954B1.d.6FBE47F06D5AB3B7A7DFD04D78CE1396.e.26'}]}
2026-02-24 17:11:50,399 | DEBUG | http://localhost:63813 "POST /session/3846e399f5e5d67753d48b9da4379c41/execute/sync HTTP/1.1" 200 0
2026-02-24 17:11:50,400 | DEBUG | Remote response: status=200 | data={"value":null} | headers=HTTPHeaderDict({'Content-Length': '14', 'Content-Type': 'application/json; charset=utf-8', 'cache-control': 'no-cache'})
2026-02-24 17:11:50,400 | DEBUG | Finished Request
2026-02-24 17:11:50,701 | DEBUG | POST http://localhost:63813/session/3846e399f5e5d67753d48b9da4379c41/execute/sync {'script': '\n        const bloque = arguments[0];\n        // Buscar hijo con jsaction (el elemento que recibe el...', 'args': [{'element-6066-11e4-a52e-4f735466cecf': 'f.9D7056838F56FB6F4302E6FEE37954B1.d.6FBE47F06D5AB3B7A7DFD04D78CE1396.e.26'}]}
2026-02-24 17:11:50,792 | DEBUG | http://localhost:63813 "POST /session/3846e399f5e5d67753d48b9da4379c41/execute/sync HTTP/1.1" 200 0
2026-02-24 17:11:50,792 | DEBUG | Remote response: status=200 | data={"value":"OK:jsaction:rcuQ6b:npT2md;h5M12e;jGQF0b:kNqZ1c;"} | headers=HTTPHeaderDict({'Content-Length': '59', 'Content-Type': 'application/json; charset=utf-8', 'cache-control': 'no-cache'})
2026-02-24 17:11:50,793 | DEBUG | Finished Request
2026-02-24 17:11:50,794 | DEBUG | GET http://localhost:63813/session/3846e399f5e5d67753d48b9da4379c41/url {}
2026-02-24 17:11:50,924 | DEBUG | http://localhost:63813 "GET /session/3846e399f5e5d67753d48b9da4379c41/url HTTP/1.1" 200 0
2026-02-24 17:11:50,925 | DEBUG | Remote response: status=200 | data={"value":"https://www.google.com/search?q=Backend+Developer+Santiago,+Chile&udm=8&sei=8QWeaYiHPMbY1sQP49eF8A4&jbr=sep:0#vhid=vt%3D20/docid%3D7AY0z8XCOrrs0knDAAAAAA%3D%3D&vssid=jobs-detail-viewer"} | headers=HTTPHeaderDict({'Content-Length': '196', 'Content-Type': 'application/json; charset=utf-8', 'cache-control': 'no-cache'})
2026-02-24 17:11:50,925 | DEBUG | Finished Request
2026-02-24 17:11:51,326 | DEBUG | GET http://localhost:63813/session/3846e399f5e5d67753d48b9da4379c41/url {}
2026-02-24 17:11:51,333 | DEBUG | http://localhost:63813 "GET /session/3846e399f5e5d67753d48b9da4379c41/url HTTP/1.1" 200 0
2026-02-24 17:11:51,333 | DEBUG | Remote response: status=200 | data={"value":"https://www.google.com/search?q=Backend+Developer+Santiago,+Chile&udm=8&sei=8QWeaYiHPMbY1sQP49eF8A4&jbr=sep:0#vhid=vt%3D20/docid%3D7AY0z8XCOrrs0knDAAAAAA%3D%3D&vssid=jobs-detail-viewer"} | headers=HTTPHeaderDict({'Content-Length': '196', 'Content-Type': 'application/json; charset=utf-8', 'cache-control': 'no-cache'})
2026-02-24 17:11:51,334 | DEBUG | Finished Request
2026-02-24 17:11:51,734 | DEBUG | GET http://localhost:63813/session/3846e399f5e5d67753d48b9da4379c41/url {}
2026-02-24 17:11:51,742 | DEBUG | http://localhost:63813 "GET /session/3846e399f5e5d67753d48b9da4379c41/url HTTP/1.1" 200 0
2026-02-24 17:11:51,742 | DEBUG | Remote response: status=200 | data={"value":"https://www.google.com/search?q=Backend+Developer+Santiago,+Chile&udm=8&sei=8QWeaYiHPMbY1sQP49eF8A4&jbr=sep:0#vhid=vt%3D20/docid%3D7AY0z8XCOrrs0knDAAAAAA%3D%3D&vssid=jobs-detail-viewer"} | headers=HTTPHeaderDict({'Content-Length': '196', 'Content-Type': 'application/json; charset=utf-8', 'cache-control': 'no-cache'})
2026-02-24 17:11:51,743 | DEBUG | Finished Request
2026-02-24 17:11:52,143 | DEBUG | GET http://localhost:63813/session/3846e399f5e5d67753d48b9da4379c41/url {}
2026-02-24 17:11:52,150 | DEBUG | http://localhost:63813 "GET /session/3846e399f5e5d67753d48b9da4379c41/url HTTP/1.1" 200 0
2026-02-24 17:11:52,150 | DEBUG | Remote response: status=200 | data={"value":"https://www.google.com/search?q=Backend+Developer+Santiago,+Chile&udm=8&sei=8QWeaYiHPMbY1sQP49eF8A4&jbr=sep:0#vhid=vt%3D20/docid%3D7AY0z8XCOrrs0knDAAAAAA%3D%3D&vssid=jobs-detail-viewer"} | headers=HTTPHeaderDict({'Content-Length': '196', 'Content-Type': 'application/json; charset=utf-8', 'cache-control': 'no-cache'})
2026-02-24 17:11:52,150 | DEBUG | Finished Request
2026-02-24 17:11:52,551 | DEBUG | GET http://localhost:63813/session/3846e399f5e5d67753d48b9da4379c41/url {}
2026-02-24 17:11:52,558 | DEBUG | http://localhost:63813 "GET /session/3846e399f5e5d67753d48b9da4379c41/url HTTP/1.1" 200 0
2026-02-24 17:11:52,558 | DEBUG | Remote response: status=200 | data={"value":"https://www.google.com/search?q=Backend+Developer+Santiago,+Chile&udm=8&sei=8QWeaYiHPMbY1sQP49eF8A4&jbr=sep:0#vhid=vt%3D20/docid%3D7AY0z8XCOrrs0knDAAAAAA%3D%3D&vssid=jobs-detail-viewer"} | headers=HTTPHeaderDict({'Content-Length': '196', 'Content-Type': 'application/json; charset=utf-8', 'cache-control': 'no-cache'})
2026-02-24 17:11:52,558 | DEBUG | Finished Request
2026-02-24 17:11:52,959 | DEBUG | GET http://localhost:63813/session/3846e399f5e5d67753d48b9da4379c41/url {}
2026-02-24 17:11:52,965 | DEBUG | http://localhost:63813 "GET /session/3846e399f5e5d67753d48b9da4379c41/url HTTP/1.1" 200 0
2026-02-24 17:11:52,966 | DEBUG | Remote response: status=200 | data={"value":"https://www.google.com/search?q=Backend+Developer+Santiago,+Chile&udm=8&sei=8QWeaYiHPMbY1sQP49eF8A4&jbr=sep:0#vhid=vt%3D20/docid%3D7AY0z8XCOrrs0knDAAAAAA%3D%3D&vssid=jobs-detail-viewer"} | headers=HTTPHeaderDict({'Content-Length': '196', 'Content-Type': 'application/json; charset=utf-8', 'cache-control': 'no-cache'})
2026-02-24 17:11:52,966 | DEBUG | Finished Request
2026-02-24 17:11:53,367 | DEBUG | GET http://localhost:63813/session/3846e399f5e5d67753d48b9da4379c41/url {}
2026-02-24 17:11:53,379 | DEBUG | http://localhost:63813 "GET /session/3846e399f5e5d67753d48b9da4379c41/url HTTP/1.1" 200 0
2026-02-24 17:11:53,379 | DEBUG | Remote response: status=200 | data={"value":"https://www.google.com/search?q=Backend+Developer+Santiago,+Chile&udm=8&sei=8QWeaYiHPMbY1sQP49eF8A4&jbr=sep:0#vhid=vt%3D20/docid%3D7AY0z8XCOrrs0knDAAAAAA%3D%3D&vssid=jobs-detail-viewer"} | headers=HTTPHeaderDict({'Content-Length': '196', 'Content-Type': 'application/json; charset=utf-8', 'cache-control': 'no-cache'})
2026-02-24 17:11:53,380 | DEBUG | Finished Request
2026-02-24 17:11:53,780 | DEBUG | GET http://localhost:63813/session/3846e399f5e5d67753d48b9da4379c41/url {}
2026-02-24 17:11:53,802 | DEBUG | http://localhost:63813 "GET /session/3846e399f5e5d67753d48b9da4379c41/url HTTP/1.1" 200 0
2026-02-24 17:11:53,803 | DEBUG | Remote response: status=200 | data={"value":"https://www.google.com/search?q=Backend+Developer+Santiago,+Chile&udm=8&sei=8QWeaYiHPMbY1sQP49eF8A4&jbr=sep:0#vhid=vt%3D20/docid%3D7AY0z8XCOrrs0knDAAAAAA%3D%3D&vssid=jobs-detail-viewer"} | headers=HTTPHeaderDict({'Content-Length': '196', 'Content-Type': 'application/json; charset=utf-8', 'cache-control': 'no-cache'})
2026-02-24 17:11:53,803 | DEBUG | Finished Request
2026-02-24 17:11:54,204 | DEBUG | GET http://localhost:63813/session/3846e399f5e5d67753d48b9da4379c41/url {}
2026-02-24 17:11:54,215 | DEBUG | http://localhost:63813 "GET /session/3846e399f5e5d67753d48b9da4379c41/url HTTP/1.1" 200 0
2026-02-24 17:11:54,219 | DEBUG | Remote response: status=200 | data={"value":"https://www.google.com/search?q=Backend+Developer+Santiago,+Chile&udm=8&sei=8QWeaYiHPMbY1sQP49eF8A4&jbr=sep:0#vhid=vt%3D20/docid%3D7AY0z8XCOrrs0knDAAAAAA%3D%3D&vssid=jobs-detail-viewer"} | headers=HTTPHeaderDict({'Content-Length': '196', 'Content-Type': 'application/json; charset=utf-8', 'cache-control': 'no-cache'})
2026-02-24 17:11:54,220 | DEBUG | Finished Request
2026-02-24 17:11:54,621 | DEBUG | GET http://localhost:63813/session/3846e399f5e5d67753d48b9da4379c41/url {}
2026-02-24 17:11:54,650 | DEBUG | http://localhost:63813 "GET /session/3846e399f5e5d67753d48b9da4379c41/url HTTP/1.1" 200 0
2026-02-24 17:11:54,651 | DEBUG | Remote response: status=200 | data={"value":"https://www.google.com/search?q=Backend+Developer+Santiago,+Chile&udm=8&sei=8QWeaYiHPMbY1sQP49eF8A4&jbr=sep:0#vhid=vt%3D20/docid%3D7AY0z8XCOrrs0knDAAAAAA%3D%3D&vssid=jobs-detail-viewer"} | headers=HTTPHeaderDict({'Content-Length': '196', 'Content-Type': 'application/json; charset=utf-8', 'cache-control': 'no-cache'})
2026-02-24 17:11:54,655 | DEBUG | Finished Request
2026-02-24 17:11:55,057 | DEBUG | GET http://localhost:63813/session/3846e399f5e5d67753d48b9da4379c41/url {}
2026-02-24 17:11:55,066 | DEBUG | http://localhost:63813 "GET /session/3846e399f5e5d67753d48b9da4379c41/url HTTP/1.1" 200 0
2026-02-24 17:11:55,067 | DEBUG | Remote response: status=200 | data={"value":"https://www.google.com/search?q=Backend+Developer+Santiago,+Chile&udm=8&sei=8QWeaYiHPMbY1sQP49eF8A4&jbr=sep:0#vhid=vt%3D20/docid%3D7AY0z8XCOrrs0knDAAAAAA%3D%3D&vssid=jobs-detail-viewer"} | headers=HTTPHeaderDict({'Content-Length': '196', 'Content-Type': 'application/json; charset=utf-8', 'cache-control': 'no-cache'})
2026-02-24 17:11:55,067 | DEBUG | Finished Request
2026-02-24 17:11:55,468 | DEBUG | GET http://localhost:63813/session/3846e399f5e5d67753d48b9da4379c41/url {}
2026-02-24 17:11:55,487 | DEBUG | http://localhost:63813 "GET /session/3846e399f5e5d67753d48b9da4379c41/url HTTP/1.1" 200 0
2026-02-24 17:11:55,488 | DEBUG | Remote response: status=200 | data={"value":"https://www.google.com/search?q=Backend+Developer+Santiago,+Chile&udm=8&sei=8QWeaYiHPMbY1sQP49eF8A4&jbr=sep:0#vhid=vt%3D20/docid%3D7AY0z8XCOrrs0knDAAAAAA%3D%3D&vssid=jobs-detail-viewer"} | headers=HTTPHeaderDict({'Content-Length': '196', 'Content-Type': 'application/json; charset=utf-8', 'cache-control': 'no-cache'})
2026-02-24 17:11:55,488 | DEBUG | Finished Request
2026-02-24 17:11:55,889 | DEBUG | GET http://localhost:63813/session/3846e399f5e5d67753d48b9da4379c41/url {}
2026-02-24 17:11:55,899 | DEBUG | http://localhost:63813 "GET /session/3846e399f5e5d67753d48b9da4379c41/url HTTP/1.1" 200 0
2026-02-24 17:11:55,900 | DEBUG | Remote response: status=200 | data={"value":"https://www.google.com/search?q=Backend+Developer+Santiago,+Chile&udm=8&sei=8QWeaYiHPMbY1sQP49eF8A4&jbr=sep:0#vhid=vt%3D20/docid%3D7AY0z8XCOrrs0knDAAAAAA%3D%3D&vssid=jobs-detail-viewer"} | headers=HTTPHeaderDict({'Content-Length': '196', 'Content-Type': 'application/json; charset=utf-8', 'cache-control': 'no-cache'})
2026-02-24 17:11:55,901 | DEBUG | Finished Request
2026-02-24 17:11:56,301 | DEBUG | GET http://localhost:63813/session/3846e399f5e5d67753d48b9da4379c41/url {}
2026-02-24 17:11:56,314 | DEBUG | http://localhost:63813 "GET /session/3846e399f5e5d67753d48b9da4379c41/url HTTP/1.1" 200 0
2026-02-24 17:11:56,325 | DEBUG | Remote response: status=200 | data={"value":"https://www.google.com/search?q=Backend+Developer+Santiago,+Chile&udm=8&sei=8QWeaYiHPMbY1sQP49eF8A4&jbr=sep:0#vhid=vt%3D20/docid%3D7AY0z8XCOrrs0knDAAAAAA%3D%3D&vssid=jobs-detail-viewer"} | headers=HTTPHeaderDict({'Content-Length': '196', 'Content-Type': 'application/json; charset=utf-8', 'cache-control': 'no-cache'})
2026-02-24 17:11:56,332 | DEBUG | Finished Request
2026-02-24 17:11:56,745 | DEBUG | GET http://localhost:63813/session/3846e399f5e5d67753d48b9da4379c41/url {}
2026-02-24 17:11:56,753 | DEBUG | http://localhost:63813 "GET /session/3846e399f5e5d67753d48b9da4379c41/url HTTP/1.1" 200 0
2026-02-24 17:11:56,753 | DEBUG | Remote response: status=200 | data={"value":"https://www.google.com/search?q=Backend+Developer+Santiago,+Chile&udm=8&sei=8QWeaYiHPMbY1sQP49eF8A4&jbr=sep:0#vhid=vt%3D20/docid%3D7AY0z8XCOrrs0knDAAAAAA%3D%3D&vssid=jobs-detail-viewer"} | headers=HTTPHeaderDict({'Content-Length': '196', 'Content-Type': 'application/json; charset=utf-8', 'cache-control': 'no-cache'})
2026-02-24 17:11:56,755 | DEBUG | Finished Request
2026-02-24 17:11:57,156 | DEBUG | GET http://localhost:63813/session/3846e399f5e5d67753d48b9da4379c41/url {}
2026-02-24 17:11:57,205 | DEBUG | http://localhost:63813 "GET /session/3846e399f5e5d67753d48b9da4379c41/url HTTP/1.1" 200 0
2026-02-24 17:11:57,217 | DEBUG | Remote response: status=200 | data={"value":"https://www.google.com/search?q=Backend+Developer+Santiago,+Chile&udm=8&sei=8QWeaYiHPMbY1sQP49eF8A4&jbr=sep:0#vhid=vt%3D20/docid%3D7AY0z8XCOrrs0knDAAAAAA%3D%3D&vssid=jobs-detail-viewer"} | headers=HTTPHeaderDict({'Content-Length': '196', 'Content-Type': 'application/json; charset=utf-8', 'cache-control': 'no-cache'})
2026-02-24 17:11:57,224 | DEBUG | Finished Request
2026-02-24 17:11:57,632 | DEBUG | GET http://localhost:63813/session/3846e399f5e5d67753d48b9da4379c41/url {}
2026-02-24 17:11:57,640 | DEBUG | http://localhost:63813 "GET /session/3846e399f5e5d67753d48b9da4379c41/url HTTP/1.1" 200 0
2026-02-24 17:11:57,641 | DEBUG | Remote response: status=200 | data={"value":"https://www.google.com/search?q=Backend+Developer+Santiago,+Chile&udm=8&sei=8QWeaYiHPMbY1sQP49eF8A4&jbr=sep:0#vhid=vt%3D20/docid%3D7AY0z8XCOrrs0knDAAAAAA%3D%3D&vssid=jobs-detail-viewer"} | headers=HTTPHeaderDict({'Content-Length': '196', 'Content-Type': 'application/json; charset=utf-8', 'cache-control': 'no-cache'})
2026-02-24 17:11:57,642 | DEBUG | Finished Request
2026-02-24 17:11:58,042 | DEBUG | GET http://localhost:63813/session/3846e399f5e5d67753d48b9da4379c41/url {}
2026-02-24 17:11:58,050 | DEBUG | http://localhost:63813 "GET /session/3846e399f5e5d67753d48b9da4379c41/url HTTP/1.1" 200 0
2026-02-24 17:11:58,051 | DEBUG | Remote response: status=200 | data={"value":"https://www.google.com/search?q=Backend+Developer+Santiago,+Chile&udm=8&sei=8QWeaYiHPMbY1sQP49eF8A4&jbr=sep:0#vhid=vt%3D20/docid%3D7AY0z8XCOrrs0knDAAAAAA%3D%3D&vssid=jobs-detail-viewer"} | headers=HTTPHeaderDict({'Content-Length': '196', 'Content-Type': 'application/json; charset=utf-8', 'cache-control': 'no-cache'})
2026-02-24 17:11:58,051 | DEBUG | Finished Request
2026-02-24 17:11:58,452 | DEBUG | GET http://localhost:63813/session/3846e399f5e5d67753d48b9da4379c41/url {}
2026-02-24 17:11:58,459 | DEBUG | http://localhost:63813 "GET /session/3846e399f5e5d67753d48b9da4379c41/url HTTP/1.1" 200 0
2026-02-24 17:11:58,459 | DEBUG | Remote response: status=200 | data={"value":"https://www.google.com/search?q=Backend+Developer+Santiago,+Chile&udm=8&sei=8QWeaYiHPMbY1sQP49eF8A4&jbr=sep:0#vhid=vt%3D20/docid%3D7AY0z8XCOrrs0knDAAAAAA%3D%3D&vssid=jobs-detail-viewer"} | headers=HTTPHeaderDict({'Content-Length': '196', 'Content-Type': 'application/json; charset=utf-8', 'cache-control': 'no-cache'})
2026-02-24 17:11:58,459 | DEBUG | Finished Request
2026-02-24 17:11:58,861 | DEBUG | GET http://localhost:63813/session/3846e399f5e5d67753d48b9da4379c41/url {}
2026-02-24 17:11:58,868 | DEBUG | http://localhost:63813 "GET /session/3846e399f5e5d67753d48b9da4379c41/url HTTP/1.1" 200 0
2026-02-24 17:11:58,869 | DEBUG | Remote response: status=200 | data={"value":"https://www.google.com/search?q=Backend+Developer+Santiago,+Chile&udm=8&sei=8QWeaYiHPMbY1sQP49eF8A4&jbr=sep:0#vhid=vt%3D20/docid%3D7AY0z8XCOrrs0knDAAAAAA%3D%3D&vssid=jobs-detail-viewer"} | headers=HTTPHeaderDict({'Content-Length': '196', 'Content-Type': 'application/json; charset=utf-8', 'cache-control': 'no-cache'})
2026-02-24 17:11:58,869 | DEBUG | Finished Request
2026-02-24 17:11:59,274 | DEBUG | GET http://localhost:63813/session/3846e399f5e5d67753d48b9da4379c41/url {}
2026-02-24 17:11:59,308 | DEBUG | http://localhost:63813 "GET /session/3846e399f5e5d67753d48b9da4379c41/url HTTP/1.1" 200 0
2026-02-24 17:11:59,314 | DEBUG | Remote response: status=200 | data={"value":"https://www.google.com/search?q=Backend+Developer+Santiago,+Chile&udm=8&sei=8QWeaYiHPMbY1sQP49eF8A4&jbr=sep:0#vhid=vt%3D20/docid%3D7AY0z8XCOrrs0knDAAAAAA%3D%3D&vssid=jobs-detail-viewer"} | headers=HTTPHeaderDict({'Content-Length': '196', 'Content-Type': 'application/json; charset=utf-8', 'cache-control': 'no-cache'})
2026-02-24 17:11:59,315 | DEBUG | Finished Request
2026-02-24 17:11:59,316 | DEBUG | GET http://localhost:63813/session/3846e399f5e5d67753d48b9da4379c41/url {}
2026-02-24 17:11:59,333 | DEBUG | http://localhost:63813 "GET /session/3846e399f5e5d67753d48b9da4379c41/url HTTP/1.1" 200 0
2026-02-24 17:11:59,337 | DEBUG | Remote response: status=200 | data={"value":"https://www.google.com/search?q=Backend+Developer+Santiago,+Chile&udm=8&sei=8QWeaYiHPMbY1sQP49eF8A4&jbr=sep:0#vhid=vt%3D20/docid%3D7AY0z8XCOrrs0knDAAAAAA%3D%3D&vssid=jobs-detail-viewer"} | headers=HTTPHeaderDict({'Content-Length': '196', 'Content-Type': 'application/json; charset=utf-8', 'cache-control': 'no-cache'})
2026-02-24 17:11:59,340 | DEBUG | Finished Request
2026-02-24 17:12:00,543 | DEBUG | POST http://localhost:63813/session/3846e399f5e5d67753d48b9da4379c41/frame {'id': None}
2026-02-24 17:12:00,546 | DEBUG | http://localhost:63813 "POST /session/3846e399f5e5d67753d48b9da4379c41/frame HTTP/1.1" 200 0
2026-02-24 17:12:00,547 | DEBUG | Remote response: status=200 | data={"value":null} | headers=HTTPHeaderDict({'Content-Length': '14', 'Content-Type': 'application/json; charset=utf-8', 'cache-control': 'no-cache'})
2026-02-24 17:12:00,547 | DEBUG | Finished Request
2026-02-24 17:12:00,547 | DEBUG | POST http://localhost:63813/session/3846e399f5e5d67753d48b9da4379c41/execute/sync {'script': '\n        // Estrategia A: role=button dentro del wrapper jsname=G7vtgf\n        const wrapper = docum...', 'args': []}
2026-02-24 17:12:00,555 | DEBUG | http://localhost:63813 "POST /session/3846e399f5e5d67753d48b9da4379c41/execute/sync HTTP/1.1" 200 0
2026-02-24 17:12:00,555 | DEBUG | Remote response: status=200 | data={"value":"FOUND_INNER"} | headers=HTTPHeaderDict({'Content-Length': '23', 'Content-Type': 'application/json; charset=utf-8', 'cache-control': 'no-cache'})
2026-02-24 17:12:00,555 | DEBUG | Finished Request
2026-02-24 17:12:00,556 | DEBUG | POST http://localhost:63813/session/3846e399f5e5d67753d48b9da4379c41/execute/sync {'script': '\n        let targets = [];\n\n        // Nivel 1: role=button dentro de jsname=G7vtgf\n        const wr...', 'args': []}
2026-02-24 17:12:00,597 | DEBUG | http://localhost:63813 "POST /session/3846e399f5e5d67753d48b9da4379c41/execute/sync HTTP/1.1" 200 0
2026-02-24 17:12:00,598 | DEBUG | Remote response: status=200 | data={"value":"OK:inner-role-button|OK:jsname-wrapper|OK:text-match|OK:text-match"} | headers=HTTPHeaderDict({'Content-Length': '78', 'Content-Type': 'application/json; charset=utf-8', 'cache-control': 'no-cache'})
2026-02-24 17:12:00,598 | DEBUG | Finished Request
2026-02-24 17:12:00,599 | DEBUG | POST http://localhost:63813/session/3846e399f5e5d67753d48b9da4379c41/elements {'using': 'css selector', 'value': '[jsname="G7vtgf"] [role="button"]'}
2026-02-24 17:12:00,616 | DEBUG | http://localhost:63813 "POST /session/3846e399f5e5d67753d48b9da4379c41/elements HTTP/1.1" 200 0
2026-02-24 17:12:00,616 | DEBUG | Remote response: status=200 | data={"value":[{"element-6066-11e4-a52e-4f735466cecf":"f.9D7056838F56FB6F4302E6FEE37954B1.d.6FBE47F06D5AB3B7A7DFD04D78CE1396.e.56"},{"element-6066-11e4-a52e-4f735466cecf":"f.9D7056838F56FB6F4302E6FEE37954B1.d.6FBE47F06D5AB3B7A7DFD04D78CE1396.e.57"},{"element-6066-11e4-a52e-4f735466cecf":"f.9D7056838F56FB6F4302E6FEE37954B1.d.6FBE47F06D5AB3B7A7DFD04D78CE1396.e.58"}]} | headers=HTTPHeaderDict({'Content-Length': '362', 'Content-Type': 'application/json; charset=utf-8', 'cache-control': 'no-cache'})
2026-02-24 17:12:00,617 | DEBUG | Finished Request
2026-02-24 17:12:00,617 | DEBUG | GET http://localhost:63813/session/3846e399f5e5d67753d48b9da4379c41/element/f.9D7056838F56FB6F4302E6FEE37954B1.d.6FBE47F06D5AB3B7A7DFD04D78CE1396.e.56/text {}
2026-02-24 17:12:00,655 | DEBUG | http://localhost:63813 "GET /session/3846e399f5e5d67753d48b9da4379c41/element/f.9D7056838F56FB6F4302E6FEE37954B1.d.6FBE47F06D5AB3B7A7DFD04D78CE1396.e.56/text HTTP/1.1" 200 0
2026-02-24 17:12:00,655 | DEBUG | Remote response: status=200 | data={"value":""} | headers=HTTPHeaderDict({'Content-Length': '12', 'Content-Type': 'application/json; charset=utf-8', 'cache-control': 'no-cache'})
2026-02-24 17:12:00,656 | DEBUG | Finished Request
2026-02-24 17:12:00,656 | DEBUG | POST http://localhost:63813/session/3846e399f5e5d67753d48b9da4379c41/execute/sync {'script': 'arguments[0].click();', 'args': [{'element-6066-11e4-a52e-4f735466cecf': 'f.9D7056838F56FB6F4302E6FEE37954B1.d.6FBE47F06D5AB3B7A7DFD04D78CE1396.e.56'}]}
2026-02-24 17:12:00,669 | DEBUG | http://localhost:63813 "POST /session/3846e399f5e5d67753d48b9da4379c41/execute/sync HTTP/1.1" 200 0
2026-02-24 17:12:00,669 | DEBUG | Remote response: status=200 | data={"value":null} | headers=HTTPHeaderDict({'Content-Length': '14', 'Content-Type': 'application/json; charset=utf-8', 'cache-control': 'no-cache'})
2026-02-24 17:12:00,670 | DEBUG | Finished Request
2026-02-24 17:12:03,170 | DEBUG | POST http://localhost:63813/session/3846e399f5e5d67753d48b9da4379c41/frame {'id': None}
2026-02-24 17:12:03,178 | DEBUG | http://localhost:63813 "POST /session/3846e399f5e5d67753d48b9da4379c41/frame HTTP/1.1" 200 0
2026-02-24 17:12:03,179 | DEBUG | Remote response: status=200 | data={"value":null} | headers=HTTPHeaderDict({'Content-Length': '14', 'Content-Type': 'application/json; charset=utf-8', 'cache-control': 'no-cache'})
2026-02-24 17:12:03,180 | DEBUG | Finished Request
2026-02-24 17:12:05,681 | DEBUG | POST http://localhost:63813/session/3846e399f5e5d67753d48b9da4379c41/frame {'id': None}
2026-02-24 17:12:05,686 | DEBUG | http://localhost:63813 "POST /session/3846e399f5e5d67753d48b9da4379c41/frame HTTP/1.1" 200 0
2026-02-24 17:12:05,686 | DEBUG | Remote response: status=200 | data={"value":null} | headers=HTTPHeaderDict({'Content-Length': '14', 'Content-Type': 'application/json; charset=utf-8', 'cache-control': 'no-cache'})
2026-02-24 17:12:05,687 | DEBUG | Finished Request
2026-02-24 17:12:05,688 | DEBUG | POST http://localhost:63813/session/3846e399f5e5d67753d48b9da4379c41/execute/sync {'script': "\n        const KEYWORDS_DESC = ['responsabilidades','requisitos','experiencia','conocimientos',\n    ...", 'args': []}
2026-02-24 17:12:05,702 | DEBUG | http://localhost:63813 "POST /session/3846e399f5e5d67753d48b9da4379c41/execute/sync HTTP/1.1" 200 0
2026-02-24 17:12:05,703 | DEBUG | Remote response: status=200 | data={"value":"{\"ok\":true,\"fuente\":\"#Sva75c\",\"score\":1726,\"texto\":\"G\\nGRAN AMERICAS SANTIAGO CHILE S.A.\\nDesarrollador Backend / Web (Spring Boot)\\nGRAN AMERICAS SANTIAGO CHILE S.A. • Pudahuel • por medio de Computrabajo\\nhace 20 horas\\nCLP 1.4 M por mes\\nTiempo completo\\nNo se menciona un título académico\\nPostularse en Computrabajo\\nDescripción del trabajo\\nBuscamos un/a Desarrollador/a Backend / Web con al menos 3 años de experiencia en desarrollo y mantenimiento de aplicaciones web, con foco en Spring Boot.\\nLa persona seleccionada será responsable de diseñar, desarrollar y mantener soluciones web robustas, seguras y escalables, participando activamente en todo el ciclo de vida del desarrollo de software: levantamiento de requerimientos, desarrollo, pruebas, despliegue y soporte.\\nAdemás, trabajará con entornos Linux y bases de datos relacionales, colaborando con equipos técnicos y funcionales para asegurar la calidad y continuidad de las aplicaciones.\\nFunciones principales\\nDiseñar, desarrollar y mantener aplicaciones web backend utilizando Java + Spring Boot.\\nImplementar y consumir APIs REST.\\nParticipar en el análisis técnico y diseño de soluciones.\\nGestionar y optimizar consultas en bases de datos relacionales.\\nRealizar mantenimiento correctivo y evolutivo de aplicaciones existentes.\\nEjecutar pruebas unitarias e integración para asegurar la calidad del software.\\nApoyar procesos de despliegue y monitoreo en ambientes Linux.\\nDocumentar desarrollos, incidencias y mejoras implementadas.-Requerimientos- Educación mínima: Universitaria / I.P. / C.F.T.\\naños de experiencia\\nPalabras clave: developer, programador, internet, web\\nDenunciar esta publicación de empleo\\nMás empleos en GRAN AMERICAS SANTIAGO CHILE S.A.\\nVer los resultados de la Web para GRAN AMERICAS SANTIAGO CHILE S.A.\"}"} | headers=HTTPHeaderDict({'Content-Length': '1882', 'Content-Type': 'application/json; charset=utf-8', 'cache-control': 'no-cache'})
2026-02-24 17:12:05,704 | DEBUG | Finished Request
2026-02-24 17:12:05,705 | DEBUG | POST http://localhost:63813/session/3846e399f5e5d67753d48b9da4379c41/frame {'id': None}
2026-02-24 17:12:05,714 | DEBUG | http://localhost:63813 "POST /session/3846e399f5e5d67753d48b9da4379c41/frame HTTP/1.1" 200 0
2026-02-24 17:12:05,715 | DEBUG | Remote response: status=200 | data={"value":null} | headers=HTTPHeaderDict({'Content-Length': '14', 'Content-Type': 'application/json; charset=utf-8', 'cache-control': 'no-cache'})
2026-02-24 17:12:05,716 | DEBUG | Finished Request
2026-02-24 17:12:05,717 | DEBUG | GET http://localhost:63813/session/3846e399f5e5d67753d48b9da4379c41/url {}
2026-02-24 17:12:05,728 | DEBUG | http://localhost:63813 "GET /session/3846e399f5e5d67753d48b9da4379c41/url HTTP/1.1" 200 0
2026-02-24 17:12:05,729 | DEBUG | Remote response: status=200 | data={"value":"https://www.google.com/search?q=Backend+Developer+Santiago,+Chile&udm=8&sei=8QWeaYiHPMbY1sQP49eF8A4&jbr=sep:0#vhid=vt%3D20/docid%3D7AY0z8XCOrrs0knDAAAAAA%3D%3D&vssid=jobs-detail-viewer"} | headers=HTTPHeaderDict({'Content-Length': '196', 'Content-Type': 'application/json; charset=utf-8', 'cache-control': 'no-cache'})
2026-02-24 17:12:05,730 | DEBUG | Finished Request
2026-02-24 17:12:05,730 | DEBUG | POST http://localhost:63813/session/3846e399f5e5d67753d48b9da4379c41/frame {'id': None}
2026-02-24 17:12:05,734 | DEBUG | http://localhost:63813 "POST /session/3846e399f5e5d67753d48b9da4379c41/frame HTTP/1.1" 200 0
2026-02-24 17:12:05,735 | DEBUG | Remote response: status=200 | data={"value":null} | headers=HTTPHeaderDict({'Content-Length': '14', 'Content-Type': 'application/json; charset=utf-8', 'cache-control': 'no-cache'})
2026-02-24 17:12:05,735 | DEBUG | Finished Request
2026-02-24 17:12:05,736 | DEBUG | GET http://localhost:63813/session/3846e399f5e5d67753d48b9da4379c41/url {}
2026-02-24 17:12:05,748 | DEBUG | http://localhost:63813 "GET /session/3846e399f5e5d67753d48b9da4379c41/url HTTP/1.1" 200 0
2026-02-24 17:12:05,749 | DEBUG | Remote response: status=200 | data={"value":"https://www.google.com/search?q=Backend+Developer+Santiago,+Chile&udm=8&sei=8QWeaYiHPMbY1sQP49eF8A4&jbr=sep:0#vhid=vt%3D20/docid%3D7AY0z8XCOrrs0knDAAAAAA%3D%3D&vssid=jobs-detail-viewer"} | headers=HTTPHeaderDict({'Content-Length': '196', 'Content-Type': 'application/json; charset=utf-8', 'cache-control': 'no-cache'})
2026-02-24 17:12:05,751 | DEBUG | Finished Request
2026-02-24 17:12:06,570 | DEBUG | POST http://localhost:63813/session/3846e399f5e5d67753d48b9da4379c41/frame {'id': None}
2026-02-24 17:12:06,574 | DEBUG | http://localhost:63813 "POST /session/3846e399f5e5d67753d48b9da4379c41/frame HTTP/1.1" 200 0
2026-02-24 17:12:06,574 | DEBUG | Remote response: status=200 | data={"value":null} | headers=HTTPHeaderDict({'Content-Length': '14', 'Content-Type': 'application/json; charset=utf-8', 'cache-control': 'no-cache'})
2026-02-24 17:12:06,577 | DEBUG | Finished Request
2026-02-24 17:12:06,578 | DEBUG | POST http://localhost:63813/session/3846e399f5e5d67753d48b9da4379c41/elements {'using': 'css selector', 'value': 'div.EimVGf'}
2026-02-24 17:12:06,603 | DEBUG | http://localhost:63813 "POST /session/3846e399f5e5d67753d48b9da4379c41/elements HTTP/1.1" 200 0
2026-02-24 17:12:06,603 | DEBUG | Remote response: status=200 | data={"value":[{"element-6066-11e4-a52e-4f735466cecf":"f.9D7056838F56FB6F4302E6FEE37954B1.d.6FBE47F06D5AB3B7A7DFD04D78CE1396.e.25"},{"element-6066-11e4-a52e-4f735466cecf":"f.9D7056838F56FB6F4302E6FEE37954B1.d.6FBE47F06D5AB3B7A7DFD04D78CE1396.e.26"},{"element-6066-11e4-a52e-4f735466cecf":"f.9D7056838F56FB6F4302E6FEE37954B1.d.6FBE47F06D5AB3B7A7DFD04D78CE1396.e.27"},{"element-6066-11e4-a52e-4f735466cecf":"f.9D7056838F56FB6F4302E6FEE37954B1.d.6FBE47F06D5AB3B7A7DFD04D78CE1396.e.28"},{"element-6066-11e4-a52e-4f735466cecf":"f.9D7056838F56FB6F4302E6FEE37954B1.d.6FBE47F06D5AB3B7A7DFD04D78CE1396.e.29"},{"element-6066-11e4-a52e-4f735466cecf":"f.9D7056838F56FB6F4302E6FEE37954B1.d.6FBE47F06D5AB3B7A7DFD04D78CE1396.e.30"},{"element-6066-11e4-a52e-4f735466cecf":"f.9D7056838F56FB6F4302E6FEE37954B1.d.6FBE47F06D5AB3B7A7DFD04D78CE1396.e.31"},{"element-6066-11e4-a52e-4f735466cecf":"f.9D7056838F56FB6F4302E6FEE37954B1.d.6FBE47F06D5AB3B7A7DFD04D78CE1396.e.32"},{"element-6066-11e4-a52e-4f735466cecf":"f.9D7056838F56FB6F4302E6FEE37954B1.d.6FBE47F06D5AB3B7A7DFD04D78CE1396.e.33"},{"element-6066-11e4-a52e-4f735466cecf":"f.9D7056838F56FB6F4302E6FEE37954B1.d.6FBE47F06D5AB3B7A7DFD04D78CE1396.e.34"}]} | headers=HTTPHeaderDict({'Content-Length': '1181', 'Content-Type': 'application/json; charset=utf-8', 'cache-control': 'no-cache'})
2026-02-24 17:12:06,604 | DEBUG | Finished Request
2026-02-24 17:12:06,605 | DEBUG | POST http://localhost:63813/session/3846e399f5e5d67753d48b9da4379c41/execute/sync {'script': 'return arguments[0].innerText;', 'args': [{'element-6066-11e4-a52e-4f735466cecf': 'f.9D7056838F56FB6F4302E6FEE37954B1.d.6FBE47F06D5AB3B7A7DFD04D78CE1396.e.27'}]}
2026-02-24 17:12:06,619 | DEBUG | http://localhost:63813 "POST /session/3846e399f5e5d67753d48b9da4379c41/execute/sync HTTP/1.1" 200 0
2026-02-24 17:12:06,619 | DEBUG | Remote response: status=200 | data={"value":"Backend Developer Java / Experiencia en sector seguros\nMichael Page\nSantiago • a través de Michael Page\nhace 15 días"} | headers=HTTPHeaderDict({'Content-Length': '135', 'Content-Type': 'application/json; charset=utf-8', 'cache-control': 'no-cache'})
2026-02-24 17:12:06,620 | DEBUG | Finished Request
2026-02-24 17:12:06,621 | DEBUG | POST http://localhost:63813/session/3846e399f5e5d67753d48b9da4379c41/execute/sync {'script': "arguments[0].scrollIntoView({block:'center'});", 'args': [{'element-6066-11e4-a52e-4f735466cecf': 'f.9D7056838F56FB6F4302E6FEE37954B1.d.6FBE47F06D5AB3B7A7DFD04D78CE1396.e.27'}]}
2026-02-24 17:12:06,646 | DEBUG | http://localhost:63813 "POST /session/3846e399f5e5d67753d48b9da4379c41/execute/sync HTTP/1.1" 200 0
2026-02-24 17:12:06,646 | DEBUG | Remote response: status=200 | data={"value":null} | headers=HTTPHeaderDict({'Content-Length': '14', 'Content-Type': 'application/json; charset=utf-8', 'cache-control': 'no-cache'})
2026-02-24 17:12:06,647 | DEBUG | Finished Request
2026-02-24 17:12:06,948 | DEBUG | POST http://localhost:63813/session/3846e399f5e5d67753d48b9da4379c41/execute/sync {'script': '\n        const bloque = arguments[0];\n        // Buscar hijo con jsaction (el elemento que recibe el...', 'args': [{'element-6066-11e4-a52e-4f735466cecf': 'f.9D7056838F56FB6F4302E6FEE37954B1.d.6FBE47F06D5AB3B7A7DFD04D78CE1396.e.27'}]}
2026-02-24 17:12:07,073 | DEBUG | http://localhost:63813 "POST /session/3846e399f5e5d67753d48b9da4379c41/execute/sync HTTP/1.1" 200 0
2026-02-24 17:12:07,074 | DEBUG | Remote response: status=200 | data={"value":"OK:jsaction:rcuQ6b:npT2md;h5M12e;jGQF0b:kNqZ1c;"} | headers=HTTPHeaderDict({'Content-Length': '59', 'Content-Type': 'application/json; charset=utf-8', 'cache-control': 'no-cache'})
2026-02-24 17:12:07,075 | DEBUG | Finished Request
2026-02-24 17:12:07,078 | DEBUG | GET http://localhost:63813/session/3846e399f5e5d67753d48b9da4379c41/url {}
2026-02-24 17:12:07,147 | DEBUG | http://localhost:63813 "GET /session/3846e399f5e5d67753d48b9da4379c41/url HTTP/1.1" 200 0
2026-02-24 17:12:07,147 | DEBUG | Remote response: status=200 | data={"value":"https://www.google.com/search?q=Backend+Developer+Santiago,+Chile&udm=8&sei=8QWeaYiHPMbY1sQP49eF8A4&jbr=sep:0#vhid=vt%3D20/docid%3D8pe6tT0GXhpr1XKwAAAAAA%3D%3D&vssid=jobs-detail-viewer"} | headers=HTTPHeaderDict({'Content-Length': '196', 'Content-Type': 'application/json; charset=utf-8', 'cache-control': 'no-cache'})
2026-02-24 17:12:07,148 | DEBUG | Finished Request
2026-02-24 17:12:07,548 | DEBUG | GET http://localhost:63813/session/3846e399f5e5d67753d48b9da4379c41/url {}
2026-02-24 17:12:07,554 | DEBUG | http://localhost:63813 "GET /session/3846e399f5e5d67753d48b9da4379c41/url HTTP/1.1" 200 0
2026-02-24 17:12:07,555 | DEBUG | Remote response: status=200 | data={"value":"https://www.google.com/search?q=Backend+Developer+Santiago,+Chile&udm=8&sei=8QWeaYiHPMbY1sQP49eF8A4&jbr=sep:0#vhid=vt%3D20/docid%3D8pe6tT0GXhpr1XKwAAAAAA%3D%3D&vssid=jobs-detail-viewer"} | headers=HTTPHeaderDict({'Content-Length': '196', 'Content-Type': 'application/json; charset=utf-8', 'cache-control': 'no-cache'})
2026-02-24 17:12:07,555 | DEBUG | Finished Request
2026-02-24 17:12:07,956 | DEBUG | GET http://localhost:63813/session/3846e399f5e5d67753d48b9da4379c41/url {}
2026-02-24 17:12:07,962 | DEBUG | http://localhost:63813 "GET /session/3846e399f5e5d67753d48b9da4379c41/url HTTP/1.1" 200 0
2026-02-24 17:12:07,963 | DEBUG | Remote response: status=200 | data={"value":"https://www.google.com/search?q=Backend+Developer+Santiago,+Chile&udm=8&sei=8QWeaYiHPMbY1sQP49eF8A4&jbr=sep:0#vhid=vt%3D20/docid%3D8pe6tT0GXhpr1XKwAAAAAA%3D%3D&vssid=jobs-detail-viewer"} | headers=HTTPHeaderDict({'Content-Length': '196', 'Content-Type': 'application/json; charset=utf-8', 'cache-control': 'no-cache'})
2026-02-24 17:12:07,963 | DEBUG | Finished Request
2026-02-24 17:12:08,364 | DEBUG | GET http://localhost:63813/session/3846e399f5e5d67753d48b9da4379c41/url {}
2026-02-24 17:12:08,370 | DEBUG | http://localhost:63813 "GET /session/3846e399f5e5d67753d48b9da4379c41/url HTTP/1.1" 200 0
2026-02-24 17:12:08,371 | DEBUG | Remote response: status=200 | data={"value":"https://www.google.com/search?q=Backend+Developer+Santiago,+Chile&udm=8&sei=8QWeaYiHPMbY1sQP49eF8A4&jbr=sep:0#vhid=vt%3D20/docid%3D8pe6tT0GXhpr1XKwAAAAAA%3D%3D&vssid=jobs-detail-viewer"} | headers=HTTPHeaderDict({'Content-Length': '196', 'Content-Type': 'application/json; charset=utf-8', 'cache-control': 'no-cache'})
2026-02-24 17:12:08,371 | DEBUG | Finished Request
2026-02-24 17:12:08,772 | DEBUG | GET http://localhost:63813/session/3846e399f5e5d67753d48b9da4379c41/url {}
2026-02-24 17:12:08,778 | DEBUG | http://localhost:63813 "GET /session/3846e399f5e5d67753d48b9da4379c41/url HTTP/1.1" 200 0
2026-02-24 17:12:08,778 | DEBUG | Remote response: status=200 | data={"value":"https://www.google.com/search?q=Backend+Developer+Santiago,+Chile&udm=8&sei=8QWeaYiHPMbY1sQP49eF8A4&jbr=sep:0#vhid=vt%3D20/docid%3D8pe6tT0GXhpr1XKwAAAAAA%3D%3D&vssid=jobs-detail-viewer"} | headers=HTTPHeaderDict({'Content-Length': '196', 'Content-Type': 'application/json; charset=utf-8', 'cache-control': 'no-cache'})
2026-02-24 17:12:08,779 | DEBUG | Finished Request
2026-02-24 17:12:09,180 | DEBUG | GET http://localhost:63813/session/3846e399f5e5d67753d48b9da4379c41/url {}
2026-02-24 17:12:09,186 | DEBUG | http://localhost:63813 "GET /session/3846e399f5e5d67753d48b9da4379c41/url HTTP/1.1" 200 0
2026-02-24 17:12:09,186 | DEBUG | Remote response: status=200 | data={"value":"https://www.google.com/search?q=Backend+Developer+Santiago,+Chile&udm=8&sei=8QWeaYiHPMbY1sQP49eF8A4&jbr=sep:0#vhid=vt%3D20/docid%3D8pe6tT0GXhpr1XKwAAAAAA%3D%3D&vssid=jobs-detail-viewer"} | headers=HTTPHeaderDict({'Content-Length': '196', 'Content-Type': 'application/json; charset=utf-8', 'cache-control': 'no-cache'})
2026-02-24 17:12:09,186 | DEBUG | Finished Request
2026-02-24 17:12:09,587 | DEBUG | GET http://localhost:63813/session/3846e399f5e5d67753d48b9da4379c41/url {}
2026-02-24 17:12:09,594 | DEBUG | http://localhost:63813 "GET /session/3846e399f5e5d67753d48b9da4379c41/url HTTP/1.1" 200 0
2026-02-24 17:12:09,594 | DEBUG | Remote response: status=200 | data={"value":"https://www.google.com/search?q=Backend+Developer+Santiago,+Chile&udm=8&sei=8QWeaYiHPMbY1sQP49eF8A4&jbr=sep:0#vhid=vt%3D20/docid%3D8pe6tT0GXhpr1XKwAAAAAA%3D%3D&vssid=jobs-detail-viewer"} | headers=HTTPHeaderDict({'Content-Length': '196', 'Content-Type': 'application/json; charset=utf-8', 'cache-control': 'no-cache'})
2026-02-24 17:12:09,594 | DEBUG | Finished Request
2026-02-24 17:12:09,995 | DEBUG | GET http://localhost:63813/session/3846e399f5e5d67753d48b9da4379c41/url {}
2026-02-24 17:12:10,001 | DEBUG | http://localhost:63813 "GET /session/3846e399f5e5d67753d48b9da4379c41/url HTTP/1.1" 200 0
2026-02-24 17:12:10,002 | DEBUG | Remote response: status=200 | data={"value":"https://www.google.com/search?q=Backend+Developer+Santiago,+Chile&udm=8&sei=8QWeaYiHPMbY1sQP49eF8A4&jbr=sep:0#vhid=vt%3D20/docid%3D8pe6tT0GXhpr1XKwAAAAAA%3D%3D&vssid=jobs-detail-viewer"} | headers=HTTPHeaderDict({'Content-Length': '196', 'Content-Type': 'application/json; charset=utf-8', 'cache-control': 'no-cache'})
2026-02-24 17:12:10,002 | DEBUG | Finished Request
2026-02-24 17:12:10,403 | DEBUG | GET http://localhost:63813/session/3846e399f5e5d67753d48b9da4379c41/url {}
2026-02-24 17:12:10,409 | DEBUG | http://localhost:63813 "GET /session/3846e399f5e5d67753d48b9da4379c41/url HTTP/1.1" 200 0
2026-02-24 17:12:10,409 | DEBUG | Remote response: status=200 | data={"value":"https://www.google.com/search?q=Backend+Developer+Santiago,+Chile&udm=8&sei=8QWeaYiHPMbY1sQP49eF8A4&jbr=sep:0#vhid=vt%3D20/docid%3D8pe6tT0GXhpr1XKwAAAAAA%3D%3D&vssid=jobs-detail-viewer"} | headers=HTTPHeaderDict({'Content-Length': '196', 'Content-Type': 'application/json; charset=utf-8', 'cache-control': 'no-cache'})
2026-02-24 17:12:10,410 | DEBUG | Finished Request
2026-02-24 17:12:10,810 | DEBUG | GET http://localhost:63813/session/3846e399f5e5d67753d48b9da4379c41/url {}
2026-02-24 17:12:10,817 | DEBUG | http://localhost:63813 "GET /session/3846e399f5e5d67753d48b9da4379c41/url HTTP/1.1" 200 0
2026-02-24 17:12:10,817 | DEBUG | Remote response: status=200 | data={"value":"https://www.google.com/search?q=Backend+Developer+Santiago,+Chile&udm=8&sei=8QWeaYiHPMbY1sQP49eF8A4&jbr=sep:0#vhid=vt%3D20/docid%3D8pe6tT0GXhpr1XKwAAAAAA%3D%3D&vssid=jobs-detail-viewer"} | headers=HTTPHeaderDict({'Content-Length': '196', 'Content-Type': 'application/json; charset=utf-8', 'cache-control': 'no-cache'})
2026-02-24 17:12:10,818 | DEBUG | Finished Request
2026-02-24 17:12:11,218 | DEBUG | GET http://localhost:63813/session/3846e399f5e5d67753d48b9da4379c41/url {}
2026-02-24 17:12:11,224 | DEBUG | http://localhost:63813 "GET /session/3846e399f5e5d67753d48b9da4379c41/url HTTP/1.1" 200 0
2026-02-24 17:12:11,224 | DEBUG | Remote response: status=200 | data={"value":"https://www.google.com/search?q=Backend+Developer+Santiago,+Chile&udm=8&sei=8QWeaYiHPMbY1sQP49eF8A4&jbr=sep:0#vhid=vt%3D20/docid%3D8pe6tT0GXhpr1XKwAAAAAA%3D%3D&vssid=jobs-detail-viewer"} | headers=HTTPHeaderDict({'Content-Length': '196', 'Content-Type': 'application/json; charset=utf-8', 'cache-control': 'no-cache'})
2026-02-24 17:12:11,225 | DEBUG | Finished Request
2026-02-24 17:12:11,626 | DEBUG | GET http://localhost:63813/session/3846e399f5e5d67753d48b9da4379c41/url {}
2026-02-24 17:12:11,632 | DEBUG | http://localhost:63813 "GET /session/3846e399f5e5d67753d48b9da4379c41/url HTTP/1.1" 200 0
2026-02-24 17:12:11,632 | DEBUG | Remote response: status=200 | data={"value":"https://www.google.com/search?q=Backend+Developer+Santiago,+Chile&udm=8&sei=8QWeaYiHPMbY1sQP49eF8A4&jbr=sep:0#vhid=vt%3D20/docid%3D8pe6tT0GXhpr1XKwAAAAAA%3D%3D&vssid=jobs-detail-viewer"} | headers=HTTPHeaderDict({'Content-Length': '196', 'Content-Type': 'application/json; charset=utf-8', 'cache-control': 'no-cache'})
2026-02-24 17:12:11,632 | DEBUG | Finished Request
2026-02-24 17:12:12,033 | DEBUG | GET http://localhost:63813/session/3846e399f5e5d67753d48b9da4379c41/url {}
2026-02-24 17:12:12,038 | DEBUG | http://localhost:63813 "GET /session/3846e399f5e5d67753d48b9da4379c41/url HTTP/1.1" 200 0
2026-02-24 17:12:12,038 | DEBUG | Remote response: status=200 | data={"value":"https://www.google.com/search?q=Backend+Developer+Santiago,+Chile&udm=8&sei=8QWeaYiHPMbY1sQP49eF8A4&jbr=sep:0#vhid=vt%3D20/docid%3D8pe6tT0GXhpr1XKwAAAAAA%3D%3D&vssid=jobs-detail-viewer"} | headers=HTTPHeaderDict({'Content-Length': '196', 'Content-Type': 'application/json; charset=utf-8', 'cache-control': 'no-cache'})
2026-02-24 17:12:12,039 | DEBUG | Finished Request
2026-02-24 17:12:12,440 | DEBUG | GET http://localhost:63813/session/3846e399f5e5d67753d48b9da4379c41/url {}
2026-02-24 17:12:12,445 | DEBUG | http://localhost:63813 "GET /session/3846e399f5e5d67753d48b9da4379c41/url HTTP/1.1" 200 0
2026-02-24 17:12:12,446 | DEBUG | Remote response: status=200 | data={"value":"https://www.google.com/search?q=Backend+Developer+Santiago,+Chile&udm=8&sei=8QWeaYiHPMbY1sQP49eF8A4&jbr=sep:0#vhid=vt%3D20/docid%3D8pe6tT0GXhpr1XKwAAAAAA%3D%3D&vssid=jobs-detail-viewer"} | headers=HTTPHeaderDict({'Content-Length': '196', 'Content-Type': 'application/json; charset=utf-8', 'cache-control': 'no-cache'})
2026-02-24 17:12:12,446 | DEBUG | Finished Request
2026-02-24 17:12:12,847 | DEBUG | GET http://localhost:63813/session/3846e399f5e5d67753d48b9da4379c41/url {}
2026-02-24 17:12:12,854 | DEBUG | http://localhost:63813 "GET /session/3846e399f5e5d67753d48b9da4379c41/url HTTP/1.1" 200 0
2026-02-24 17:12:12,854 | DEBUG | Remote response: status=200 | data={"value":"https://www.google.com/search?q=Backend+Developer+Santiago,+Chile&udm=8&sei=8QWeaYiHPMbY1sQP49eF8A4&jbr=sep:0#vhid=vt%3D20/docid%3D8pe6tT0GXhpr1XKwAAAAAA%3D%3D&vssid=jobs-detail-viewer"} | headers=HTTPHeaderDict({'Content-Length': '196', 'Content-Type': 'application/json; charset=utf-8', 'cache-control': 'no-cache'})
2026-02-24 17:12:12,854 | DEBUG | Finished Request
2026-02-24 17:12:13,255 | DEBUG | GET http://localhost:63813/session/3846e399f5e5d67753d48b9da4379c41/url {}
2026-02-24 17:12:13,262 | DEBUG | http://localhost:63813 "GET /session/3846e399f5e5d67753d48b9da4379c41/url HTTP/1.1" 200 0
2026-02-24 17:12:13,262 | DEBUG | Remote response: status=200 | data={"value":"https://www.google.com/search?q=Backend+Developer+Santiago,+Chile&udm=8&sei=8QWeaYiHPMbY1sQP49eF8A4&jbr=sep:0#vhid=vt%3D20/docid%3D8pe6tT0GXhpr1XKwAAAAAA%3D%3D&vssid=jobs-detail-viewer"} | headers=HTTPHeaderDict({'Content-Length': '196', 'Content-Type': 'application/json; charset=utf-8', 'cache-control': 'no-cache'})
2026-02-24 17:12:13,262 | DEBUG | Finished Request
2026-02-24 17:12:13,663 | DEBUG | GET http://localhost:63813/session/3846e399f5e5d67753d48b9da4379c41/url {}
2026-02-24 17:12:13,669 | DEBUG | http://localhost:63813 "GET /session/3846e399f5e5d67753d48b9da4379c41/url HTTP/1.1" 200 0
2026-02-24 17:12:13,670 | DEBUG | Remote response: status=200 | data={"value":"https://www.google.com/search?q=Backend+Developer+Santiago,+Chile&udm=8&sei=8QWeaYiHPMbY1sQP49eF8A4&jbr=sep:0#vhid=vt%3D20/docid%3D8pe6tT0GXhpr1XKwAAAAAA%3D%3D&vssid=jobs-detail-viewer"} | headers=HTTPHeaderDict({'Content-Length': '196', 'Content-Type': 'application/json; charset=utf-8', 'cache-control': 'no-cache'})
2026-02-24 17:12:13,670 | DEBUG | Finished Request
2026-02-24 17:12:14,071 | DEBUG | GET http://localhost:63813/session/3846e399f5e5d67753d48b9da4379c41/url {}
2026-02-24 17:12:14,077 | DEBUG | http://localhost:63813 "GET /session/3846e399f5e5d67753d48b9da4379c41/url HTTP/1.1" 200 0
2026-02-24 17:12:14,077 | DEBUG | Remote response: status=200 | data={"value":"https://www.google.com/search?q=Backend+Developer+Santiago,+Chile&udm=8&sei=8QWeaYiHPMbY1sQP49eF8A4&jbr=sep:0#vhid=vt%3D20/docid%3D8pe6tT0GXhpr1XKwAAAAAA%3D%3D&vssid=jobs-detail-viewer"} | headers=HTTPHeaderDict({'Content-Length': '196', 'Content-Type': 'application/json; charset=utf-8', 'cache-control': 'no-cache'})
2026-02-24 17:12:14,078 | DEBUG | Finished Request
2026-02-24 17:12:14,478 | DEBUG | GET http://localhost:63813/session/3846e399f5e5d67753d48b9da4379c41/url {}
2026-02-24 17:12:14,484 | DEBUG | http://localhost:63813 "GET /session/3846e399f5e5d67753d48b9da4379c41/url HTTP/1.1" 200 0
2026-02-24 17:12:14,484 | DEBUG | Remote response: status=200 | data={"value":"https://www.google.com/search?q=Backend+Developer+Santiago,+Chile&udm=8&sei=8QWeaYiHPMbY1sQP49eF8A4&jbr=sep:0#vhid=vt%3D20/docid%3D8pe6tT0GXhpr1XKwAAAAAA%3D%3D&vssid=jobs-detail-viewer"} | headers=HTTPHeaderDict({'Content-Length': '196', 'Content-Type': 'application/json; charset=utf-8', 'cache-control': 'no-cache'})
2026-02-24 17:12:14,485 | DEBUG | Finished Request
2026-02-24 17:12:14,886 | DEBUG | GET http://localhost:63813/session/3846e399f5e5d67753d48b9da4379c41/url {}
2026-02-24 17:12:14,892 | DEBUG | http://localhost:63813 "GET /session/3846e399f5e5d67753d48b9da4379c41/url HTTP/1.1" 200 0
2026-02-24 17:12:14,892 | DEBUG | Remote response: status=200 | data={"value":"https://www.google.com/search?q=Backend+Developer+Santiago,+Chile&udm=8&sei=8QWeaYiHPMbY1sQP49eF8A4&jbr=sep:0#vhid=vt%3D20/docid%3D8pe6tT0GXhpr1XKwAAAAAA%3D%3D&vssid=jobs-detail-viewer"} | headers=HTTPHeaderDict({'Content-Length': '196', 'Content-Type': 'application/json; charset=utf-8', 'cache-control': 'no-cache'})
2026-02-24 17:12:14,892 | DEBUG | Finished Request
2026-02-24 17:12:15,294 | DEBUG | GET http://localhost:63813/session/3846e399f5e5d67753d48b9da4379c41/url {}
2026-02-24 17:12:15,349 | DEBUG | http://localhost:63813 "GET /session/3846e399f5e5d67753d48b9da4379c41/url HTTP/1.1" 200 0
2026-02-24 17:12:15,369 | DEBUG | Remote response: status=200 | data={"value":"https://www.google.com/search?q=Backend+Developer+Santiago,+Chile&udm=8&sei=8QWeaYiHPMbY1sQP49eF8A4&jbr=sep:0#vhid=vt%3D20/docid%3D8pe6tT0GXhpr1XKwAAAAAA%3D%3D&vssid=jobs-detail-viewer"} | headers=HTTPHeaderDict({'Content-Length': '196', 'Content-Type': 'application/json; charset=utf-8', 'cache-control': 'no-cache'})
2026-02-24 17:12:15,379 | DEBUG | Finished Request
2026-02-24 17:12:15,395 | DEBUG | GET http://localhost:63813/session/3846e399f5e5d67753d48b9da4379c41/url {}
2026-02-24 17:12:15,527 | DEBUG | http://localhost:63813 "GET /session/3846e399f5e5d67753d48b9da4379c41/url HTTP/1.1" 200 0
2026-02-24 17:12:15,543 | DEBUG | Remote response: status=200 | data={"value":"https://www.google.com/search?q=Backend+Developer+Santiago,+Chile&udm=8&sei=8QWeaYiHPMbY1sQP49eF8A4&jbr=sep:0#vhid=vt%3D20/docid%3D8pe6tT0GXhpr1XKwAAAAAA%3D%3D&vssid=jobs-detail-viewer"} | headers=HTTPHeaderDict({'Content-Length': '196', 'Content-Type': 'application/json; charset=utf-8', 'cache-control': 'no-cache'})
2026-02-24 17:12:15,556 | DEBUG | Finished Request
2026-02-24 17:12:16,795 | DEBUG | POST http://localhost:63813/session/3846e399f5e5d67753d48b9da4379c41/frame {'id': None}
2026-02-24 17:12:16,798 | DEBUG | http://localhost:63813 "POST /session/3846e399f5e5d67753d48b9da4379c41/frame HTTP/1.1" 200 0
2026-02-24 17:12:16,799 | DEBUG | Remote response: status=200 | data={"value":null} | headers=HTTPHeaderDict({'Content-Length': '14', 'Content-Type': 'application/json; charset=utf-8', 'cache-control': 'no-cache'})
2026-02-24 17:12:16,799 | DEBUG | Finished Request
2026-02-24 17:12:16,799 | DEBUG | POST http://localhost:63813/session/3846e399f5e5d67753d48b9da4379c41/execute/sync {'script': '\n        // Estrategia A: role=button dentro del wrapper jsname=G7vtgf\n        const wrapper = docum...', 'args': []}
2026-02-24 17:12:16,842 | DEBUG | http://localhost:63813 "POST /session/3846e399f5e5d67753d48b9da4379c41/execute/sync HTTP/1.1" 200 0
2026-02-24 17:12:16,846 | DEBUG | Remote response: status=200 | data={"value":"FOUND_INNER"} | headers=HTTPHeaderDict({'Content-Length': '23', 'Content-Type': 'application/json; charset=utf-8', 'cache-control': 'no-cache'})
2026-02-24 17:12:16,865 | DEBUG | Finished Request
2026-02-24 17:12:16,869 | DEBUG | POST http://localhost:63813/session/3846e399f5e5d67753d48b9da4379c41/execute/sync {'script': '\n        let targets = [];\n\n        // Nivel 1: role=button dentro de jsname=G7vtgf\n        const wr...', 'args': []}
2026-02-24 17:12:16,903 | DEBUG | http://localhost:63813 "POST /session/3846e399f5e5d67753d48b9da4379c41/execute/sync HTTP/1.1" 200 0
2026-02-24 17:12:16,903 | DEBUG | Remote response: status=200 | data={"value":"OK:inner-role-button|OK:jsname-wrapper|OK:text-match|OK:text-match"} | headers=HTTPHeaderDict({'Content-Length': '78', 'Content-Type': 'application/json; charset=utf-8', 'cache-control': 'no-cache'})
2026-02-24 17:12:16,904 | DEBUG | Finished Request
2026-02-24 17:12:16,905 | DEBUG | POST http://localhost:63813/session/3846e399f5e5d67753d48b9da4379c41/elements {'using': 'css selector', 'value': '[jsname="G7vtgf"] [role="button"]'}
2026-02-24 17:12:16,920 | DEBUG | http://localhost:63813 "POST /session/3846e399f5e5d67753d48b9da4379c41/elements HTTP/1.1" 200 0
2026-02-24 17:12:16,920 | DEBUG | Remote response: status=200 | data={"value":[{"element-6066-11e4-a52e-4f735466cecf":"f.9D7056838F56FB6F4302E6FEE37954B1.d.6FBE47F06D5AB3B7A7DFD04D78CE1396.e.71"},{"element-6066-11e4-a52e-4f735466cecf":"f.9D7056838F56FB6F4302E6FEE37954B1.d.6FBE47F06D5AB3B7A7DFD04D78CE1396.e.72"},{"element-6066-11e4-a52e-4f735466cecf":"f.9D7056838F56FB6F4302E6FEE37954B1.d.6FBE47F06D5AB3B7A7DFD04D78CE1396.e.73"}]} | headers=HTTPHeaderDict({'Content-Length': '362', 'Content-Type': 'application/json; charset=utf-8', 'cache-control': 'no-cache'})
2026-02-24 17:12:16,921 | DEBUG | Finished Request
2026-02-24 17:12:16,921 | DEBUG | GET http://localhost:63813/session/3846e399f5e5d67753d48b9da4379c41/element/f.9D7056838F56FB6F4302E6FEE37954B1.d.6FBE47F06D5AB3B7A7DFD04D78CE1396.e.71/text {}
2026-02-24 17:12:16,934 | DEBUG | http://localhost:63813 "GET /session/3846e399f5e5d67753d48b9da4379c41/element/f.9D7056838F56FB6F4302E6FEE37954B1.d.6FBE47F06D5AB3B7A7DFD04D78CE1396.e.71/text HTTP/1.1" 200 0
2026-02-24 17:12:16,934 | DEBUG | Remote response: status=200 | data={"value":""} | headers=HTTPHeaderDict({'Content-Length': '12', 'Content-Type': 'application/json; charset=utf-8', 'cache-control': 'no-cache'})
2026-02-24 17:12:16,934 | DEBUG | Finished Request
2026-02-24 17:12:16,935 | DEBUG | POST http://localhost:63813/session/3846e399f5e5d67753d48b9da4379c41/execute/sync {'script': 'arguments[0].click();', 'args': [{'element-6066-11e4-a52e-4f735466cecf': 'f.9D7056838F56FB6F4302E6FEE37954B1.d.6FBE47F06D5AB3B7A7DFD04D78CE1396.e.71'}]}
2026-02-24 17:12:16,945 | DEBUG | http://localhost:63813 "POST /session/3846e399f5e5d67753d48b9da4379c41/execute/sync HTTP/1.1" 200 0
2026-02-24 17:12:16,945 | DEBUG | Remote response: status=200 | data={"value":null} | headers=HTTPHeaderDict({'Content-Length': '14', 'Content-Type': 'application/json; charset=utf-8', 'cache-control': 'no-cache'})
2026-02-24 17:12:16,945 | DEBUG | Finished Request
2026-02-24 17:12:19,446 | DEBUG | POST http://localhost:63813/session/3846e399f5e5d67753d48b9da4379c41/frame {'id': None}
2026-02-24 17:12:19,449 | DEBUG | http://localhost:63813 "POST /session/3846e399f5e5d67753d48b9da4379c41/frame HTTP/1.1" 200 0
2026-02-24 17:12:19,450 | DEBUG | Remote response: status=200 | data={"value":null} | headers=HTTPHeaderDict({'Content-Length': '14', 'Content-Type': 'application/json; charset=utf-8', 'cache-control': 'no-cache'})
2026-02-24 17:12:19,450 | DEBUG | Finished Request
2026-02-24 17:12:21,951 | DEBUG | POST http://localhost:63813/session/3846e399f5e5d67753d48b9da4379c41/frame {'id': None}
2026-02-24 17:12:21,954 | DEBUG | http://localhost:63813 "POST /session/3846e399f5e5d67753d48b9da4379c41/frame HTTP/1.1" 200 0
2026-02-24 17:12:21,955 | DEBUG | Remote response: status=200 | data={"value":null} | headers=HTTPHeaderDict({'Content-Length': '14', 'Content-Type': 'application/json; charset=utf-8', 'cache-control': 'no-cache'})
2026-02-24 17:12:21,955 | DEBUG | Finished Request
2026-02-24 17:12:21,955 | DEBUG | POST http://localhost:63813/session/3846e399f5e5d67753d48b9da4379c41/execute/sync {'script': "\n        const KEYWORDS_DESC = ['responsabilidades','requisitos','experiencia','conocimientos',\n    ...", 'args': []}
2026-02-24 17:12:21,965 | DEBUG | http://localhost:63813 "POST /session/3846e399f5e5d67753d48b9da4379c41/execute/sync HTTP/1.1" 200 0
2026-02-24 17:12:21,965 | DEBUG | Remote response: status=200 | data={"value":"{\"ok\":true,\"fuente\":\"#Sva75c\",\"score\":2138,\"texto\":\"Michael Page\\nBackend Developer Java / Experiencia en sector seguros\\nMichael Page • Santiago • por medio de Michael Page\\nhace 15 días\\nNo se menciona un título académico\\nPostularse en Michael Page\\nPostularse en Jooble\\nPostularse en Jobrapido.com\\nPostularse en WhatJobs\\nDescripción del trabajo\\n• IT\\n• IT\\n\\nSobre nuestro cliente\\n\\nNuestro cliente es Bice Vida\\n\\nDescripción\\n\\nReportando a líder técnico, sus principales responsabilidades serán:\\n• Diseñar, desarrollar y mantener servidores y aplicaciones web\\n• Crear y consumir APIs / microservicios\\n• Solucionar errores y realizar pruebas de calidad\\n• Gestionar entornos de alojamiento\\n• Colaborar con el equipo Front-End para una experiencia de usuario fluida\\n\\nPerfil buscado (Hombre / Mujer)\\n\\nNos encontramos en búsqueda de Backend Developer para ser incorporado a proyecto 1 año y medio con posibilidades de extensión junto a cliente socio líder en sector de seguros.\\n\\nCon conocimientos en:\\n• Poseer al menos 3 o 4 años de experiencia en rol\\n• Ideal experiencia trabajando para sector Seguros\\n• Experiencia desarrollo Java comprobable\\n• Manejo de framework avanzado Spring y Spring Boot comprobable\\n• Experiencia en creacion y consumos de APis / Microservicios\\n• Experiencia en SQL y adm de bases de datos\\n• Git, Jira, SonarQube\\n• Ideal conocimiento en AWS\\n• Deseable: Quarkus, Javascript, Python\\n\\nQué ofrecemos\\n• Trabajo remoto 100%\\n• Proyecto 1 año y medio con posibilidades de extensión\\n• Seguro complementario de salud\\n• Programa de asesoría 100% gratuito 24/7\\nDenunciar esta publicación de empleo\\nMichael Page\\nIndeed Chile\\n3.7/5\\n559 opiniones\\nGlassdoor\\n3.8/5\\n1.9 K opiniones\\nAmbitionBox\\n3/5\\n39 opiniones\\npage.com\\nMás empleos en Michael Page\\nVer los resultados de la Web para Michael Page\"}"} | headers=HTTPHeaderDict({'Content-Length': '1999', 'Content-Type': 'application/json; charset=utf-8', 'cache-control': 'no-cache'})
2026-02-24 17:12:21,965 | DEBUG | Finished Request
2026-02-24 17:12:21,966 | DEBUG | POST http://localhost:63813/session/3846e399f5e5d67753d48b9da4379c41/frame {'id': None}
2026-02-24 17:12:21,969 | DEBUG | http://localhost:63813 "POST /session/3846e399f5e5d67753d48b9da4379c41/frame HTTP/1.1" 200 0
2026-02-24 17:12:21,969 | DEBUG | Remote response: status=200 | data={"value":null} | headers=HTTPHeaderDict({'Content-Length': '14', 'Content-Type': 'application/json; charset=utf-8', 'cache-control': 'no-cache'})
2026-02-24 17:12:21,969 | DEBUG | Finished Request
2026-02-24 17:12:21,970 | DEBUG | GET http://localhost:63813/session/3846e399f5e5d67753d48b9da4379c41/url {}
2026-02-24 17:12:21,977 | DEBUG | http://localhost:63813 "GET /session/3846e399f5e5d67753d48b9da4379c41/url HTTP/1.1" 200 0
2026-02-24 17:12:21,977 | DEBUG | Remote response: status=200 | data={"value":"https://www.google.com/search?q=Backend+Developer+Santiago,+Chile&udm=8&sei=8QWeaYiHPMbY1sQP49eF8A4&jbr=sep:0#vhid=vt%3D20/docid%3D8pe6tT0GXhpr1XKwAAAAAA%3D%3D&vssid=jobs-detail-viewer"} | headers=HTTPHeaderDict({'Content-Length': '196', 'Content-Type': 'application/json; charset=utf-8', 'cache-control': 'no-cache'})
2026-02-24 17:12:21,978 | DEBUG | Finished Request
2026-02-24 17:12:21,978 | DEBUG | POST http://localhost:63813/session/3846e399f5e5d67753d48b9da4379c41/frame {'id': None}
2026-02-24 17:12:21,981 | DEBUG | http://localhost:63813 "POST /session/3846e399f5e5d67753d48b9da4379c41/frame HTTP/1.1" 200 0
2026-02-24 17:12:21,981 | DEBUG | Remote response: status=200 | data={"value":null} | headers=HTTPHeaderDict({'Content-Length': '14', 'Content-Type': 'application/json; charset=utf-8', 'cache-control': 'no-cache'})
2026-02-24 17:12:21,982 | DEBUG | Finished Request
2026-02-24 17:12:21,982 | DEBUG | GET http://localhost:63813/session/3846e399f5e5d67753d48b9da4379c41/url {}
2026-02-24 17:12:21,988 | DEBUG | http://localhost:63813 "GET /session/3846e399f5e5d67753d48b9da4379c41/url HTTP/1.1" 200 0
2026-02-24 17:12:21,988 | DEBUG | Remote response: status=200 | data={"value":"https://www.google.com/search?q=Backend+Developer+Santiago,+Chile&udm=8&sei=8QWeaYiHPMbY1sQP49eF8A4&jbr=sep:0#vhid=vt%3D20/docid%3D8pe6tT0GXhpr1XKwAAAAAA%3D%3D&vssid=jobs-detail-viewer"} | headers=HTTPHeaderDict({'Content-Length': '196', 'Content-Type': 'application/json; charset=utf-8', 'cache-control': 'no-cache'})
2026-02-24 17:12:21,989 | DEBUG | Finished Request
2026-02-24 17:12:24,791 | DEBUG | DELETE http://localhost:63813/session/3846e399f5e5d67753d48b9da4379c41 {}
2026-02-24 17:12:24,878 | DEBUG | http://localhost:63813 "DELETE /session/3846e399f5e5d67753d48b9da4379c41 HTTP/1.1" 200 0
2026-02-24 17:12:24,878 | DEBUG | Remote response: status=200 | data={"value":null} | headers=HTTPHeaderDict({'Content-Length': '14', 'Content-Type': 'application/json; charset=utf-8', 'cache-control': 'no-cache'})
2026-02-24 17:12:24,879 | DEBUG | Finished Request
2026-02-24 17:12:30,815 | INFO | 🚀 Sistema DreamJob iniciado.
2026-02-24 17:12:30,918 | INFO | Match 'Node.js Developer backend expert': 144 pts
2026-02-24 17:12:30,919 | INFO | Match 'Desarrollador Backend / Web (Spring Boot)': 120 pts
2026-02-24 17:12:30,919 | INFO | Match 'Backend Developer Java / Experiencia en sector seguros': 692 pts
2026-02-24 17:12:30,963 | INFO | Persistencia exitosa: 292 ofertas.
2026-02-24 17:12:30,963 | INFO | Análisis completado: 3 resultados.
2026-02-24 17:13:03,509 | INFO | 🚀 Sistema DreamJob iniciado.
2026-02-24 17:13:03,625 | INFO | ====== WebDriver manager ======
2026-02-24 17:13:05,790 | INFO | Get LATEST chromedriver version for google-chrome
2026-02-24 17:13:05,792 | DEBUG | Starting new HTTPS connection (1): googlechromelabs.github.io:443
2026-02-24 17:13:06,287 | DEBUG | https://googlechromelabs.github.io:443 "GET /chrome-for-testing/latest-patch-versions-per-build.json HTTP/1.1" 200 15450
2026-02-24 17:13:06,319 | INFO | Get LATEST chromedriver version for google-chrome
2026-02-24 17:13:06,320 | DEBUG | Starting new HTTPS connection (1): googlechromelabs.github.io:443
2026-02-24 17:13:06,795 | DEBUG | https://googlechromelabs.github.io:443 "GET /chrome-for-testing/latest-patch-versions-per-build.json HTTP/1.1" 200 15450
2026-02-24 17:13:06,831 | INFO | Driver [C:\Users\Soporte\.wdm\drivers\chromedriver\win64\133.0.6943.141\chromedriver-win32/chromedriver.exe] found in cache
2026-02-24 17:13:06,832 | DEBUG | Skipping Selenium Manager; path to chrome driver specified in Service class: C:\Users\Soporte\.wdm\drivers\chromedriver\win64\133.0.6943.141\chromedriver-win32/chromedriver.exe
2026-02-24 17:13:06,841 | DEBUG | Started executable: `C:\Users\Soporte\.wdm\drivers\chromedriver\win64\133.0.6943.141\chromedriver-win32/chromedriver.exe` in a child process with pid: 18092 using 0 to output -3
2026-02-24 17:13:06,973 | DEBUG | POST http://localhost:51905/session {'capabilities': {'firstMatch': [{}], 'alwaysMatch': {'browserName': 'chrome', 'pageLoadStrategy': <PageLoadStrategy.normal: 'normal'>, 'goog:chromeOptions': {'excludeSwitches': ['enable-automation'], 'useAutomationExtension': False, 'extensions': [], 'args': ['--disable-blink-features=AutomationControlled']}}}}
2026-02-24 17:13:06,974 | DEBUG | Starting new HTTP connection (1): localhost:51905
2026-02-24 17:13:07,944 | DEBUG | http://localhost:51905 "POST /session HTTP/1.1" 200 0
2026-02-24 17:13:07,945 | DEBUG | Remote response: status=200 | data={"value":{"capabilities":{"acceptInsecureCerts":false,"browserName":"chrome","browserVersion":"133.0.6943.142","chrome":{"chromedriverVersion":"133.0.6943.141 (2a5d6da0d6165d7b107502095a937fe7704fcef6-refs/branch-heads/6943@{#1912})","userDataDir":"C:\\Users\\Soporte\\AppData\\Local\\Temp\\scoped_dir18092_876530783"},"fedcm:accounts":true,"goog:chromeOptions":{"debuggerAddress":"localhost:56242"},"networkConnectionEnabled":false,"pageLoadStrategy":"normal","platformName":"windows","proxy":{},"setWindowRect":true,"strictFileInteractability":false,"timeouts":{"implicit":0,"pageLoad":300000,"script":30000},"unhandledPromptBehavior":"dismiss and notify","webauthn:extension:credBlob":true,"webauthn:extension:largeBlob":true,"webauthn:extension:minPinLength":true,"webauthn:extension:prf":true,"webauthn:virtualAuthenticators":true},"sessionId":"3a7978140b007b1a3e9293d9c946a995"}} | headers=HTTPHeaderDict({'Content-Length': '885', 'Content-Type': 'application/json; charset=utf-8', 'cache-control': 'no-cache'})
2026-02-24 17:13:07,945 | DEBUG | Finished Request
2026-02-24 17:13:07,946 | DEBUG | POST http://localhost:51905/session/3a7978140b007b1a3e9293d9c946a995/goog/cdp/execute {'cmd': 'Page.addScriptToEvaluateOnNewDocument', 'params': {'source': "Object.defineProperty(navigator, 'webdriver', {get: () => undefined})"}}
2026-02-24 17:13:07,956 | DEBUG | http://localhost:51905 "POST /session/3a7978140b007b1a3e9293d9c946a995/goog/cdp/execute HTTP/1.1" 200 0
2026-02-24 17:13:07,957 | DEBUG | Remote response: status=200 | data={"value":{"identifier":"2"}} | headers=HTTPHeaderDict({'Content-Length': '28', 'Content-Type': 'application/json; charset=utf-8', 'cache-control': 'no-cache'})
2026-02-24 17:13:07,957 | DEBUG | Finished Request
2026-02-24 17:13:07,959 | DEBUG | POST http://localhost:51905/session/3a7978140b007b1a3e9293d9c946a995/url {'url': 'https://www.google.com/search?q=Backend+Developer+Santiago%2C+Chile&ibp=htl;jobs'}
2026-02-24 17:13:08,344 | DEBUG | http://localhost:51905 "POST /session/3a7978140b007b1a3e9293d9c946a995/url HTTP/1.1" 200 0
2026-02-24 17:13:08,344 | DEBUG | Remote response: status=200 | data={"value":null} | headers=HTTPHeaderDict({'Content-Length': '14', 'Content-Type': 'application/json; charset=utf-8', 'cache-control': 'no-cache'})
2026-02-24 17:13:08,344 | DEBUG | Finished Request
2026-02-24 17:13:12,345 | DEBUG | POST http://localhost:51905/session/3a7978140b007b1a3e9293d9c946a995/elements {'using': 'css selector', 'value': 'div.EimVGf'}
2026-02-24 17:13:12,359 | DEBUG | http://localhost:51905 "POST /session/3a7978140b007b1a3e9293d9c946a995/elements HTTP/1.1" 200 0
2026-02-24 17:13:12,360 | DEBUG | Remote response: status=200 | data={"value":[{"element-6066-11e4-a52e-4f735466cecf":"f.F2E63EC0AD01CE27DC83D4603DCC732B.d.73F09F6F3408476FCAE94B409CC7A4CE.e.24"},{"element-6066-11e4-a52e-4f735466cecf":"f.F2E63EC0AD01CE27DC83D4603DCC732B.d.73F09F6F3408476FCAE94B409CC7A4CE.e.25"},{"element-6066-11e4-a52e-4f735466cecf":"f.F2E63EC0AD01CE27DC83D4603DCC732B.d.73F09F6F3408476FCAE94B409CC7A4CE.e.26"},{"element-6066-11e4-a52e-4f735466cecf":"f.F2E63EC0AD01CE27DC83D4603DCC732B.d.73F09F6F3408476FCAE94B409CC7A4CE.e.27"},{"element-6066-11e4-a52e-4f735466cecf":"f.F2E63EC0AD01CE27DC83D4603DCC732B.d.73F09F6F3408476FCAE94B409CC7A4CE.e.28"},{"element-6066-11e4-a52e-4f735466cecf":"f.F2E63EC0AD01CE27DC83D4603DCC732B.d.73F09F6F3408476FCAE94B409CC7A4CE.e.29"},{"element-6066-11e4-a52e-4f735466cecf":"f.F2E63EC0AD01CE27DC83D4603DCC732B.d.73F09F6F3408476FCAE94B409CC7A4CE.e.30"},{"element-6066-11e4-a52e-4f735466cecf":"f.F2E63EC0AD01CE27DC83D4603DCC732B.d.73F09F6F3408476FCAE94B409CC7A4CE.e.31"},{"element-6066-11e4-a52e-4f735466cecf":"f.F2E63EC0AD01CE27DC83D4603DCC732B.d.73F09F6F3408476FCAE94B409CC7A4CE.e.32"},{"element-6066-11e4-a52e-4f735466cecf":"f.F2E63EC0AD01CE27DC83D4603DCC732B.d.73F09F6F3408476FCAE94B409CC7A4CE.e.33"}]} | headers=HTTPHeaderDict({'Content-Length': '1181', 'Content-Type': 'application/json; charset=utf-8', 'cache-control': 'no-cache'})
2026-02-24 17:13:12,360 | DEBUG | Finished Request
2026-02-24 17:13:12,360 | DEBUG | POST http://localhost:51905/session/3a7978140b007b1a3e9293d9c946a995/elements {'using': 'css selector', 'value': 'div.EimVGf'}
2026-02-24 17:13:12,370 | DEBUG | http://localhost:51905 "POST /session/3a7978140b007b1a3e9293d9c946a995/elements HTTP/1.1" 200 0
2026-02-24 17:13:12,371 | DEBUG | Remote response: status=200 | data={"value":[{"element-6066-11e4-a52e-4f735466cecf":"f.F2E63EC0AD01CE27DC83D4603DCC732B.d.73F09F6F3408476FCAE94B409CC7A4CE.e.24"},{"element-6066-11e4-a52e-4f735466cecf":"f.F2E63EC0AD01CE27DC83D4603DCC732B.d.73F09F6F3408476FCAE94B409CC7A4CE.e.25"},{"element-6066-11e4-a52e-4f735466cecf":"f.F2E63EC0AD01CE27DC83D4603DCC732B.d.73F09F6F3408476FCAE94B409CC7A4CE.e.26"},{"element-6066-11e4-a52e-4f735466cecf":"f.F2E63EC0AD01CE27DC83D4603DCC732B.d.73F09F6F3408476FCAE94B409CC7A4CE.e.27"},{"element-6066-11e4-a52e-4f735466cecf":"f.F2E63EC0AD01CE27DC83D4603DCC732B.d.73F09F6F3408476FCAE94B409CC7A4CE.e.28"},{"element-6066-11e4-a52e-4f735466cecf":"f.F2E63EC0AD01CE27DC83D4603DCC732B.d.73F09F6F3408476FCAE94B409CC7A4CE.e.29"},{"element-6066-11e4-a52e-4f735466cecf":"f.F2E63EC0AD01CE27DC83D4603DCC732B.d.73F09F6F3408476FCAE94B409CC7A4CE.e.30"},{"element-6066-11e4-a52e-4f735466cecf":"f.F2E63EC0AD01CE27DC83D4603DCC732B.d.73F09F6F3408476FCAE94B409CC7A4CE.e.31"},{"element-6066-11e4-a52e-4f735466cecf":"f.F2E63EC0AD01CE27DC83D4603DCC732B.d.73F09F6F3408476FCAE94B409CC7A4CE.e.32"},{"element-6066-11e4-a52e-4f735466cecf":"f.F2E63EC0AD01CE27DC83D4603DCC732B.d.73F09F6F3408476FCAE94B409CC7A4CE.e.33"}]} | headers=HTTPHeaderDict({'Content-Length': '1181', 'Content-Type': 'application/json; charset=utf-8', 'cache-control': 'no-cache'})
2026-02-24 17:13:12,371 | DEBUG | Finished Request
2026-02-24 17:13:12,374 | DEBUG | POST http://localhost:51905/session/3a7978140b007b1a3e9293d9c946a995/frame {'id': None}
2026-02-24 17:13:12,377 | DEBUG | http://localhost:51905 "POST /session/3a7978140b007b1a3e9293d9c946a995/frame HTTP/1.1" 200 0
2026-02-24 17:13:12,377 | DEBUG | Remote response: status=200 | data={"value":null} | headers=HTTPHeaderDict({'Content-Length': '14', 'Content-Type': 'application/json; charset=utf-8', 'cache-control': 'no-cache'})
2026-02-24 17:13:12,378 | DEBUG | Finished Request
2026-02-24 17:13:12,378 | DEBUG | POST http://localhost:51905/session/3a7978140b007b1a3e9293d9c946a995/elements {'using': 'css selector', 'value': 'div.EimVGf'}
2026-02-24 17:13:12,389 | DEBUG | http://localhost:51905 "POST /session/3a7978140b007b1a3e9293d9c946a995/elements HTTP/1.1" 200 0
2026-02-24 17:13:12,389 | DEBUG | Remote response: status=200 | data={"value":[{"element-6066-11e4-a52e-4f735466cecf":"f.F2E63EC0AD01CE27DC83D4603DCC732B.d.73F09F6F3408476FCAE94B409CC7A4CE.e.24"},{"element-6066-11e4-a52e-4f735466cecf":"f.F2E63EC0AD01CE27DC83D4603DCC732B.d.73F09F6F3408476FCAE94B409CC7A4CE.e.25"},{"element-6066-11e4-a52e-4f735466cecf":"f.F2E63EC0AD01CE27DC83D4603DCC732B.d.73F09F6F3408476FCAE94B409CC7A4CE.e.26"},{"element-6066-11e4-a52e-4f735466cecf":"f.F2E63EC0AD01CE27DC83D4603DCC732B.d.73F09F6F3408476FCAE94B409CC7A4CE.e.27"},{"element-6066-11e4-a52e-4f735466cecf":"f.F2E63EC0AD01CE27DC83D4603DCC732B.d.73F09F6F3408476FCAE94B409CC7A4CE.e.28"},{"element-6066-11e4-a52e-4f735466cecf":"f.F2E63EC0AD01CE27DC83D4603DCC732B.d.73F09F6F3408476FCAE94B409CC7A4CE.e.29"},{"element-6066-11e4-a52e-4f735466cecf":"f.F2E63EC0AD01CE27DC83D4603DCC732B.d.73F09F6F3408476FCAE94B409CC7A4CE.e.30"},{"element-6066-11e4-a52e-4f735466cecf":"f.F2E63EC0AD01CE27DC83D4603DCC732B.d.73F09F6F3408476FCAE94B409CC7A4CE.e.31"},{"element-6066-11e4-a52e-4f735466cecf":"f.F2E63EC0AD01CE27DC83D4603DCC732B.d.73F09F6F3408476FCAE94B409CC7A4CE.e.32"},{"element-6066-11e4-a52e-4f735466cecf":"f.F2E63EC0AD01CE27DC83D4603DCC732B.d.73F09F6F3408476FCAE94B409CC7A4CE.e.33"}]} | headers=HTTPHeaderDict({'Content-Length': '1181', 'Content-Type': 'application/json; charset=utf-8', 'cache-control': 'no-cache'})
2026-02-24 17:13:12,391 | DEBUG | Finished Request
2026-02-24 17:13:12,391 | DEBUG | POST http://localhost:51905/session/3a7978140b007b1a3e9293d9c946a995/execute/sync {'script': 'return arguments[0].innerText;', 'args': [{'element-6066-11e4-a52e-4f735466cecf': 'f.F2E63EC0AD01CE27DC83D4603DCC732B.d.73F09F6F3408476FCAE94B409CC7A4CE.e.27'}]}
2026-02-24 17:13:12,400 | DEBUG | http://localhost:51905 "POST /session/3a7978140b007b1a3e9293d9c946a995/execute/sync HTTP/1.1" 200 0
2026-02-24 17:13:12,400 | DEBUG | Remote response: status=200 | data={"value":"G\nDesarrollador Backend / Web (Spring Boot)\nGRAN AMERICAS SANTIAGO CHILE S.A.\nPudahuel • a través de Computrabajo\nhace 20 horas\nCLP 1.4 M por mes\nTiempo completo"} | headers=HTTPHeaderDict({'Content-Length': '184', 'Content-Type': 'application/json; charset=utf-8', 'cache-control': 'no-cache'})
2026-02-24 17:13:12,400 | DEBUG | Finished Request
2026-02-24 17:13:12,401 | DEBUG | POST http://localhost:51905/session/3a7978140b007b1a3e9293d9c946a995/execute/sync {'script': "arguments[0].scrollIntoView({block:'center'});", 'args': [{'element-6066-11e4-a52e-4f735466cecf': 'f.F2E63EC0AD01CE27DC83D4603DCC732B.d.73F09F6F3408476FCAE94B409CC7A4CE.e.27'}]}
2026-02-24 17:13:12,410 | DEBUG | http://localhost:51905 "POST /session/3a7978140b007b1a3e9293d9c946a995/execute/sync HTTP/1.1" 200 0
2026-02-24 17:13:12,411 | DEBUG | Remote response: status=200 | data={"value":null} | headers=HTTPHeaderDict({'Content-Length': '14', 'Content-Type': 'application/json; charset=utf-8', 'cache-control': 'no-cache'})
2026-02-24 17:13:12,411 | DEBUG | Finished Request
2026-02-24 17:13:12,712 | DEBUG | POST http://localhost:51905/session/3a7978140b007b1a3e9293d9c946a995/execute/sync {'script': '\n        const bloque = arguments[0];\n        // Buscar hijo con jsaction (el elemento que recibe el...', 'args': [{'element-6066-11e4-a52e-4f735466cecf': 'f.F2E63EC0AD01CE27DC83D4603DCC732B.d.73F09F6F3408476FCAE94B409CC7A4CE.e.27'}]}
2026-02-24 17:13:12,761 | DEBUG | http://localhost:51905 "POST /session/3a7978140b007b1a3e9293d9c946a995/execute/sync HTTP/1.1" 200 0
2026-02-24 17:13:12,765 | DEBUG | Remote response: status=200 | data={"value":"OK:jsaction:rcuQ6b:npT2md;h5M12e;jGQF0b:kNqZ1c;"} | headers=HTTPHeaderDict({'Content-Length': '59', 'Content-Type': 'application/json; charset=utf-8', 'cache-control': 'no-cache'})
2026-02-24 17:13:12,766 | DEBUG | Finished Request
2026-02-24 17:13:12,767 | DEBUG | GET http://localhost:51905/session/3a7978140b007b1a3e9293d9c946a995/url {}
2026-02-24 17:13:12,857 | DEBUG | http://localhost:51905 "GET /session/3a7978140b007b1a3e9293d9c946a995/url HTTP/1.1" 200 0
2026-02-24 17:13:12,857 | DEBUG | Remote response: status=200 | data={"value":"https://www.google.com/search?q=Backend+Developer+Santiago,+Chile&udm=8&sei=VAaeaZqcBrDe1sQP15HMCA&jbr=sep:0#vhid=vt%3D20/docid%3D7AY0z8XCOrrs0knDAAAAAA%3D%3D&vssid=jobs-detail-viewer"} | headers=HTTPHeaderDict({'Content-Length': '195', 'Content-Type': 'application/json; charset=utf-8', 'cache-control': 'no-cache'})
2026-02-24 17:13:12,858 | DEBUG | Finished Request
2026-02-24 17:13:13,258 | DEBUG | GET http://localhost:51905/session/3a7978140b007b1a3e9293d9c946a995/url {}
2026-02-24 17:13:13,263 | DEBUG | http://localhost:51905 "GET /session/3a7978140b007b1a3e9293d9c946a995/url HTTP/1.1" 200 0
2026-02-24 17:13:13,263 | DEBUG | Remote response: status=200 | data={"value":"https://www.google.com/search?q=Backend+Developer+Santiago,+Chile&udm=8&sei=VAaeaZqcBrDe1sQP15HMCA&jbr=sep:0#vhid=vt%3D20/docid%3D7AY0z8XCOrrs0knDAAAAAA%3D%3D&vssid=jobs-detail-viewer"} | headers=HTTPHeaderDict({'Content-Length': '195', 'Content-Type': 'application/json; charset=utf-8', 'cache-control': 'no-cache'})
2026-02-24 17:13:13,264 | DEBUG | Finished Request
2026-02-24 17:13:13,665 | DEBUG | GET http://localhost:51905/session/3a7978140b007b1a3e9293d9c946a995/url {}
2026-02-24 17:13:13,670 | DEBUG | http://localhost:51905 "GET /session/3a7978140b007b1a3e9293d9c946a995/url HTTP/1.1" 200 0
2026-02-24 17:13:13,670 | DEBUG | Remote response: status=200 | data={"value":"https://www.google.com/search?q=Backend+Developer+Santiago,+Chile&udm=8&sei=VAaeaZqcBrDe1sQP15HMCA&jbr=sep:0#vhid=vt%3D20/docid%3D7AY0z8XCOrrs0knDAAAAAA%3D%3D&vssid=jobs-detail-viewer"} | headers=HTTPHeaderDict({'Content-Length': '195', 'Content-Type': 'application/json; charset=utf-8', 'cache-control': 'no-cache'})
2026-02-24 17:13:13,670 | DEBUG | Finished Request
2026-02-24 17:13:14,071 | DEBUG | GET http://localhost:51905/session/3a7978140b007b1a3e9293d9c946a995/url {}
2026-02-24 17:13:14,077 | DEBUG | http://localhost:51905 "GET /session/3a7978140b007b1a3e9293d9c946a995/url HTTP/1.1" 200 0
2026-02-24 17:13:14,077 | DEBUG | Remote response: status=200 | data={"value":"https://www.google.com/search?q=Backend+Developer+Santiago,+Chile&udm=8&sei=VAaeaZqcBrDe1sQP15HMCA&jbr=sep:0#vhid=vt%3D20/docid%3D7AY0z8XCOrrs0knDAAAAAA%3D%3D&vssid=jobs-detail-viewer"} | headers=HTTPHeaderDict({'Content-Length': '195', 'Content-Type': 'application/json; charset=utf-8', 'cache-control': 'no-cache'})
2026-02-24 17:13:14,077 | DEBUG | Finished Request
2026-02-24 17:13:14,478 | DEBUG | GET http://localhost:51905/session/3a7978140b007b1a3e9293d9c946a995/url {}
2026-02-24 17:13:14,483 | DEBUG | http://localhost:51905 "GET /session/3a7978140b007b1a3e9293d9c946a995/url HTTP/1.1" 200 0
2026-02-24 17:13:14,483 | DEBUG | Remote response: status=200 | data={"value":"https://www.google.com/search?q=Backend+Developer+Santiago,+Chile&udm=8&sei=VAaeaZqcBrDe1sQP15HMCA&jbr=sep:0#vhid=vt%3D20/docid%3D7AY0z8XCOrrs0knDAAAAAA%3D%3D&vssid=jobs-detail-viewer"} | headers=HTTPHeaderDict({'Content-Length': '195', 'Content-Type': 'application/json; charset=utf-8', 'cache-control': 'no-cache'})
2026-02-24 17:13:14,484 | DEBUG | Finished Request
2026-02-24 17:13:14,885 | DEBUG | GET http://localhost:51905/session/3a7978140b007b1a3e9293d9c946a995/url {}
2026-02-24 17:13:14,890 | DEBUG | http://localhost:51905 "GET /session/3a7978140b007b1a3e9293d9c946a995/url HTTP/1.1" 200 0
2026-02-24 17:13:14,891 | DEBUG | Remote response: status=200 | data={"value":"https://www.google.com/search?q=Backend+Developer+Santiago,+Chile&udm=8&sei=VAaeaZqcBrDe1sQP15HMCA&jbr=sep:0#vhid=vt%3D20/docid%3D7AY0z8XCOrrs0knDAAAAAA%3D%3D&vssid=jobs-detail-viewer"} | headers=HTTPHeaderDict({'Content-Length': '195', 'Content-Type': 'application/json; charset=utf-8', 'cache-control': 'no-cache'})
2026-02-24 17:13:14,891 | DEBUG | Finished Request
2026-02-24 17:13:15,292 | DEBUG | GET http://localhost:51905/session/3a7978140b007b1a3e9293d9c946a995/url {}
2026-02-24 17:13:15,298 | DEBUG | http://localhost:51905 "GET /session/3a7978140b007b1a3e9293d9c946a995/url HTTP/1.1" 200 0
2026-02-24 17:13:15,298 | DEBUG | Remote response: status=200 | data={"value":"https://www.google.com/search?q=Backend+Developer+Santiago,+Chile&udm=8&sei=VAaeaZqcBrDe1sQP15HMCA&jbr=sep:0#vhid=vt%3D20/docid%3D7AY0z8XCOrrs0knDAAAAAA%3D%3D&vssid=jobs-detail-viewer"} | headers=HTTPHeaderDict({'Content-Length': '195', 'Content-Type': 'application/json; charset=utf-8', 'cache-control': 'no-cache'})
2026-02-24 17:13:15,299 | DEBUG | Finished Request
2026-02-24 17:13:15,700 | DEBUG | GET http://localhost:51905/session/3a7978140b007b1a3e9293d9c946a995/url {}
2026-02-24 17:13:15,706 | DEBUG | http://localhost:51905 "GET /session/3a7978140b007b1a3e9293d9c946a995/url HTTP/1.1" 200 0
2026-02-24 17:13:15,706 | DEBUG | Remote response: status=200 | data={"value":"https://www.google.com/search?q=Backend+Developer+Santiago,+Chile&udm=8&sei=VAaeaZqcBrDe1sQP15HMCA&jbr=sep:0#vhid=vt%3D20/docid%3D7AY0z8XCOrrs0knDAAAAAA%3D%3D&vssid=jobs-detail-viewer"} | headers=HTTPHeaderDict({'Content-Length': '195', 'Content-Type': 'application/json; charset=utf-8', 'cache-control': 'no-cache'})
2026-02-24 17:13:15,706 | DEBUG | Finished Request
2026-02-24 17:13:16,107 | DEBUG | GET http://localhost:51905/session/3a7978140b007b1a3e9293d9c946a995/url {}
2026-02-24 17:13:16,113 | DEBUG | http://localhost:51905 "GET /session/3a7978140b007b1a3e9293d9c946a995/url HTTP/1.1" 200 0
2026-02-24 17:13:16,113 | DEBUG | Remote response: status=200 | data={"value":"https://www.google.com/search?q=Backend+Developer+Santiago,+Chile&udm=8&sei=VAaeaZqcBrDe1sQP15HMCA&jbr=sep:0#vhid=vt%3D20/docid%3D7AY0z8XCOrrs0knDAAAAAA%3D%3D&vssid=jobs-detail-viewer"} | headers=HTTPHeaderDict({'Content-Length': '195', 'Content-Type': 'application/json; charset=utf-8', 'cache-control': 'no-cache'})
2026-02-24 17:13:16,113 | DEBUG | Finished Request
2026-02-24 17:13:16,514 | DEBUG | GET http://localhost:51905/session/3a7978140b007b1a3e9293d9c946a995/url {}
2026-02-24 17:13:16,519 | DEBUG | http://localhost:51905 "GET /session/3a7978140b007b1a3e9293d9c946a995/url HTTP/1.1" 200 0
2026-02-24 17:13:16,520 | DEBUG | Remote response: status=200 | data={"value":"https://www.google.com/search?q=Backend+Developer+Santiago,+Chile&udm=8&sei=VAaeaZqcBrDe1sQP15HMCA&jbr=sep:0#vhid=vt%3D20/docid%3D7AY0z8XCOrrs0knDAAAAAA%3D%3D&vssid=jobs-detail-viewer"} | headers=HTTPHeaderDict({'Content-Length': '195', 'Content-Type': 'application/json; charset=utf-8', 'cache-control': 'no-cache'})
2026-02-24 17:13:16,520 | DEBUG | Finished Request
2026-02-24 17:13:16,921 | DEBUG | GET http://localhost:51905/session/3a7978140b007b1a3e9293d9c946a995/url {}
2026-02-24 17:13:16,926 | DEBUG | http://localhost:51905 "GET /session/3a7978140b007b1a3e9293d9c946a995/url HTTP/1.1" 200 0
2026-02-24 17:13:16,926 | DEBUG | Remote response: status=200 | data={"value":"https://www.google.com/search?q=Backend+Developer+Santiago,+Chile&udm=8&sei=VAaeaZqcBrDe1sQP15HMCA&jbr=sep:0#vhid=vt%3D20/docid%3D7AY0z8XCOrrs0knDAAAAAA%3D%3D&vssid=jobs-detail-viewer"} | headers=HTTPHeaderDict({'Content-Length': '195', 'Content-Type': 'application/json; charset=utf-8', 'cache-control': 'no-cache'})
2026-02-24 17:13:16,927 | DEBUG | Finished Request
2026-02-24 17:13:17,327 | DEBUG | GET http://localhost:51905/session/3a7978140b007b1a3e9293d9c946a995/url {}
2026-02-24 17:13:17,333 | DEBUG | http://localhost:51905 "GET /session/3a7978140b007b1a3e9293d9c946a995/url HTTP/1.1" 200 0
2026-02-24 17:13:17,333 | DEBUG | Remote response: status=200 | data={"value":"https://www.google.com/search?q=Backend+Developer+Santiago,+Chile&udm=8&sei=VAaeaZqcBrDe1sQP15HMCA&jbr=sep:0#vhid=vt%3D20/docid%3D7AY0z8XCOrrs0knDAAAAAA%3D%3D&vssid=jobs-detail-viewer"} | headers=HTTPHeaderDict({'Content-Length': '195', 'Content-Type': 'application/json; charset=utf-8', 'cache-control': 'no-cache'})
2026-02-24 17:13:17,333 | DEBUG | Finished Request
2026-02-24 17:13:17,734 | DEBUG | GET http://localhost:51905/session/3a7978140b007b1a3e9293d9c946a995/url {}
2026-02-24 17:13:17,739 | DEBUG | http://localhost:51905 "GET /session/3a7978140b007b1a3e9293d9c946a995/url HTTP/1.1" 200 0
2026-02-24 17:13:17,740 | DEBUG | Remote response: status=200 | data={"value":"https://www.google.com/search?q=Backend+Developer+Santiago,+Chile&udm=8&sei=VAaeaZqcBrDe1sQP15HMCA&jbr=sep:0#vhid=vt%3D20/docid%3D7AY0z8XCOrrs0knDAAAAAA%3D%3D&vssid=jobs-detail-viewer"} | headers=HTTPHeaderDict({'Content-Length': '195', 'Content-Type': 'application/json; charset=utf-8', 'cache-control': 'no-cache'})
2026-02-24 17:13:17,740 | DEBUG | Finished Request
2026-02-24 17:13:18,141 | DEBUG | GET http://localhost:51905/session/3a7978140b007b1a3e9293d9c946a995/url {}
2026-02-24 17:13:18,147 | DEBUG | http://localhost:51905 "GET /session/3a7978140b007b1a3e9293d9c946a995/url HTTP/1.1" 200 0
2026-02-24 17:13:18,147 | DEBUG | Remote response: status=200 | data={"value":"https://www.google.com/search?q=Backend+Developer+Santiago,+Chile&udm=8&sei=VAaeaZqcBrDe1sQP15HMCA&jbr=sep:0#vhid=vt%3D20/docid%3D7AY0z8XCOrrs0knDAAAAAA%3D%3D&vssid=jobs-detail-viewer"} | headers=HTTPHeaderDict({'Content-Length': '195', 'Content-Type': 'application/json; charset=utf-8', 'cache-control': 'no-cache'})
2026-02-24 17:13:18,147 | DEBUG | Finished Request
2026-02-24 17:13:18,548 | DEBUG | GET http://localhost:51905/session/3a7978140b007b1a3e9293d9c946a995/url {}
2026-02-24 17:13:18,553 | DEBUG | http://localhost:51905 "GET /session/3a7978140b007b1a3e9293d9c946a995/url HTTP/1.1" 200 0
2026-02-24 17:13:18,553 | DEBUG | Remote response: status=200 | data={"value":"https://www.google.com/search?q=Backend+Developer+Santiago,+Chile&udm=8&sei=VAaeaZqcBrDe1sQP15HMCA&jbr=sep:0#vhid=vt%3D20/docid%3D7AY0z8XCOrrs0knDAAAAAA%3D%3D&vssid=jobs-detail-viewer"} | headers=HTTPHeaderDict({'Content-Length': '195', 'Content-Type': 'application/json; charset=utf-8', 'cache-control': 'no-cache'})
2026-02-24 17:13:18,554 | DEBUG | Finished Request
2026-02-24 17:13:18,954 | DEBUG | GET http://localhost:51905/session/3a7978140b007b1a3e9293d9c946a995/url {}
2026-02-24 17:13:18,959 | DEBUG | http://localhost:51905 "GET /session/3a7978140b007b1a3e9293d9c946a995/url HTTP/1.1" 200 0
2026-02-24 17:13:18,960 | DEBUG | Remote response: status=200 | data={"value":"https://www.google.com/search?q=Backend+Developer+Santiago,+Chile&udm=8&sei=VAaeaZqcBrDe1sQP15HMCA&jbr=sep:0#vhid=vt%3D20/docid%3D7AY0z8XCOrrs0knDAAAAAA%3D%3D&vssid=jobs-detail-viewer"} | headers=HTTPHeaderDict({'Content-Length': '195', 'Content-Type': 'application/json; charset=utf-8', 'cache-control': 'no-cache'})
2026-02-24 17:13:18,960 | DEBUG | Finished Request
2026-02-24 17:13:19,361 | DEBUG | GET http://localhost:51905/session/3a7978140b007b1a3e9293d9c946a995/url {}
2026-02-24 17:13:19,368 | DEBUG | http://localhost:51905 "GET /session/3a7978140b007b1a3e9293d9c946a995/url HTTP/1.1" 200 0
2026-02-24 17:13:19,368 | DEBUG | Remote response: status=200 | data={"value":"https://www.google.com/search?q=Backend+Developer+Santiago,+Chile&udm=8&sei=VAaeaZqcBrDe1sQP15HMCA&jbr=sep:0#vhid=vt%3D20/docid%3D7AY0z8XCOrrs0knDAAAAAA%3D%3D&vssid=jobs-detail-viewer"} | headers=HTTPHeaderDict({'Content-Length': '195', 'Content-Type': 'application/json; charset=utf-8', 'cache-control': 'no-cache'})
2026-02-24 17:13:19,369 | DEBUG | Finished Request
2026-02-24 17:13:19,770 | DEBUG | GET http://localhost:51905/session/3a7978140b007b1a3e9293d9c946a995/url {}
2026-02-24 17:13:19,775 | DEBUG | http://localhost:51905 "GET /session/3a7978140b007b1a3e9293d9c946a995/url HTTP/1.1" 200 0
2026-02-24 17:13:19,775 | DEBUG | Remote response: status=200 | data={"value":"https://www.google.com/search?q=Backend+Developer+Santiago,+Chile&udm=8&sei=VAaeaZqcBrDe1sQP15HMCA&jbr=sep:0#vhid=vt%3D20/docid%3D7AY0z8XCOrrs0knDAAAAAA%3D%3D&vssid=jobs-detail-viewer"} | headers=HTTPHeaderDict({'Content-Length': '195', 'Content-Type': 'application/json; charset=utf-8', 'cache-control': 'no-cache'})
2026-02-24 17:13:19,776 | DEBUG | Finished Request
2026-02-24 17:13:20,176 | DEBUG | GET http://localhost:51905/session/3a7978140b007b1a3e9293d9c946a995/url {}
2026-02-24 17:13:20,181 | DEBUG | http://localhost:51905 "GET /session/3a7978140b007b1a3e9293d9c946a995/url HTTP/1.1" 200 0
2026-02-24 17:13:20,182 | DEBUG | Remote response: status=200 | data={"value":"https://www.google.com/search?q=Backend+Developer+Santiago,+Chile&udm=8&sei=VAaeaZqcBrDe1sQP15HMCA&jbr=sep:0#vhid=vt%3D20/docid%3D7AY0z8XCOrrs0knDAAAAAA%3D%3D&vssid=jobs-detail-viewer"} | headers=HTTPHeaderDict({'Content-Length': '195', 'Content-Type': 'application/json; charset=utf-8', 'cache-control': 'no-cache'})
2026-02-24 17:13:20,182 | DEBUG | Finished Request
2026-02-24 17:13:20,583 | DEBUG | GET http://localhost:51905/session/3a7978140b007b1a3e9293d9c946a995/url {}
2026-02-24 17:13:20,589 | DEBUG | http://localhost:51905 "GET /session/3a7978140b007b1a3e9293d9c946a995/url HTTP/1.1" 200 0
2026-02-24 17:13:20,589 | DEBUG | Remote response: status=200 | data={"value":"https://www.google.com/search?q=Backend+Developer+Santiago,+Chile&udm=8&sei=VAaeaZqcBrDe1sQP15HMCA&jbr=sep:0#vhid=vt%3D20/docid%3D7AY0z8XCOrrs0knDAAAAAA%3D%3D&vssid=jobs-detail-viewer"} | headers=HTTPHeaderDict({'Content-Length': '195', 'Content-Type': 'application/json; charset=utf-8', 'cache-control': 'no-cache'})
2026-02-24 17:13:20,589 | DEBUG | Finished Request
2026-02-24 17:13:20,990 | DEBUG | GET http://localhost:51905/session/3a7978140b007b1a3e9293d9c946a995/url {}
2026-02-24 17:13:20,997 | DEBUG | http://localhost:51905 "GET /session/3a7978140b007b1a3e9293d9c946a995/url HTTP/1.1" 200 0
2026-02-24 17:13:20,997 | DEBUG | Remote response: status=200 | data={"value":"https://www.google.com/search?q=Backend+Developer+Santiago,+Chile&udm=8&sei=VAaeaZqcBrDe1sQP15HMCA&jbr=sep:0#vhid=vt%3D20/docid%3D7AY0z8XCOrrs0knDAAAAAA%3D%3D&vssid=jobs-detail-viewer"} | headers=HTTPHeaderDict({'Content-Length': '195', 'Content-Type': 'application/json; charset=utf-8', 'cache-control': 'no-cache'})
2026-02-24 17:13:20,998 | DEBUG | Finished Request
2026-02-24 17:13:20,998 | DEBUG | GET http://localhost:51905/session/3a7978140b007b1a3e9293d9c946a995/url {}
2026-02-24 17:13:21,004 | DEBUG | http://localhost:51905 "GET /session/3a7978140b007b1a3e9293d9c946a995/url HTTP/1.1" 200 0
2026-02-24 17:13:21,005 | DEBUG | Remote response: status=200 | data={"value":"https://www.google.com/search?q=Backend+Developer+Santiago,+Chile&udm=8&sei=VAaeaZqcBrDe1sQP15HMCA&jbr=sep:0#vhid=vt%3D20/docid%3D7AY0z8XCOrrs0knDAAAAAA%3D%3D&vssid=jobs-detail-viewer"} | headers=HTTPHeaderDict({'Content-Length': '195', 'Content-Type': 'application/json; charset=utf-8', 'cache-control': 'no-cache'})
2026-02-24 17:13:21,005 | DEBUG | Finished Request
2026-02-24 17:13:22,207 | DEBUG | POST http://localhost:51905/session/3a7978140b007b1a3e9293d9c946a995/frame {'id': None}
2026-02-24 17:13:22,210 | DEBUG | http://localhost:51905 "POST /session/3a7978140b007b1a3e9293d9c946a995/frame HTTP/1.1" 200 0
2026-02-24 17:13:22,211 | DEBUG | Remote response: status=200 | data={"value":null} | headers=HTTPHeaderDict({'Content-Length': '14', 'Content-Type': 'application/json; charset=utf-8', 'cache-control': 'no-cache'})
2026-02-24 17:13:22,211 | DEBUG | Finished Request
2026-02-24 17:13:22,211 | DEBUG | POST http://localhost:51905/session/3a7978140b007b1a3e9293d9c946a995/execute/sync {'script': '\n        // Estrategia A: role=button dentro del wrapper jsname=G7vtgf\n        const wrapper = docum...', 'args': []}
2026-02-24 17:13:22,219 | DEBUG | http://localhost:51905 "POST /session/3a7978140b007b1a3e9293d9c946a995/execute/sync HTTP/1.1" 200 0
2026-02-24 17:13:22,220 | DEBUG | Remote response: status=200 | data={"value":"FOUND_INNER"} | headers=HTTPHeaderDict({'Content-Length': '23', 'Content-Type': 'application/json; charset=utf-8', 'cache-control': 'no-cache'})
2026-02-24 17:13:22,220 | DEBUG | Finished Request
2026-02-24 17:13:22,220 | DEBUG | POST http://localhost:51905/session/3a7978140b007b1a3e9293d9c946a995/execute/sync {'script': '\n        let targets = [];\n\n        // Nivel 1: role=button dentro de jsname=G7vtgf\n        const wr...', 'args': []}
2026-02-24 17:13:22,266 | DEBUG | http://localhost:51905 "POST /session/3a7978140b007b1a3e9293d9c946a995/execute/sync HTTP/1.1" 200 0
2026-02-24 17:13:22,266 | DEBUG | Remote response: status=200 | data={"value":"OK:inner-role-button|OK:jsname-wrapper|OK:text-match|OK:text-match"} | headers=HTTPHeaderDict({'Content-Length': '78', 'Content-Type': 'application/json; charset=utf-8', 'cache-control': 'no-cache'})
2026-02-24 17:13:22,267 | DEBUG | Finished Request
2026-02-24 17:13:22,267 | DEBUG | POST http://localhost:51905/session/3a7978140b007b1a3e9293d9c946a995/elements {'using': 'css selector', 'value': '[jsname="G7vtgf"] [role="button"]'}
2026-02-24 17:13:22,287 | DEBUG | http://localhost:51905 "POST /session/3a7978140b007b1a3e9293d9c946a995/elements HTTP/1.1" 200 0
2026-02-24 17:13:22,288 | DEBUG | Remote response: status=200 | data={"value":[{"element-6066-11e4-a52e-4f735466cecf":"f.F2E63EC0AD01CE27DC83D4603DCC732B.d.73F09F6F3408476FCAE94B409CC7A4CE.e.42"},{"element-6066-11e4-a52e-4f735466cecf":"f.F2E63EC0AD01CE27DC83D4603DCC732B.d.73F09F6F3408476FCAE94B409CC7A4CE.e.43"},{"element-6066-11e4-a52e-4f735466cecf":"f.F2E63EC0AD01CE27DC83D4603DCC732B.d.73F09F6F3408476FCAE94B409CC7A4CE.e.44"}]} | headers=HTTPHeaderDict({'Content-Length': '362', 'Content-Type': 'application/json; charset=utf-8', 'cache-control': 'no-cache'})
2026-02-24 17:13:22,288 | DEBUG | Finished Request
2026-02-24 17:13:22,289 | DEBUG | GET http://localhost:51905/session/3a7978140b007b1a3e9293d9c946a995/element/f.F2E63EC0AD01CE27DC83D4603DCC732B.d.73F09F6F3408476FCAE94B409CC7A4CE.e.42/text {}
2026-02-24 17:13:22,306 | DEBUG | http://localhost:51905 "GET /session/3a7978140b007b1a3e9293d9c946a995/element/f.F2E63EC0AD01CE27DC83D4603DCC732B.d.73F09F6F3408476FCAE94B409CC7A4CE.e.42/text HTTP/1.1" 200 0
2026-02-24 17:13:22,306 | DEBUG | Remote response: status=200 | data={"value":""} | headers=HTTPHeaderDict({'Content-Length': '12', 'Content-Type': 'application/json; charset=utf-8', 'cache-control': 'no-cache'})
2026-02-24 17:13:22,306 | DEBUG | Finished Request
2026-02-24 17:13:22,307 | DEBUG | POST http://localhost:51905/session/3a7978140b007b1a3e9293d9c946a995/execute/sync {'script': 'arguments[0].click();', 'args': [{'element-6066-11e4-a52e-4f735466cecf': 'f.F2E63EC0AD01CE27DC83D4603DCC732B.d.73F09F6F3408476FCAE94B409CC7A4CE.e.42'}]}
2026-02-24 17:13:22,321 | DEBUG | http://localhost:51905 "POST /session/3a7978140b007b1a3e9293d9c946a995/execute/sync HTTP/1.1" 200 0
2026-02-24 17:13:22,321 | DEBUG | Remote response: status=200 | data={"value":null} | headers=HTTPHeaderDict({'Content-Length': '14', 'Content-Type': 'application/json; charset=utf-8', 'cache-control': 'no-cache'})
2026-02-24 17:13:22,322 | DEBUG | Finished Request
2026-02-24 17:13:24,822 | DEBUG | POST http://localhost:51905/session/3a7978140b007b1a3e9293d9c946a995/frame {'id': None}
2026-02-24 17:13:24,847 | DEBUG | http://localhost:51905 "POST /session/3a7978140b007b1a3e9293d9c946a995/frame HTTP/1.1" 200 0
2026-02-24 17:13:24,848 | DEBUG | Remote response: status=200 | data={"value":null} | headers=HTTPHeaderDict({'Content-Length': '14', 'Content-Type': 'application/json; charset=utf-8', 'cache-control': 'no-cache'})
2026-02-24 17:13:24,848 | DEBUG | Finished Request
2026-02-24 17:13:27,349 | DEBUG | POST http://localhost:51905/session/3a7978140b007b1a3e9293d9c946a995/frame {'id': None}
2026-02-24 17:13:27,352 | DEBUG | http://localhost:51905 "POST /session/3a7978140b007b1a3e9293d9c946a995/frame HTTP/1.1" 200 0
2026-02-24 17:13:27,352 | DEBUG | Remote response: status=200 | data={"value":null} | headers=HTTPHeaderDict({'Content-Length': '14', 'Content-Type': 'application/json; charset=utf-8', 'cache-control': 'no-cache'})
2026-02-24 17:13:27,353 | DEBUG | Finished Request
2026-02-24 17:13:27,353 | DEBUG | POST http://localhost:51905/session/3a7978140b007b1a3e9293d9c946a995/execute/sync {'script': "\n        const KEYWORDS_DESC = ['responsabilidades','requisitos','experiencia','conocimientos',\n    ...", 'args': []}
2026-02-24 17:13:27,363 | DEBUG | http://localhost:51905 "POST /session/3a7978140b007b1a3e9293d9c946a995/execute/sync HTTP/1.1" 200 0
2026-02-24 17:13:27,363 | DEBUG | Remote response: status=200 | data={"value":"{\"ok\":true,\"fuente\":\".NgUYpe\",\"score\":4478,\"texto\":\"Descripción del trabajoJob descriptionBuscamos consultores dinámicos para hacer crecer nuestro equipo en Santiago, Chile. Tu experiencia, conocimiento y compromiso nos ayudarán a enfrentar los desafíos de nuestros clientes.Estarás apoyando diferentes proyectos a través de tu experiencia como Backend Developer .Responsabilidades principales• Desarrollar nuevas funcionalidades utilizando NestJS y TypeScript en el b...ackend, aplicando arquitectura hexagonal para garantizar escalabilidad y mantenibilidad.• Implementar y mantener microservicios desplegados en Azure cloud services (App Services, Functions, SQL Database).• Diseñar y gestionar pipelines CI/CD con Azure DevOps/GitHub Actions para automatización de testing y despliegue.• Asegurar la calidad del software mediante pruebas unitarias, pruebas de integración y revisiones de código exhaustivas.• Identificar oportunidades de mejora continua del código, optimización de rendimiento y reducción de deuda técnica.• Colaborar con equipos de arquitectura y DevOps para definir estándares técnicos y mejores prácticas de desarrollo.Requisitos• Mínimo 5 años de experiencia en desarrollo backend, con al menos 3 años trabajando específicamente con NestJS.• Experiencia sólida en arquitectura hexagonal y patrones de diseño para sistemas empresariales.• Conocimientos avanzados en Azure cloud services y experiencia práctica en despliegue de aplicaciones cloud-native.• Experiencia trabajando con pipelines CI/CD, infraestructura como código y automatización de procesos.• Manejo de bases de datos PostgreSQL, MongoDB o Cosmos DB en entornos cloud.• Formación académica en Ingeniería en Sistemas, Informática o carrera afín.Qué ofrecemos• Una comunidad internacional que reúne a más de 110 nacionalidades diferentes.• Un entorno donde la confianza ocupa un lugar central: el 70% de nuestros líderes clave comenzaron su carrera en el primer nivel de responsabilidades.• Un sólido sistema de formación con nuestra Academia interna y más de 250 módulos disponibles.• Un entorno de trabajo vibrante con frecuentes eventos internos (afterworks, team buildings, etc.).• Fuerte compromiso con la RSE, especialmente a través de la participación en nuestro programa WeCare Together.Amaris Consulting se enorgullece de ser un lugar de trabajo con igualdad de oportunidades. Estamos comprometidos con la promoción de la diversidad dentro de la fuerza de trabajo y la creación de un ambiente de trabajo inclusivo. Para ello, damos la bienvenida a las solicitudes de todos los candidatos cualificados, independientemente de su género, orientación sexual, raza, etnia, creencias, edad, estado civil, discapacidad u otras características.Who are we?Amaris Consulting es una firma independiente de asesoría tecnológica que ofrece servicios de orientación y soluciones para las empresas.Reúne a más de 7 600 personas distribuidas en 5 continentes y más de 60 países. Con más de 1 000 clientes en todo el mundo, hemos implementado soluciones en proyectos importantes durante más de una década.Nuestros especialistas cubren sectores que abarcan desde servicios financieros y transporte hasta atención sanitaria y tecnología.Amaris es su ‘stepping stone’ para atravesar ríos de cambio, afrontar retos y realizar todos sus proyectos con éxito.\"}"} | headers=HTTPHeaderDict({'Content-Length': '3454', 'Content-Type': 'application/json; charset=utf-8', 'cache-control': 'no-cache'})
2026-02-24 17:13:27,365 | DEBUG | Finished Request
2026-02-24 17:13:27,365 | DEBUG | POST http://localhost:51905/session/3a7978140b007b1a3e9293d9c946a995/frame {'id': None}
2026-02-24 17:13:27,369 | DEBUG | http://localhost:51905 "POST /session/3a7978140b007b1a3e9293d9c946a995/frame HTTP/1.1" 200 0
2026-02-24 17:13:27,369 | DEBUG | Remote response: status=200 | data={"value":null} | headers=HTTPHeaderDict({'Content-Length': '14', 'Content-Type': 'application/json; charset=utf-8', 'cache-control': 'no-cache'})
2026-02-24 17:13:27,369 | DEBUG | Finished Request
2026-02-24 17:13:27,370 | DEBUG | GET http://localhost:51905/session/3a7978140b007b1a3e9293d9c946a995/url {}
2026-02-24 17:13:27,377 | DEBUG | http://localhost:51905 "GET /session/3a7978140b007b1a3e9293d9c946a995/url HTTP/1.1" 200 0
2026-02-24 17:13:27,377 | DEBUG | Remote response: status=200 | data={"value":"https://www.google.com/search?q=Backend+Developer+Santiago,+Chile&udm=8&sei=VAaeaZqcBrDe1sQP15HMCA&jbr=sep:0#vhid=vt%3D20/docid%3D7AY0z8XCOrrs0knDAAAAAA%3D%3D&vssid=jobs-detail-viewer"} | headers=HTTPHeaderDict({'Content-Length': '195', 'Content-Type': 'application/json; charset=utf-8', 'cache-control': 'no-cache'})
2026-02-24 17:13:27,377 | DEBUG | Finished Request
2026-02-24 17:13:27,378 | DEBUG | POST http://localhost:51905/session/3a7978140b007b1a3e9293d9c946a995/frame {'id': None}
2026-02-24 17:13:27,382 | DEBUG | http://localhost:51905 "POST /session/3a7978140b007b1a3e9293d9c946a995/frame HTTP/1.1" 200 0
2026-02-24 17:13:27,383 | DEBUG | Remote response: status=200 | data={"value":null} | headers=HTTPHeaderDict({'Content-Length': '14', 'Content-Type': 'application/json; charset=utf-8', 'cache-control': 'no-cache'})
2026-02-24 17:13:27,383 | DEBUG | Finished Request
2026-02-24 17:13:27,383 | DEBUG | GET http://localhost:51905/session/3a7978140b007b1a3e9293d9c946a995/url {}
2026-02-24 17:13:27,390 | DEBUG | http://localhost:51905 "GET /session/3a7978140b007b1a3e9293d9c946a995/url HTTP/1.1" 200 0
2026-02-24 17:13:27,390 | DEBUG | Remote response: status=200 | data={"value":"https://www.google.com/search?q=Backend+Developer+Santiago,+Chile&udm=8&sei=VAaeaZqcBrDe1sQP15HMCA&jbr=sep:0#vhid=vt%3D20/docid%3D7AY0z8XCOrrs0knDAAAAAA%3D%3D&vssid=jobs-detail-viewer"} | headers=HTTPHeaderDict({'Content-Length': '195', 'Content-Type': 'application/json; charset=utf-8', 'cache-control': 'no-cache'})
2026-02-24 17:13:27,390 | DEBUG | Finished Request
2026-02-24 17:13:28,193 | DEBUG | POST http://localhost:51905/session/3a7978140b007b1a3e9293d9c946a995/frame {'id': None}
2026-02-24 17:13:28,197 | DEBUG | http://localhost:51905 "POST /session/3a7978140b007b1a3e9293d9c946a995/frame HTTP/1.1" 200 0
2026-02-24 17:13:28,197 | DEBUG | Remote response: status=200 | data={"value":null} | headers=HTTPHeaderDict({'Content-Length': '14', 'Content-Type': 'application/json; charset=utf-8', 'cache-control': 'no-cache'})
2026-02-24 17:13:28,197 | DEBUG | Finished Request
2026-02-24 17:13:28,198 | DEBUG | POST http://localhost:51905/session/3a7978140b007b1a3e9293d9c946a995/elements {'using': 'css selector', 'value': 'div.EimVGf'}
2026-02-24 17:13:28,233 | DEBUG | http://localhost:51905 "POST /session/3a7978140b007b1a3e9293d9c946a995/elements HTTP/1.1" 200 0
2026-02-24 17:13:28,233 | DEBUG | Remote response: status=200 | data={"value":[{"element-6066-11e4-a52e-4f735466cecf":"f.F2E63EC0AD01CE27DC83D4603DCC732B.d.73F09F6F3408476FCAE94B409CC7A4CE.e.24"},{"element-6066-11e4-a52e-4f735466cecf":"f.F2E63EC0AD01CE27DC83D4603DCC732B.d.73F09F6F3408476FCAE94B409CC7A4CE.e.25"},{"element-6066-11e4-a52e-4f735466cecf":"f.F2E63EC0AD01CE27DC83D4603DCC732B.d.73F09F6F3408476FCAE94B409CC7A4CE.e.26"},{"element-6066-11e4-a52e-4f735466cecf":"f.F2E63EC0AD01CE27DC83D4603DCC732B.d.73F09F6F3408476FCAE94B409CC7A4CE.e.27"},{"element-6066-11e4-a52e-4f735466cecf":"f.F2E63EC0AD01CE27DC83D4603DCC732B.d.73F09F6F3408476FCAE94B409CC7A4CE.e.28"},{"element-6066-11e4-a52e-4f735466cecf":"f.F2E63EC0AD01CE27DC83D4603DCC732B.d.73F09F6F3408476FCAE94B409CC7A4CE.e.29"},{"element-6066-11e4-a52e-4f735466cecf":"f.F2E63EC0AD01CE27DC83D4603DCC732B.d.73F09F6F3408476FCAE94B409CC7A4CE.e.30"},{"element-6066-11e4-a52e-4f735466cecf":"f.F2E63EC0AD01CE27DC83D4603DCC732B.d.73F09F6F3408476FCAE94B409CC7A4CE.e.31"},{"element-6066-11e4-a52e-4f735466cecf":"f.F2E63EC0AD01CE27DC83D4603DCC732B.d.73F09F6F3408476FCAE94B409CC7A4CE.e.32"},{"element-6066-11e4-a52e-4f735466cecf":"f.F2E63EC0AD01CE27DC83D4603DCC732B.d.73F09F6F3408476FCAE94B409CC7A4CE.e.33"}]} | headers=HTTPHeaderDict({'Content-Length': '1181', 'Content-Type': 'application/json; charset=utf-8', 'cache-control': 'no-cache'})
2026-02-24 17:13:28,233 | DEBUG | Finished Request
2026-02-24 17:13:28,234 | DEBUG | POST http://localhost:51905/session/3a7978140b007b1a3e9293d9c946a995/execute/sync {'script': 'return arguments[0].innerText;', 'args': [{'element-6066-11e4-a52e-4f735466cecf': 'f.F2E63EC0AD01CE27DC83D4603DCC732B.d.73F09F6F3408476FCAE94B409CC7A4CE.e.28'}]}
2026-02-24 17:13:28,242 | DEBUG | http://localhost:51905 "POST /session/3a7978140b007b1a3e9293d9c946a995/execute/sync HTTP/1.1" 200 0
2026-02-24 17:13:28,242 | DEBUG | Remote response: status=200 | data={"value":"Developer Backend\nSoftys Argentina\nRegión Metropolitana (y 1 ubicación más) • a través de Talent.com\nhace 5 días\nTiempo completo"} | headers=HTTPHeaderDict({'Content-Length': '151', 'Content-Type': 'application/json; charset=utf-8', 'cache-control': 'no-cache'})
2026-02-24 17:13:28,243 | DEBUG | Finished Request
2026-02-24 17:13:28,244 | DEBUG | POST http://localhost:51905/session/3a7978140b007b1a3e9293d9c946a995/execute/sync {'script': "arguments[0].scrollIntoView({block:'center'});", 'args': [{'element-6066-11e4-a52e-4f735466cecf': 'f.F2E63EC0AD01CE27DC83D4603DCC732B.d.73F09F6F3408476FCAE94B409CC7A4CE.e.28'}]}
2026-02-24 17:13:28,254 | DEBUG | http://localhost:51905 "POST /session/3a7978140b007b1a3e9293d9c946a995/execute/sync HTTP/1.1" 200 0
2026-02-24 17:13:28,255 | DEBUG | Remote response: status=200 | data={"value":null} | headers=HTTPHeaderDict({'Content-Length': '14', 'Content-Type': 'application/json; charset=utf-8', 'cache-control': 'no-cache'})
2026-02-24 17:13:28,255 | DEBUG | Finished Request
2026-02-24 17:13:28,556 | DEBUG | POST http://localhost:51905/session/3a7978140b007b1a3e9293d9c946a995/execute/sync {'script': '\n        const bloque = arguments[0];\n        // Buscar hijo con jsaction (el elemento que recibe el...', 'args': [{'element-6066-11e4-a52e-4f735466cecf': 'f.F2E63EC0AD01CE27DC83D4603DCC732B.d.73F09F6F3408476FCAE94B409CC7A4CE.e.28'}]}
2026-02-24 17:13:28,655 | DEBUG | http://localhost:51905 "POST /session/3a7978140b007b1a3e9293d9c946a995/execute/sync HTTP/1.1" 200 0
2026-02-24 17:13:28,656 | DEBUG | Remote response: status=200 | data={"value":"OK:jsaction:rcuQ6b:npT2md;h5M12e;jGQF0b:kNqZ1c;"} | headers=HTTPHeaderDict({'Content-Length': '59', 'Content-Type': 'application/json; charset=utf-8', 'cache-control': 'no-cache'})
2026-02-24 17:13:28,656 | DEBUG | Finished Request
2026-02-24 17:13:28,657 | DEBUG | GET http://localhost:51905/session/3a7978140b007b1a3e9293d9c946a995/url {}
2026-02-24 17:13:28,724 | DEBUG | http://localhost:51905 "GET /session/3a7978140b007b1a3e9293d9c946a995/url HTTP/1.1" 200 0
2026-02-24 17:13:28,724 | DEBUG | Remote response: status=200 | data={"value":"https://www.google.com/search?q=Backend+Developer+Santiago,+Chile&udm=8&sei=VAaeaZqcBrDe1sQP15HMCA&jbr=sep:0#vhid=vt%3D20/docid%3D5kUC-20KGFnVrBp8AAAAAA%3D%3D&vssid=jobs-detail-viewer"} | headers=HTTPHeaderDict({'Content-Length': '195', 'Content-Type': 'application/json; charset=utf-8', 'cache-control': 'no-cache'})
2026-02-24 17:13:28,724 | DEBUG | Finished Request
2026-02-24 17:13:29,125 | DEBUG | GET http://localhost:51905/session/3a7978140b007b1a3e9293d9c946a995/url {}
2026-02-24 17:13:29,132 | DEBUG | http://localhost:51905 "GET /session/3a7978140b007b1a3e9293d9c946a995/url HTTP/1.1" 200 0
2026-02-24 17:13:29,132 | DEBUG | Remote response: status=200 | data={"value":"https://www.google.com/search?q=Backend+Developer+Santiago,+Chile&udm=8&sei=VAaeaZqcBrDe1sQP15HMCA&jbr=sep:0#vhid=vt%3D20/docid%3D5kUC-20KGFnVrBp8AAAAAA%3D%3D&vssid=jobs-detail-viewer"} | headers=HTTPHeaderDict({'Content-Length': '195', 'Content-Type': 'application/json; charset=utf-8', 'cache-control': 'no-cache'})
2026-02-24 17:13:29,132 | DEBUG | Finished Request
2026-02-24 17:13:29,533 | DEBUG | GET http://localhost:51905/session/3a7978140b007b1a3e9293d9c946a995/url {}
2026-02-24 17:13:29,540 | DEBUG | http://localhost:51905 "GET /session/3a7978140b007b1a3e9293d9c946a995/url HTTP/1.1" 200 0
2026-02-24 17:13:29,540 | DEBUG | Remote response: status=200 | data={"value":"https://www.google.com/search?q=Backend+Developer+Santiago,+Chile&udm=8&sei=VAaeaZqcBrDe1sQP15HMCA&jbr=sep:0#vhid=vt%3D20/docid%3D5kUC-20KGFnVrBp8AAAAAA%3D%3D&vssid=jobs-detail-viewer"} | headers=HTTPHeaderDict({'Content-Length': '195', 'Content-Type': 'application/json; charset=utf-8', 'cache-control': 'no-cache'})
2026-02-24 17:13:29,540 | DEBUG | Finished Request
2026-02-24 17:13:29,941 | DEBUG | GET http://localhost:51905/session/3a7978140b007b1a3e9293d9c946a995/url {}
2026-02-24 17:13:29,949 | DEBUG | http://localhost:51905 "GET /session/3a7978140b007b1a3e9293d9c946a995/url HTTP/1.1" 200 0
2026-02-24 17:13:29,949 | DEBUG | Remote response: status=200 | data={"value":"https://www.google.com/search?q=Backend+Developer+Santiago,+Chile&udm=8&sei=VAaeaZqcBrDe1sQP15HMCA&jbr=sep:0#vhid=vt%3D20/docid%3D5kUC-20KGFnVrBp8AAAAAA%3D%3D&vssid=jobs-detail-viewer"} | headers=HTTPHeaderDict({'Content-Length': '195', 'Content-Type': 'application/json; charset=utf-8', 'cache-control': 'no-cache'})
2026-02-24 17:13:29,949 | DEBUG | Finished Request
2026-02-24 17:13:30,350 | DEBUG | GET http://localhost:51905/session/3a7978140b007b1a3e9293d9c946a995/url {}
2026-02-24 17:13:30,356 | DEBUG | http://localhost:51905 "GET /session/3a7978140b007b1a3e9293d9c946a995/url HTTP/1.1" 200 0
2026-02-24 17:13:30,357 | DEBUG | Remote response: status=200 | data={"value":"https://www.google.com/search?q=Backend+Developer+Santiago,+Chile&udm=8&sei=VAaeaZqcBrDe1sQP15HMCA&jbr=sep:0#vhid=vt%3D20/docid%3D5kUC-20KGFnVrBp8AAAAAA%3D%3D&vssid=jobs-detail-viewer"} | headers=HTTPHeaderDict({'Content-Length': '195', 'Content-Type': 'application/json; charset=utf-8', 'cache-control': 'no-cache'})
2026-02-24 17:13:30,357 | DEBUG | Finished Request
2026-02-24 17:13:30,758 | DEBUG | GET http://localhost:51905/session/3a7978140b007b1a3e9293d9c946a995/url {}
2026-02-24 17:13:30,763 | DEBUG | http://localhost:51905 "GET /session/3a7978140b007b1a3e9293d9c946a995/url HTTP/1.1" 200 0
2026-02-24 17:13:30,763 | DEBUG | Remote response: status=200 | data={"value":"https://www.google.com/search?q=Backend+Developer+Santiago,+Chile&udm=8&sei=VAaeaZqcBrDe1sQP15HMCA&jbr=sep:0#vhid=vt%3D20/docid%3D5kUC-20KGFnVrBp8AAAAAA%3D%3D&vssid=jobs-detail-viewer"} | headers=HTTPHeaderDict({'Content-Length': '195', 'Content-Type': 'application/json; charset=utf-8', 'cache-control': 'no-cache'})
2026-02-24 17:13:30,764 | DEBUG | Finished Request
2026-02-24 17:13:31,165 | DEBUG | GET http://localhost:51905/session/3a7978140b007b1a3e9293d9c946a995/url {}
2026-02-24 17:13:31,171 | DEBUG | http://localhost:51905 "GET /session/3a7978140b007b1a3e9293d9c946a995/url HTTP/1.1" 200 0
2026-02-24 17:13:31,171 | DEBUG | Remote response: status=200 | data={"value":"https://www.google.com/search?q=Backend+Developer+Santiago,+Chile&udm=8&sei=VAaeaZqcBrDe1sQP15HMCA&jbr=sep:0#vhid=vt%3D20/docid%3D5kUC-20KGFnVrBp8AAAAAA%3D%3D&vssid=jobs-detail-viewer"} | headers=HTTPHeaderDict({'Content-Length': '195', 'Content-Type': 'application/json; charset=utf-8', 'cache-control': 'no-cache'})
2026-02-24 17:13:31,171 | DEBUG | Finished Request
2026-02-24 17:13:31,572 | DEBUG | GET http://localhost:51905/session/3a7978140b007b1a3e9293d9c946a995/url {}
2026-02-24 17:13:31,578 | DEBUG | http://localhost:51905 "GET /session/3a7978140b007b1a3e9293d9c946a995/url HTTP/1.1" 200 0
2026-02-24 17:13:31,578 | DEBUG | Remote response: status=200 | data={"value":"https://www.google.com/search?q=Backend+Developer+Santiago,+Chile&udm=8&sei=VAaeaZqcBrDe1sQP15HMCA&jbr=sep:0#vhid=vt%3D20/docid%3D5kUC-20KGFnVrBp8AAAAAA%3D%3D&vssid=jobs-detail-viewer"} | headers=HTTPHeaderDict({'Content-Length': '195', 'Content-Type': 'application/json; charset=utf-8', 'cache-control': 'no-cache'})
2026-02-24 17:13:31,579 | DEBUG | Finished Request
2026-02-24 17:13:31,980 | DEBUG | GET http://localhost:51905/session/3a7978140b007b1a3e9293d9c946a995/url {}
2026-02-24 17:13:31,985 | DEBUG | http://localhost:51905 "GET /session/3a7978140b007b1a3e9293d9c946a995/url HTTP/1.1" 200 0
2026-02-24 17:13:31,986 | DEBUG | Remote response: status=200 | data={"value":"https://www.google.com/search?q=Backend+Developer+Santiago,+Chile&udm=8&sei=VAaeaZqcBrDe1sQP15HMCA&jbr=sep:0#vhid=vt%3D20/docid%3D5kUC-20KGFnVrBp8AAAAAA%3D%3D&vssid=jobs-detail-viewer"} | headers=HTTPHeaderDict({'Content-Length': '195', 'Content-Type': 'application/json; charset=utf-8', 'cache-control': 'no-cache'})
2026-02-24 17:13:31,986 | DEBUG | Finished Request
2026-02-24 17:13:32,387 | DEBUG | GET http://localhost:51905/session/3a7978140b007b1a3e9293d9c946a995/url {}
2026-02-24 17:13:32,393 | DEBUG | http://localhost:51905 "GET /session/3a7978140b007b1a3e9293d9c946a995/url HTTP/1.1" 200 0
2026-02-24 17:13:32,394 | DEBUG | Remote response: status=200 | data={"value":"https://www.google.com/search?q=Backend+Developer+Santiago,+Chile&udm=8&sei=VAaeaZqcBrDe1sQP15HMCA&jbr=sep:0#vhid=vt%3D20/docid%3D5kUC-20KGFnVrBp8AAAAAA%3D%3D&vssid=jobs-detail-viewer"} | headers=HTTPHeaderDict({'Content-Length': '195', 'Content-Type': 'application/json; charset=utf-8', 'cache-control': 'no-cache'})
2026-02-24 17:13:32,394 | DEBUG | Finished Request
2026-02-24 17:13:32,795 | DEBUG | GET http://localhost:51905/session/3a7978140b007b1a3e9293d9c946a995/url {}
2026-02-24 17:13:32,801 | DEBUG | http://localhost:51905 "GET /session/3a7978140b007b1a3e9293d9c946a995/url HTTP/1.1" 200 0
2026-02-24 17:13:32,801 | DEBUG | Remote response: status=200 | data={"value":"https://www.google.com/search?q=Backend+Developer+Santiago,+Chile&udm=8&sei=VAaeaZqcBrDe1sQP15HMCA&jbr=sep:0#vhid=vt%3D20/docid%3D5kUC-20KGFnVrBp8AAAAAA%3D%3D&vssid=jobs-detail-viewer"} | headers=HTTPHeaderDict({'Content-Length': '195', 'Content-Type': 'application/json; charset=utf-8', 'cache-control': 'no-cache'})
2026-02-24 17:13:32,801 | DEBUG | Finished Request
2026-02-24 17:13:33,202 | DEBUG | GET http://localhost:51905/session/3a7978140b007b1a3e9293d9c946a995/url {}
2026-02-24 17:13:33,208 | DEBUG | http://localhost:51905 "GET /session/3a7978140b007b1a3e9293d9c946a995/url HTTP/1.1" 200 0
2026-02-24 17:13:33,208 | DEBUG | Remote response: status=200 | data={"value":"https://www.google.com/search?q=Backend+Developer+Santiago,+Chile&udm=8&sei=VAaeaZqcBrDe1sQP15HMCA&jbr=sep:0#vhid=vt%3D20/docid%3D5kUC-20KGFnVrBp8AAAAAA%3D%3D&vssid=jobs-detail-viewer"} | headers=HTTPHeaderDict({'Content-Length': '195', 'Content-Type': 'application/json; charset=utf-8', 'cache-control': 'no-cache'})
2026-02-24 17:13:33,208 | DEBUG | Finished Request
2026-02-24 17:13:33,609 | DEBUG | GET http://localhost:51905/session/3a7978140b007b1a3e9293d9c946a995/url {}
2026-02-24 17:13:33,615 | DEBUG | http://localhost:51905 "GET /session/3a7978140b007b1a3e9293d9c946a995/url HTTP/1.1" 200 0
2026-02-24 17:13:33,615 | DEBUG | Remote response: status=200 | data={"value":"https://www.google.com/search?q=Backend+Developer+Santiago,+Chile&udm=8&sei=VAaeaZqcBrDe1sQP15HMCA&jbr=sep:0#vhid=vt%3D20/docid%3D5kUC-20KGFnVrBp8AAAAAA%3D%3D&vssid=jobs-detail-viewer"} | headers=HTTPHeaderDict({'Content-Length': '195', 'Content-Type': 'application/json; charset=utf-8', 'cache-control': 'no-cache'})
2026-02-24 17:13:33,616 | DEBUG | Finished Request
2026-02-24 17:13:34,017 | DEBUG | GET http://localhost:51905/session/3a7978140b007b1a3e9293d9c946a995/url {}
2026-02-24 17:13:34,023 | DEBUG | http://localhost:51905 "GET /session/3a7978140b007b1a3e9293d9c946a995/url HTTP/1.1" 200 0
2026-02-24 17:13:34,023 | DEBUG | Remote response: status=200 | data={"value":"https://www.google.com/search?q=Backend+Developer+Santiago,+Chile&udm=8&sei=VAaeaZqcBrDe1sQP15HMCA&jbr=sep:0#vhid=vt%3D20/docid%3D5kUC-20KGFnVrBp8AAAAAA%3D%3D&vssid=jobs-detail-viewer"} | headers=HTTPHeaderDict({'Content-Length': '195', 'Content-Type': 'application/json; charset=utf-8', 'cache-control': 'no-cache'})
2026-02-24 17:13:34,023 | DEBUG | Finished Request
2026-02-24 17:13:34,425 | DEBUG | GET http://localhost:51905/session/3a7978140b007b1a3e9293d9c946a995/url {}
2026-02-24 17:13:34,431 | DEBUG | http://localhost:51905 "GET /session/3a7978140b007b1a3e9293d9c946a995/url HTTP/1.1" 200 0
2026-02-24 17:13:34,431 | DEBUG | Remote response: status=200 | data={"value":"https://www.google.com/search?q=Backend+Developer+Santiago,+Chile&udm=8&sei=VAaeaZqcBrDe1sQP15HMCA&jbr=sep:0#vhid=vt%3D20/docid%3D5kUC-20KGFnVrBp8AAAAAA%3D%3D&vssid=jobs-detail-viewer"} | headers=HTTPHeaderDict({'Content-Length': '195', 'Content-Type': 'application/json; charset=utf-8', 'cache-control': 'no-cache'})
2026-02-24 17:13:34,432 | DEBUG | Finished Request
2026-02-24 17:13:34,833 | DEBUG | GET http://localhost:51905/session/3a7978140b007b1a3e9293d9c946a995/url {}
2026-02-24 17:13:34,839 | DEBUG | http://localhost:51905 "GET /session/3a7978140b007b1a3e9293d9c946a995/url HTTP/1.1" 200 0
2026-02-24 17:13:34,839 | DEBUG | Remote response: status=200 | data={"value":"https://www.google.com/search?q=Backend+Developer+Santiago,+Chile&udm=8&sei=VAaeaZqcBrDe1sQP15HMCA&jbr=sep:0#vhid=vt%3D20/docid%3D5kUC-20KGFnVrBp8AAAAAA%3D%3D&vssid=jobs-detail-viewer"} | headers=HTTPHeaderDict({'Content-Length': '195', 'Content-Type': 'application/json; charset=utf-8', 'cache-control': 'no-cache'})
2026-02-24 17:13:34,839 | DEBUG | Finished Request
2026-02-24 17:13:35,240 | DEBUG | GET http://localhost:51905/session/3a7978140b007b1a3e9293d9c946a995/url {}
2026-02-24 17:13:35,246 | DEBUG | http://localhost:51905 "GET /session/3a7978140b007b1a3e9293d9c946a995/url HTTP/1.1" 200 0
2026-02-24 17:13:35,246 | DEBUG | Remote response: status=200 | data={"value":"https://www.google.com/search?q=Backend+Developer+Santiago,+Chile&udm=8&sei=VAaeaZqcBrDe1sQP15HMCA&jbr=sep:0#vhid=vt%3D20/docid%3D5kUC-20KGFnVrBp8AAAAAA%3D%3D&vssid=jobs-detail-viewer"} | headers=HTTPHeaderDict({'Content-Length': '195', 'Content-Type': 'application/json; charset=utf-8', 'cache-control': 'no-cache'})
2026-02-24 17:13:35,246 | DEBUG | Finished Request
2026-02-24 17:13:35,647 | DEBUG | GET http://localhost:51905/session/3a7978140b007b1a3e9293d9c946a995/url {}
2026-02-24 17:13:35,653 | DEBUG | http://localhost:51905 "GET /session/3a7978140b007b1a3e9293d9c946a995/url HTTP/1.1" 200 0
2026-02-24 17:13:35,653 | DEBUG | Remote response: status=200 | data={"value":"https://www.google.com/search?q=Backend+Developer+Santiago,+Chile&udm=8&sei=VAaeaZqcBrDe1sQP15HMCA&jbr=sep:0#vhid=vt%3D20/docid%3D5kUC-20KGFnVrBp8AAAAAA%3D%3D&vssid=jobs-detail-viewer"} | headers=HTTPHeaderDict({'Content-Length': '195', 'Content-Type': 'application/json; charset=utf-8', 'cache-control': 'no-cache'})
2026-02-24 17:13:35,653 | DEBUG | Finished Request
2026-02-24 17:13:36,054 | DEBUG | GET http://localhost:51905/session/3a7978140b007b1a3e9293d9c946a995/url {}
2026-02-24 17:13:36,061 | DEBUG | http://localhost:51905 "GET /session/3a7978140b007b1a3e9293d9c946a995/url HTTP/1.1" 200 0
2026-02-24 17:13:36,061 | DEBUG | Remote response: status=200 | data={"value":"https://www.google.com/search?q=Backend+Developer+Santiago,+Chile&udm=8&sei=VAaeaZqcBrDe1sQP15HMCA&jbr=sep:0#vhid=vt%3D20/docid%3D5kUC-20KGFnVrBp8AAAAAA%3D%3D&vssid=jobs-detail-viewer"} | headers=HTTPHeaderDict({'Content-Length': '195', 'Content-Type': 'application/json; charset=utf-8', 'cache-control': 'no-cache'})
2026-02-24 17:13:36,061 | DEBUG | Finished Request
2026-02-24 17:13:36,462 | DEBUG | GET http://localhost:51905/session/3a7978140b007b1a3e9293d9c946a995/url {}
2026-02-24 17:13:36,468 | DEBUG | http://localhost:51905 "GET /session/3a7978140b007b1a3e9293d9c946a995/url HTTP/1.1" 200 0
2026-02-24 17:13:36,468 | DEBUG | Remote response: status=200 | data={"value":"https://www.google.com/search?q=Backend+Developer+Santiago,+Chile&udm=8&sei=VAaeaZqcBrDe1sQP15HMCA&jbr=sep:0#vhid=vt%3D20/docid%3D5kUC-20KGFnVrBp8AAAAAA%3D%3D&vssid=jobs-detail-viewer"} | headers=HTTPHeaderDict({'Content-Length': '195', 'Content-Type': 'application/json; charset=utf-8', 'cache-control': 'no-cache'})
2026-02-24 17:13:36,469 | DEBUG | Finished Request
2026-02-24 17:13:36,870 | DEBUG | GET http://localhost:51905/session/3a7978140b007b1a3e9293d9c946a995/url {}
2026-02-24 17:13:36,876 | DEBUG | http://localhost:51905 "GET /session/3a7978140b007b1a3e9293d9c946a995/url HTTP/1.1" 200 0
2026-02-24 17:13:36,876 | DEBUG | Remote response: status=200 | data={"value":"https://www.google.com/search?q=Backend+Developer+Santiago,+Chile&udm=8&sei=VAaeaZqcBrDe1sQP15HMCA&jbr=sep:0#vhid=vt%3D20/docid%3D5kUC-20KGFnVrBp8AAAAAA%3D%3D&vssid=jobs-detail-viewer"} | headers=HTTPHeaderDict({'Content-Length': '195', 'Content-Type': 'application/json; charset=utf-8', 'cache-control': 'no-cache'})
2026-02-24 17:13:36,876 | DEBUG | Finished Request
2026-02-24 17:13:36,876 | DEBUG | GET http://localhost:51905/session/3a7978140b007b1a3e9293d9c946a995/url {}
2026-02-24 17:13:36,883 | DEBUG | http://localhost:51905 "GET /session/3a7978140b007b1a3e9293d9c946a995/url HTTP/1.1" 200 0
2026-02-24 17:13:36,883 | DEBUG | Remote response: status=200 | data={"value":"https://www.google.com/search?q=Backend+Developer+Santiago,+Chile&udm=8&sei=VAaeaZqcBrDe1sQP15HMCA&jbr=sep:0#vhid=vt%3D20/docid%3D5kUC-20KGFnVrBp8AAAAAA%3D%3D&vssid=jobs-detail-viewer"} | headers=HTTPHeaderDict({'Content-Length': '195', 'Content-Type': 'application/json; charset=utf-8', 'cache-control': 'no-cache'})
2026-02-24 17:13:36,884 | DEBUG | Finished Request
2026-02-24 17:13:38,086 | DEBUG | POST http://localhost:51905/session/3a7978140b007b1a3e9293d9c946a995/frame {'id': None}
2026-02-24 17:13:38,089 | DEBUG | http://localhost:51905 "POST /session/3a7978140b007b1a3e9293d9c946a995/frame HTTP/1.1" 200 0
2026-02-24 17:13:38,089 | DEBUG | Remote response: status=200 | data={"value":null} | headers=HTTPHeaderDict({'Content-Length': '14', 'Content-Type': 'application/json; charset=utf-8', 'cache-control': 'no-cache'})
2026-02-24 17:13:38,090 | DEBUG | Finished Request
2026-02-24 17:13:38,090 | DEBUG | POST http://localhost:51905/session/3a7978140b007b1a3e9293d9c946a995/execute/sync {'script': '\n        // Estrategia A: role=button dentro del wrapper jsname=G7vtgf\n        const wrapper = docum...', 'args': []}
2026-02-24 17:13:38,098 | DEBUG | http://localhost:51905 "POST /session/3a7978140b007b1a3e9293d9c946a995/execute/sync HTTP/1.1" 200 0
2026-02-24 17:13:38,098 | DEBUG | Remote response: status=200 | data={"value":"FOUND_INNER"} | headers=HTTPHeaderDict({'Content-Length': '23', 'Content-Type': 'application/json; charset=utf-8', 'cache-control': 'no-cache'})
2026-02-24 17:13:38,098 | DEBUG | Finished Request
2026-02-24 17:13:38,099 | DEBUG | POST http://localhost:51905/session/3a7978140b007b1a3e9293d9c946a995/execute/sync {'script': '\n        let targets = [];\n\n        // Nivel 1: role=button dentro de jsname=G7vtgf\n        const wr...', 'args': []}
2026-02-24 17:13:38,131 | DEBUG | http://localhost:51905 "POST /session/3a7978140b007b1a3e9293d9c946a995/execute/sync HTTP/1.1" 200 0
2026-02-24 17:13:38,132 | DEBUG | Remote response: status=200 | data={"value":"OK:inner-role-button|OK:jsname-wrapper|OK:text-match|OK:text-match"} | headers=HTTPHeaderDict({'Content-Length': '78', 'Content-Type': 'application/json; charset=utf-8', 'cache-control': 'no-cache'})
2026-02-24 17:13:38,132 | DEBUG | Finished Request
2026-02-24 17:13:38,133 | DEBUG | POST http://localhost:51905/session/3a7978140b007b1a3e9293d9c946a995/elements {'using': 'css selector', 'value': '[jsname="G7vtgf"] [role="button"]'}
2026-02-24 17:13:38,146 | DEBUG | http://localhost:51905 "POST /session/3a7978140b007b1a3e9293d9c946a995/elements HTTP/1.1" 200 0
2026-02-24 17:13:38,147 | DEBUG | Remote response: status=200 | data={"value":[{"element-6066-11e4-a52e-4f735466cecf":"f.F2E63EC0AD01CE27DC83D4603DCC732B.d.73F09F6F3408476FCAE94B409CC7A4CE.e.66"},{"element-6066-11e4-a52e-4f735466cecf":"f.F2E63EC0AD01CE27DC83D4603DCC732B.d.73F09F6F3408476FCAE94B409CC7A4CE.e.67"},{"element-6066-11e4-a52e-4f735466cecf":"f.F2E63EC0AD01CE27DC83D4603DCC732B.d.73F09F6F3408476FCAE94B409CC7A4CE.e.68"}]} | headers=HTTPHeaderDict({'Content-Length': '362', 'Content-Type': 'application/json; charset=utf-8', 'cache-control': 'no-cache'})
2026-02-24 17:13:38,147 | DEBUG | Finished Request
2026-02-24 17:13:38,147 | DEBUG | GET http://localhost:51905/session/3a7978140b007b1a3e9293d9c946a995/element/f.F2E63EC0AD01CE27DC83D4603DCC732B.d.73F09F6F3408476FCAE94B409CC7A4CE.e.66/text {}
2026-02-24 17:13:38,158 | DEBUG | http://localhost:51905 "GET /session/3a7978140b007b1a3e9293d9c946a995/element/f.F2E63EC0AD01CE27DC83D4603DCC732B.d.73F09F6F3408476FCAE94B409CC7A4CE.e.66/text HTTP/1.1" 200 0
2026-02-24 17:13:38,158 | DEBUG | Remote response: status=200 | data={"value":""} | headers=HTTPHeaderDict({'Content-Length': '12', 'Content-Type': 'application/json; charset=utf-8', 'cache-control': 'no-cache'})
2026-02-24 17:13:38,159 | DEBUG | Finished Request
2026-02-24 17:13:38,159 | DEBUG | POST http://localhost:51905/session/3a7978140b007b1a3e9293d9c946a995/execute/sync {'script': 'arguments[0].click();', 'args': [{'element-6066-11e4-a52e-4f735466cecf': 'f.F2E63EC0AD01CE27DC83D4603DCC732B.d.73F09F6F3408476FCAE94B409CC7A4CE.e.66'}]}
2026-02-24 17:13:38,170 | DEBUG | http://localhost:51905 "POST /session/3a7978140b007b1a3e9293d9c946a995/execute/sync HTTP/1.1" 200 0
2026-02-24 17:13:38,170 | DEBUG | Remote response: status=200 | data={"value":null} | headers=HTTPHeaderDict({'Content-Length': '14', 'Content-Type': 'application/json; charset=utf-8', 'cache-control': 'no-cache'})
2026-02-24 17:13:38,171 | DEBUG | Finished Request
2026-02-24 17:13:40,672 | DEBUG | POST http://localhost:51905/session/3a7978140b007b1a3e9293d9c946a995/frame {'id': None}
2026-02-24 17:13:40,675 | DEBUG | http://localhost:51905 "POST /session/3a7978140b007b1a3e9293d9c946a995/frame HTTP/1.1" 200 0
2026-02-24 17:13:40,675 | DEBUG | Remote response: status=200 | data={"value":null} | headers=HTTPHeaderDict({'Content-Length': '14', 'Content-Type': 'application/json; charset=utf-8', 'cache-control': 'no-cache'})
2026-02-24 17:13:40,676 | DEBUG | Finished Request
2026-02-24 17:13:43,177 | DEBUG | POST http://localhost:51905/session/3a7978140b007b1a3e9293d9c946a995/frame {'id': None}
2026-02-24 17:13:43,180 | DEBUG | http://localhost:51905 "POST /session/3a7978140b007b1a3e9293d9c946a995/frame HTTP/1.1" 200 0
2026-02-24 17:13:43,180 | DEBUG | Remote response: status=200 | data={"value":null} | headers=HTTPHeaderDict({'Content-Length': '14', 'Content-Type': 'application/json; charset=utf-8', 'cache-control': 'no-cache'})
2026-02-24 17:13:43,181 | DEBUG | Finished Request
2026-02-24 17:13:43,181 | DEBUG | POST http://localhost:51905/session/3a7978140b007b1a3e9293d9c946a995/execute/sync {'script': "\n        const KEYWORDS_DESC = ['responsabilidades','requisitos','experiencia','conocimientos',\n    ...", 'args': []}
2026-02-24 17:13:43,188 | DEBUG | http://localhost:51905 "POST /session/3a7978140b007b1a3e9293d9c946a995/execute/sync HTTP/1.1" 200 0
2026-02-24 17:13:43,188 | DEBUG | Remote response: status=200 | data={"value":"{\"ok\":true,\"fuente\":\"#Sva75c\",\"score\":3560,\"texto\":\"Softys Argentina\\nDeveloper Backend\\nSoftys Argentina • Región Metropolitana • por medio de Talent.com\\nhace 5 días\\nTiempo completo\\nPostularse en Talent.com\\nPostularse en MiGuru\\nDescripción del trabajo\\nSomos una compañia global, con presencia en 12 países y un fuerte compromiso con un futuro más sustentable para las próximas generaciones.\\n\\nNos guiamos por el respeto, la integridad, el coraje y la colaboración, fomentando siempre la inclusión y diversidad\\n\\nCreamos la fibra natural para un futuro mejor.\\n\\nMisión del cargo\\n\\nElBackendDeveloperes el responsable de diseñar, implementar y mantener la lógica del lado del servidor, bases de datos yAPI’sque alimentan las aplicaciones web y móviles. Su trabajo es fundamental para garantizar un rendimiento óptimo, escalabilidad y seguridad de los servicios.\\n\\nEn este rol tendrás la oportunidad de\\n• Desarrollar y mantener servicios yAPI’sRESTfulaplicando las mejores prácticas y estándares del mercado y de la gerencia para entregar a nuestros usuarios y clientes productos de la más alta calidad que cumplan con sus expectativas y necesidades\\n• Realizar análisis y buscar mejores formas de optimizar el desarrollo de las piezas de software elaboradas previamente por el equipo para ir generando una capacidad de mejora continua tecnológica dentro de nuestros productos e ir siempre buscando donde innovar dentro de ellos\\n• Colaborar con losFrontendDeveloper para integrar lasAPI’sy servicios, y así garantizar una experiencia de usuario fluida\\n• Estimar la complejidad de los diferentes requisitos de negocio, levantando riesgos y formas de solucionar desde el punto de vista técnico para poder planificar el trabajo que realizará en tiempo y forma para entregar nuevas funcionalidades en los productos a nuestros usuarios y clientes.\\n• Seguir y cumplir las definiciones deDoRyDoDque tengan las células, así como proponer mejoras a estos acuerdos para poder asegurar un trabajo alineado, ordenado, sin obstáculo y poder ser autónomos en su día a día.\\n\\nFormación\\n\\nTitulado de Ingeniería Informática, Ingeniero Civil Informática o afín.\\n\\nExperiencia\\n\\nDesde 3 años de experiencia en roles similares.\\n\\nConocimiento técnico\\n• Experiencia enNodeJSconTypescripty algúnframework (de preferenciaNestJS) (excluyente).\\n• Experiencia en bases de datos comoPostgresql(excluyente).\\n• Experiencia en desarrollo de pruebas unitarias conframeworkcomoJestJS(excluyente).\\n• Experiencia en desarrollo con arquitectura de microservicios (hexagonal deseable)(excluyente).\\n• Experiencia trabajando con API REST\\n• Experiencia en GIT, repositorios yversionamientode software (GitLabde preferencia).\\n• Conocimiento de Docker\\n• Experiencia con proyectos de desarrollo en Cloud (preferencia GCP).\\n• Dominio de herramientas para la automatización de los procesos de desarrollo de software\\n• Conocimiento en CI / CD\\n\\nCondiciones del cargo\\n• Contrato : Indefinido.\\n• Modalidad : 4 días presencial, 1 día homeoffice.\\n\\nEn CMPC promovemos una cultura de inclusión y diversidad, centrada en las personas, que promueve el respeto y la igualdad de oportunidades.\\n\\nNuestras vacantes aceptan personas sin distinción de identidad y / o expresión de género, con todas las características físicas y / o discapacidad, de cualquier generación y nacionalidad, sin importar raza o etnia y orientación afectiva.\\n\\n¡Te invitamos a trabajar con nosotros, alcanzar tu máximo potencial y crear fibra natural para un futuro mejor!\\n\\n#J-18808-Ljbffr\\nDenunciar esta publicación de empleo\\nMás empleos en Softys Argentina\\nVer los resultados de la Web para Softys Argentina\"}"} | headers=HTTPHeaderDict({'Content-Length': '3850', 'Content-Type': 'application/json; charset=utf-8', 'cache-control': 'no-cache'})
2026-02-24 17:13:43,189 | DEBUG | Finished Request
2026-02-24 17:13:43,190 | DEBUG | POST http://localhost:51905/session/3a7978140b007b1a3e9293d9c946a995/frame {'id': None}
2026-02-24 17:13:43,193 | DEBUG | http://localhost:51905 "POST /session/3a7978140b007b1a3e9293d9c946a995/frame HTTP/1.1" 200 0
2026-02-24 17:13:43,193 | DEBUG | Remote response: status=200 | data={"value":null} | headers=HTTPHeaderDict({'Content-Length': '14', 'Content-Type': 'application/json; charset=utf-8', 'cache-control': 'no-cache'})
2026-02-24 17:13:43,193 | DEBUG | Finished Request
2026-02-24 17:13:43,194 | DEBUG | GET http://localhost:51905/session/3a7978140b007b1a3e9293d9c946a995/url {}
2026-02-24 17:13:43,199 | DEBUG | http://localhost:51905 "GET /session/3a7978140b007b1a3e9293d9c946a995/url HTTP/1.1" 200 0
2026-02-24 17:13:43,200 | DEBUG | Remote response: status=200 | data={"value":"https://www.google.com/search?q=Backend+Developer+Santiago,+Chile&udm=8&sei=VAaeaZqcBrDe1sQP15HMCA&jbr=sep:0#vhid=vt%3D20/docid%3D5kUC-20KGFnVrBp8AAAAAA%3D%3D&vssid=jobs-detail-viewer"} | headers=HTTPHeaderDict({'Content-Length': '195', 'Content-Type': 'application/json; charset=utf-8', 'cache-control': 'no-cache'})
2026-02-24 17:13:43,200 | DEBUG | Finished Request
2026-02-24 17:13:43,200 | DEBUG | POST http://localhost:51905/session/3a7978140b007b1a3e9293d9c946a995/frame {'id': None}
2026-02-24 17:13:43,203 | DEBUG | http://localhost:51905 "POST /session/3a7978140b007b1a3e9293d9c946a995/frame HTTP/1.1" 200 0
2026-02-24 17:13:43,203 | DEBUG | Remote response: status=200 | data={"value":null} | headers=HTTPHeaderDict({'Content-Length': '14', 'Content-Type': 'application/json; charset=utf-8', 'cache-control': 'no-cache'})
2026-02-24 17:13:43,203 | DEBUG | Finished Request
2026-02-24 17:13:43,204 | DEBUG | GET http://localhost:51905/session/3a7978140b007b1a3e9293d9c946a995/url {}
2026-02-24 17:13:43,210 | DEBUG | http://localhost:51905 "GET /session/3a7978140b007b1a3e9293d9c946a995/url HTTP/1.1" 200 0
2026-02-24 17:13:43,211 | DEBUG | Remote response: status=200 | data={"value":"https://www.google.com/search?q=Backend+Developer+Santiago,+Chile&udm=8&sei=VAaeaZqcBrDe1sQP15HMCA&jbr=sep:0#vhid=vt%3D20/docid%3D5kUC-20KGFnVrBp8AAAAAA%3D%3D&vssid=jobs-detail-viewer"} | headers=HTTPHeaderDict({'Content-Length': '195', 'Content-Type': 'application/json; charset=utf-8', 'cache-control': 'no-cache'})
2026-02-24 17:13:43,211 | DEBUG | Finished Request
2026-02-24 17:13:44,014 | DEBUG | POST http://localhost:51905/session/3a7978140b007b1a3e9293d9c946a995/frame {'id': None}
2026-02-24 17:13:44,017 | DEBUG | http://localhost:51905 "POST /session/3a7978140b007b1a3e9293d9c946a995/frame HTTP/1.1" 200 0
2026-02-24 17:13:44,017 | DEBUG | Remote response: status=200 | data={"value":null} | headers=HTTPHeaderDict({'Content-Length': '14', 'Content-Type': 'application/json; charset=utf-8', 'cache-control': 'no-cache'})
2026-02-24 17:13:44,017 | DEBUG | Finished Request
2026-02-24 17:13:44,018 | DEBUG | POST http://localhost:51905/session/3a7978140b007b1a3e9293d9c946a995/elements {'using': 'css selector', 'value': 'div.EimVGf'}
2026-02-24 17:13:44,031 | DEBUG | http://localhost:51905 "POST /session/3a7978140b007b1a3e9293d9c946a995/elements HTTP/1.1" 200 0
2026-02-24 17:13:44,032 | DEBUG | Remote response: status=200 | data={"value":[{"element-6066-11e4-a52e-4f735466cecf":"f.F2E63EC0AD01CE27DC83D4603DCC732B.d.73F09F6F3408476FCAE94B409CC7A4CE.e.24"},{"element-6066-11e4-a52e-4f735466cecf":"f.F2E63EC0AD01CE27DC83D4603DCC732B.d.73F09F6F3408476FCAE94B409CC7A4CE.e.25"},{"element-6066-11e4-a52e-4f735466cecf":"f.F2E63EC0AD01CE27DC83D4603DCC732B.d.73F09F6F3408476FCAE94B409CC7A4CE.e.26"},{"element-6066-11e4-a52e-4f735466cecf":"f.F2E63EC0AD01CE27DC83D4603DCC732B.d.73F09F6F3408476FCAE94B409CC7A4CE.e.27"},{"element-6066-11e4-a52e-4f735466cecf":"f.F2E63EC0AD01CE27DC83D4603DCC732B.d.73F09F6F3408476FCAE94B409CC7A4CE.e.28"},{"element-6066-11e4-a52e-4f735466cecf":"f.F2E63EC0AD01CE27DC83D4603DCC732B.d.73F09F6F3408476FCAE94B409CC7A4CE.e.29"},{"element-6066-11e4-a52e-4f735466cecf":"f.F2E63EC0AD01CE27DC83D4603DCC732B.d.73F09F6F3408476FCAE94B409CC7A4CE.e.30"},{"element-6066-11e4-a52e-4f735466cecf":"f.F2E63EC0AD01CE27DC83D4603DCC732B.d.73F09F6F3408476FCAE94B409CC7A4CE.e.31"},{"element-6066-11e4-a52e-4f735466cecf":"f.F2E63EC0AD01CE27DC83D4603DCC732B.d.73F09F6F3408476FCAE94B409CC7A4CE.e.32"},{"element-6066-11e4-a52e-4f735466cecf":"f.F2E63EC0AD01CE27DC83D4603DCC732B.d.73F09F6F3408476FCAE94B409CC7A4CE.e.33"},{"element-6066-11e4-a52e-4f735466cecf":"f.F2E63EC0AD01CE27DC83D4603DCC732B.d.73F09F6F3408476FCAE94B409CC7A4CE.e.69"},{"element-6066-11e4-a52e-4f735466cecf":"f.F2E63EC0AD01CE27DC83D4603DCC732B.d.73F09F6F3408476FCAE94B409CC7A4CE.e.70"},{"element-6066-11e4-a52e-4f735466cecf":"f.F2E63EC0AD01CE27DC83D4603DCC732B.d.73F09F6F3408476FCAE94B409CC7A4CE.e.71"},{"element-6066-11e4-a52e-4f735466cecf":"f.F2E63EC0AD01CE27DC83D4603DCC732B.d.73F09F6F3408476FCAE94B409CC7A4CE.e.72"},{"element-6066-11e4-a52e-4f735466cecf":"f.F2E63EC0AD01CE27DC83D4603DCC732B.d.73F09F6F3408476FCAE94B409CC7A4CE.e.73"},{"element-6066-11e4-a52e-4f735466cecf":"f.F2E63EC0AD01CE27DC83D4603DCC732B.d.73F09F6F3408476FCAE94B409CC7A4CE.e.74"},{"element-6066-11e4-a52e-4f735466cecf":"f.F2E63EC0AD01CE27DC83D4603DCC732B.d.73F09F6F3408476FCAE94B409CC7A4CE.e.75"},{"element-6066-11e4-a52e-4f735466cecf":"f.F2E63EC0AD01CE27DC83D4603DCC732B.d.73F09F6F3408476FCAE94B409CC7A4CE.e.76"},{"element-6066-11e4-a52e-4f735466cecf":"f.F2E63EC0AD01CE27DC83D4603DCC732B.d.73F09F6F3408476FCAE94B409CC7A4CE.e.77"},{"element-6066-11e4-a52e-4f735466cecf":"f.F2E63EC0AD01CE27DC83D4603DCC732B.d.73F09F6F3408476FCAE94B409CC7A4CE.e.78"}]} | headers=HTTPHeaderDict({'Content-Length': '2351', 'Content-Type': 'application/json; charset=utf-8', 'cache-control': 'no-cache'})
2026-02-24 17:13:44,032 | DEBUG | Finished Request
2026-02-24 17:13:44,033 | DEBUG | POST http://localhost:51905/session/3a7978140b007b1a3e9293d9c946a995/execute/sync {'script': 'return arguments[0].innerText;', 'args': [{'element-6066-11e4-a52e-4f735466cecf': 'f.F2E63EC0AD01CE27DC83D4603DCC732B.d.73F09F6F3408476FCAE94B409CC7A4CE.e.29'}]}
2026-02-24 17:13:44,040 | DEBUG | http://localhost:51905 "POST /session/3a7978140b007b1a3e9293d9c946a995/execute/sync HTTP/1.1" 200 0
2026-02-24 17:13:44,040 | DEBUG | Remote response: status=200 | data={"value":"Backend Developer\nYol1\nSantiago • a través de LinkedIn\nTiempo completo"} | headers=HTTPHeaderDict({'Content-Length': '88', 'Content-Type': 'application/json; charset=utf-8', 'cache-control': 'no-cache'})
2026-02-24 17:13:44,041 | DEBUG | Finished Request
2026-02-24 17:13:44,041 | DEBUG | POST http://localhost:51905/session/3a7978140b007b1a3e9293d9c946a995/execute/sync {'script': "arguments[0].scrollIntoView({block:'center'});", 'args': [{'element-6066-11e4-a52e-4f735466cecf': 'f.F2E63EC0AD01CE27DC83D4603DCC732B.d.73F09F6F3408476FCAE94B409CC7A4CE.e.29'}]}
2026-02-24 17:13:44,051 | DEBUG | http://localhost:51905 "POST /session/3a7978140b007b1a3e9293d9c946a995/execute/sync HTTP/1.1" 200 0
2026-02-24 17:13:44,052 | DEBUG | Remote response: status=200 | data={"value":null} | headers=HTTPHeaderDict({'Content-Length': '14', 'Content-Type': 'application/json; charset=utf-8', 'cache-control': 'no-cache'})
2026-02-24 17:13:44,052 | DEBUG | Finished Request
2026-02-24 17:13:44,354 | DEBUG | POST http://localhost:51905/session/3a7978140b007b1a3e9293d9c946a995/execute/sync {'script': '\n        const bloque = arguments[0];\n        // Buscar hijo con jsaction (el elemento que recibe el...', 'args': [{'element-6066-11e4-a52e-4f735466cecf': 'f.F2E63EC0AD01CE27DC83D4603DCC732B.d.73F09F6F3408476FCAE94B409CC7A4CE.e.29'}]}
2026-02-24 17:13:44,439 | DEBUG | http://localhost:51905 "POST /session/3a7978140b007b1a3e9293d9c946a995/execute/sync HTTP/1.1" 200 0
2026-02-24 17:13:44,439 | DEBUG | Remote response: status=200 | data={"value":"OK:jsaction:rcuQ6b:npT2md;h5M12e;jGQF0b:kNqZ1c;"} | headers=HTTPHeaderDict({'Content-Length': '59', 'Content-Type': 'application/json; charset=utf-8', 'cache-control': 'no-cache'})
2026-02-24 17:13:44,440 | DEBUG | Finished Request
2026-02-24 17:13:44,442 | DEBUG | GET http://localhost:51905/session/3a7978140b007b1a3e9293d9c946a995/url {}
2026-02-24 17:13:44,503 | DEBUG | http://localhost:51905 "GET /session/3a7978140b007b1a3e9293d9c946a995/url HTTP/1.1" 200 0
2026-02-24 17:13:44,504 | DEBUG | Remote response: status=200 | data={"value":"https://www.google.com/search?q=Backend+Developer+Santiago,+Chile&udm=8&sei=VAaeaZqcBrDe1sQP15HMCA&jbr=sep:0#vhid=vt%3D20/docid%3D8MOSSb9WtiTvVFyzAAAAAA%3D%3D&vssid=jobs-detail-viewer"} | headers=HTTPHeaderDict({'Content-Length': '195', 'Content-Type': 'application/json; charset=utf-8', 'cache-control': 'no-cache'})
2026-02-24 17:13:44,504 | DEBUG | Finished Request
2026-02-24 17:13:44,904 | DEBUG | GET http://localhost:51905/session/3a7978140b007b1a3e9293d9c946a995/url {}
2026-02-24 17:13:44,911 | DEBUG | http://localhost:51905 "GET /session/3a7978140b007b1a3e9293d9c946a995/url HTTP/1.1" 200 0
2026-02-24 17:13:44,911 | DEBUG | Remote response: status=200 | data={"value":"https://www.google.com/search?q=Backend+Developer+Santiago,+Chile&udm=8&sei=VAaeaZqcBrDe1sQP15HMCA&jbr=sep:0#vhid=vt%3D20/docid%3D8MOSSb9WtiTvVFyzAAAAAA%3D%3D&vssid=jobs-detail-viewer"} | headers=HTTPHeaderDict({'Content-Length': '195', 'Content-Type': 'application/json; charset=utf-8', 'cache-control': 'no-cache'})
2026-02-24 17:13:44,912 | DEBUG | Finished Request
2026-02-24 17:13:45,312 | DEBUG | GET http://localhost:51905/session/3a7978140b007b1a3e9293d9c946a995/url {}
2026-02-24 17:13:45,318 | DEBUG | http://localhost:51905 "GET /session/3a7978140b007b1a3e9293d9c946a995/url HTTP/1.1" 200 0
2026-02-24 17:13:45,319 | DEBUG | Remote response: status=200 | data={"value":"https://www.google.com/search?q=Backend+Developer+Santiago,+Chile&udm=8&sei=VAaeaZqcBrDe1sQP15HMCA&jbr=sep:0#vhid=vt%3D20/docid%3D8MOSSb9WtiTvVFyzAAAAAA%3D%3D&vssid=jobs-detail-viewer"} | headers=HTTPHeaderDict({'Content-Length': '195', 'Content-Type': 'application/json; charset=utf-8', 'cache-control': 'no-cache'})
2026-02-24 17:13:45,319 | DEBUG | Finished Request
2026-02-24 17:13:45,720 | DEBUG | GET http://localhost:51905/session/3a7978140b007b1a3e9293d9c946a995/url {}
2026-02-24 17:13:45,726 | DEBUG | http://localhost:51905 "GET /session/3a7978140b007b1a3e9293d9c946a995/url HTTP/1.1" 200 0
2026-02-24 17:13:45,726 | DEBUG | Remote response: status=200 | data={"value":"https://www.google.com/search?q=Backend+Developer+Santiago,+Chile&udm=8&sei=VAaeaZqcBrDe1sQP15HMCA&jbr=sep:0#vhid=vt%3D20/docid%3D8MOSSb9WtiTvVFyzAAAAAA%3D%3D&vssid=jobs-detail-viewer"} | headers=HTTPHeaderDict({'Content-Length': '195', 'Content-Type': 'application/json; charset=utf-8', 'cache-control': 'no-cache'})
2026-02-24 17:13:45,727 | DEBUG | Finished Request
2026-02-24 17:13:46,128 | DEBUG | GET http://localhost:51905/session/3a7978140b007b1a3e9293d9c946a995/url {}
2026-02-24 17:13:46,133 | DEBUG | http://localhost:51905 "GET /session/3a7978140b007b1a3e9293d9c946a995/url HTTP/1.1" 200 0
2026-02-24 17:13:46,133 | DEBUG | Remote response: status=200 | data={"value":"https://www.google.com/search?q=Backend+Developer+Santiago,+Chile&udm=8&sei=VAaeaZqcBrDe1sQP15HMCA&jbr=sep:0#vhid=vt%3D20/docid%3D8MOSSb9WtiTvVFyzAAAAAA%3D%3D&vssid=jobs-detail-viewer"} | headers=HTTPHeaderDict({'Content-Length': '195', 'Content-Type': 'application/json; charset=utf-8', 'cache-control': 'no-cache'})
2026-02-24 17:13:46,134 | DEBUG | Finished Request
2026-02-24 17:13:46,534 | DEBUG | GET http://localhost:51905/session/3a7978140b007b1a3e9293d9c946a995/url {}
2026-02-24 17:13:46,542 | DEBUG | http://localhost:51905 "GET /session/3a7978140b007b1a3e9293d9c946a995/url HTTP/1.1" 200 0
2026-02-24 17:13:46,543 | DEBUG | Remote response: status=200 | data={"value":"https://www.google.com/search?q=Backend+Developer+Santiago,+Chile&udm=8&sei=VAaeaZqcBrDe1sQP15HMCA&jbr=sep:0#vhid=vt%3D20/docid%3D8MOSSb9WtiTvVFyzAAAAAA%3D%3D&vssid=jobs-detail-viewer"} | headers=HTTPHeaderDict({'Content-Length': '195', 'Content-Type': 'application/json; charset=utf-8', 'cache-control': 'no-cache'})
2026-02-24 17:13:46,543 | DEBUG | Finished Request
2026-02-24 17:13:46,944 | DEBUG | GET http://localhost:51905/session/3a7978140b007b1a3e9293d9c946a995/url {}
2026-02-24 17:13:46,950 | DEBUG | http://localhost:51905 "GET /session/3a7978140b007b1a3e9293d9c946a995/url HTTP/1.1" 200 0
2026-02-24 17:13:46,950 | DEBUG | Remote response: status=200 | data={"value":"https://www.google.com/search?q=Backend+Developer+Santiago,+Chile&udm=8&sei=VAaeaZqcBrDe1sQP15HMCA&jbr=sep:0#vhid=vt%3D20/docid%3D8MOSSb9WtiTvVFyzAAAAAA%3D%3D&vssid=jobs-detail-viewer"} | headers=HTTPHeaderDict({'Content-Length': '195', 'Content-Type': 'application/json; charset=utf-8', 'cache-control': 'no-cache'})
2026-02-24 17:13:46,951 | DEBUG | Finished Request
2026-02-24 17:13:47,351 | DEBUG | GET http://localhost:51905/session/3a7978140b007b1a3e9293d9c946a995/url {}
2026-02-24 17:13:47,356 | DEBUG | http://localhost:51905 "GET /session/3a7978140b007b1a3e9293d9c946a995/url HTTP/1.1" 200 0
2026-02-24 17:13:47,357 | DEBUG | Remote response: status=200 | data={"value":"https://www.google.com/search?q=Backend+Developer+Santiago,+Chile&udm=8&sei=VAaeaZqcBrDe1sQP15HMCA&jbr=sep:0#vhid=vt%3D20/docid%3D8MOSSb9WtiTvVFyzAAAAAA%3D%3D&vssid=jobs-detail-viewer"} | headers=HTTPHeaderDict({'Content-Length': '195', 'Content-Type': 'application/json; charset=utf-8', 'cache-control': 'no-cache'})
2026-02-24 17:13:47,357 | DEBUG | Finished Request
2026-02-24 17:13:47,758 | DEBUG | GET http://localhost:51905/session/3a7978140b007b1a3e9293d9c946a995/url {}
2026-02-24 17:13:47,763 | DEBUG | http://localhost:51905 "GET /session/3a7978140b007b1a3e9293d9c946a995/url HTTP/1.1" 200 0
2026-02-24 17:13:47,764 | DEBUG | Remote response: status=200 | data={"value":"https://www.google.com/search?q=Backend+Developer+Santiago,+Chile&udm=8&sei=VAaeaZqcBrDe1sQP15HMCA&jbr=sep:0#vhid=vt%3D20/docid%3D8MOSSb9WtiTvVFyzAAAAAA%3D%3D&vssid=jobs-detail-viewer"} | headers=HTTPHeaderDict({'Content-Length': '195', 'Content-Type': 'application/json; charset=utf-8', 'cache-control': 'no-cache'})
2026-02-24 17:13:47,764 | DEBUG | Finished Request
2026-02-24 17:13:48,164 | DEBUG | GET http://localhost:51905/session/3a7978140b007b1a3e9293d9c946a995/url {}
2026-02-24 17:13:48,171 | DEBUG | http://localhost:51905 "GET /session/3a7978140b007b1a3e9293d9c946a995/url HTTP/1.1" 200 0
2026-02-24 17:13:48,172 | DEBUG | Remote response: status=200 | data={"value":"https://www.google.com/search?q=Backend+Developer+Santiago,+Chile&udm=8&sei=VAaeaZqcBrDe1sQP15HMCA&jbr=sep:0#vhid=vt%3D20/docid%3D8MOSSb9WtiTvVFyzAAAAAA%3D%3D&vssid=jobs-detail-viewer"} | headers=HTTPHeaderDict({'Content-Length': '195', 'Content-Type': 'application/json; charset=utf-8', 'cache-control': 'no-cache'})
2026-02-24 17:13:48,172 | DEBUG | Finished Request
2026-02-24 17:13:48,573 | DEBUG | GET http://localhost:51905/session/3a7978140b007b1a3e9293d9c946a995/url {}
2026-02-24 17:13:48,580 | DEBUG | http://localhost:51905 "GET /session/3a7978140b007b1a3e9293d9c946a995/url HTTP/1.1" 200 0
2026-02-24 17:13:48,580 | DEBUG | Remote response: status=200 | data={"value":"https://www.google.com/search?q=Backend+Developer+Santiago,+Chile&udm=8&sei=VAaeaZqcBrDe1sQP15HMCA&jbr=sep:0#vhid=vt%3D20/docid%3D8MOSSb9WtiTvVFyzAAAAAA%3D%3D&vssid=jobs-detail-viewer"} | headers=HTTPHeaderDict({'Content-Length': '195', 'Content-Type': 'application/json; charset=utf-8', 'cache-control': 'no-cache'})
2026-02-24 17:13:48,580 | DEBUG | Finished Request
2026-02-24 17:13:48,981 | DEBUG | GET http://localhost:51905/session/3a7978140b007b1a3e9293d9c946a995/url {}
2026-02-24 17:13:49,010 | DEBUG | http://localhost:51905 "GET /session/3a7978140b007b1a3e9293d9c946a995/url HTTP/1.1" 200 0
2026-02-24 17:13:49,046 | DEBUG | Remote response: status=200 | data={"value":"https://www.google.com/search?q=Backend+Developer+Santiago,+Chile&udm=8&sei=VAaeaZqcBrDe1sQP15HMCA&jbr=sep:0#vhid=vt%3D20/docid%3D8MOSSb9WtiTvVFyzAAAAAA%3D%3D&vssid=jobs-detail-viewer"} | headers=HTTPHeaderDict({'Content-Length': '195', 'Content-Type': 'application/json; charset=utf-8', 'cache-control': 'no-cache'})
2026-02-24 17:13:49,097 | DEBUG | Finished Request
2026-02-24 17:13:49,513 | DEBUG | GET http://localhost:51905/session/3a7978140b007b1a3e9293d9c946a995/url {}
2026-02-24 17:13:49,548 | DEBUG | http://localhost:51905 "GET /session/3a7978140b007b1a3e9293d9c946a995/url HTTP/1.1" 200 0
2026-02-24 17:13:49,549 | DEBUG | Remote response: status=200 | data={"value":"https://www.google.com/search?q=Backend+Developer+Santiago,+Chile&udm=8&sei=VAaeaZqcBrDe1sQP15HMCA&jbr=sep:0#vhid=vt%3D20/docid%3D8MOSSb9WtiTvVFyzAAAAAA%3D%3D&vssid=jobs-detail-viewer"} | headers=HTTPHeaderDict({'Content-Length': '195', 'Content-Type': 'application/json; charset=utf-8', 'cache-control': 'no-cache'})
2026-02-24 17:13:49,550 | DEBUG | Finished Request
2026-02-24 17:13:49,951 | DEBUG | GET http://localhost:51905/session/3a7978140b007b1a3e9293d9c946a995/url {}
2026-02-24 17:13:49,960 | DEBUG | http://localhost:51905 "GET /session/3a7978140b007b1a3e9293d9c946a995/url HTTP/1.1" 200 0
2026-02-24 17:13:49,960 | DEBUG | Remote response: status=200 | data={"value":"https://www.google.com/search?q=Backend+Developer+Santiago,+Chile&udm=8&sei=VAaeaZqcBrDe1sQP15HMCA&jbr=sep:0#vhid=vt%3D20/docid%3D8MOSSb9WtiTvVFyzAAAAAA%3D%3D&vssid=jobs-detail-viewer"} | headers=HTTPHeaderDict({'Content-Length': '195', 'Content-Type': 'application/json; charset=utf-8', 'cache-control': 'no-cache'})
2026-02-24 17:13:49,960 | DEBUG | Finished Request
2026-02-24 17:13:50,361 | DEBUG | GET http://localhost:51905/session/3a7978140b007b1a3e9293d9c946a995/url {}
2026-02-24 17:13:50,367 | DEBUG | http://localhost:51905 "GET /session/3a7978140b007b1a3e9293d9c946a995/url HTTP/1.1" 200 0
2026-02-24 17:13:50,367 | DEBUG | Remote response: status=200 | data={"value":"https://www.google.com/search?q=Backend+Developer+Santiago,+Chile&udm=8&sei=VAaeaZqcBrDe1sQP15HMCA&jbr=sep:0#vhid=vt%3D20/docid%3D8MOSSb9WtiTvVFyzAAAAAA%3D%3D&vssid=jobs-detail-viewer"} | headers=HTTPHeaderDict({'Content-Length': '195', 'Content-Type': 'application/json; charset=utf-8', 'cache-control': 'no-cache'})
2026-02-24 17:13:50,367 | DEBUG | Finished Request
2026-02-24 17:13:50,768 | DEBUG | GET http://localhost:51905/session/3a7978140b007b1a3e9293d9c946a995/url {}
2026-02-24 17:13:50,774 | DEBUG | http://localhost:51905 "GET /session/3a7978140b007b1a3e9293d9c946a995/url HTTP/1.1" 200 0
2026-02-24 17:13:50,774 | DEBUG | Remote response: status=200 | data={"value":"https://www.google.com/search?q=Backend+Developer+Santiago,+Chile&udm=8&sei=VAaeaZqcBrDe1sQP15HMCA&jbr=sep:0#vhid=vt%3D20/docid%3D8MOSSb9WtiTvVFyzAAAAAA%3D%3D&vssid=jobs-detail-viewer"} | headers=HTTPHeaderDict({'Content-Length': '195', 'Content-Type': 'application/json; charset=utf-8', 'cache-control': 'no-cache'})
2026-02-24 17:13:50,775 | DEBUG | Finished Request
2026-02-24 17:13:51,175 | DEBUG | GET http://localhost:51905/session/3a7978140b007b1a3e9293d9c946a995/url {}
2026-02-24 17:13:51,181 | DEBUG | http://localhost:51905 "GET /session/3a7978140b007b1a3e9293d9c946a995/url HTTP/1.1" 200 0
2026-02-24 17:13:51,181 | DEBUG | Remote response: status=200 | data={"value":"https://www.google.com/search?q=Backend+Developer+Santiago,+Chile&udm=8&sei=VAaeaZqcBrDe1sQP15HMCA&jbr=sep:0#vhid=vt%3D20/docid%3D8MOSSb9WtiTvVFyzAAAAAA%3D%3D&vssid=jobs-detail-viewer"} | headers=HTTPHeaderDict({'Content-Length': '195', 'Content-Type': 'application/json; charset=utf-8', 'cache-control': 'no-cache'})
2026-02-24 17:13:51,182 | DEBUG | Finished Request
2026-02-24 17:13:51,582 | DEBUG | GET http://localhost:51905/session/3a7978140b007b1a3e9293d9c946a995/url {}
2026-02-24 17:13:51,589 | DEBUG | http://localhost:51905 "GET /session/3a7978140b007b1a3e9293d9c946a995/url HTTP/1.1" 200 0
2026-02-24 17:13:51,589 | DEBUG | Remote response: status=200 | data={"value":"https://www.google.com/search?q=Backend+Developer+Santiago,+Chile&udm=8&sei=VAaeaZqcBrDe1sQP15HMCA&jbr=sep:0#vhid=vt%3D20/docid%3D8MOSSb9WtiTvVFyzAAAAAA%3D%3D&vssid=jobs-detail-viewer"} | headers=HTTPHeaderDict({'Content-Length': '195', 'Content-Type': 'application/json; charset=utf-8', 'cache-control': 'no-cache'})
2026-02-24 17:13:51,590 | DEBUG | Finished Request
2026-02-24 17:13:51,991 | DEBUG | GET http://localhost:51905/session/3a7978140b007b1a3e9293d9c946a995/url {}
2026-02-24 17:13:51,997 | DEBUG | http://localhost:51905 "GET /session/3a7978140b007b1a3e9293d9c946a995/url HTTP/1.1" 200 0
2026-02-24 17:13:51,997 | DEBUG | Remote response: status=200 | data={"value":"https://www.google.com/search?q=Backend+Developer+Santiago,+Chile&udm=8&sei=VAaeaZqcBrDe1sQP15HMCA&jbr=sep:0#vhid=vt%3D20/docid%3D8MOSSb9WtiTvVFyzAAAAAA%3D%3D&vssid=jobs-detail-viewer"} | headers=HTTPHeaderDict({'Content-Length': '195', 'Content-Type': 'application/json; charset=utf-8', 'cache-control': 'no-cache'})
2026-02-24 17:13:51,997 | DEBUG | Finished Request
2026-02-24 17:13:52,398 | DEBUG | GET http://localhost:51905/session/3a7978140b007b1a3e9293d9c946a995/url {}
2026-02-24 17:13:52,405 | DEBUG | http://localhost:51905 "GET /session/3a7978140b007b1a3e9293d9c946a995/url HTTP/1.1" 200 0
2026-02-24 17:13:52,405 | DEBUG | Remote response: status=200 | data={"value":"https://www.google.com/search?q=Backend+Developer+Santiago,+Chile&udm=8&sei=VAaeaZqcBrDe1sQP15HMCA&jbr=sep:0#vhid=vt%3D20/docid%3D8MOSSb9WtiTvVFyzAAAAAA%3D%3D&vssid=jobs-detail-viewer"} | headers=HTTPHeaderDict({'Content-Length': '195', 'Content-Type': 'application/json; charset=utf-8', 'cache-control': 'no-cache'})
2026-02-24 17:13:52,405 | DEBUG | Finished Request
2026-02-24 17:13:52,806 | DEBUG | GET http://localhost:51905/session/3a7978140b007b1a3e9293d9c946a995/url {}
2026-02-24 17:13:52,812 | DEBUG | http://localhost:51905 "GET /session/3a7978140b007b1a3e9293d9c946a995/url HTTP/1.1" 200 0
2026-02-24 17:13:52,812 | DEBUG | Remote response: status=200 | data={"value":"https://www.google.com/search?q=Backend+Developer+Santiago,+Chile&udm=8&sei=VAaeaZqcBrDe1sQP15HMCA&jbr=sep:0#vhid=vt%3D20/docid%3D8MOSSb9WtiTvVFyzAAAAAA%3D%3D&vssid=jobs-detail-viewer"} | headers=HTTPHeaderDict({'Content-Length': '195', 'Content-Type': 'application/json; charset=utf-8', 'cache-control': 'no-cache'})
2026-02-24 17:13:52,813 | DEBUG | Finished Request
2026-02-24 17:13:52,813 | DEBUG | GET http://localhost:51905/session/3a7978140b007b1a3e9293d9c946a995/url {}
2026-02-24 17:13:52,820 | DEBUG | http://localhost:51905 "GET /session/3a7978140b007b1a3e9293d9c946a995/url HTTP/1.1" 200 0
2026-02-24 17:13:52,821 | DEBUG | Remote response: status=200 | data={"value":"https://www.google.com/search?q=Backend+Developer+Santiago,+Chile&udm=8&sei=VAaeaZqcBrDe1sQP15HMCA&jbr=sep:0#vhid=vt%3D20/docid%3D8MOSSb9WtiTvVFyzAAAAAA%3D%3D&vssid=jobs-detail-viewer"} | headers=HTTPHeaderDict({'Content-Length': '195', 'Content-Type': 'application/json; charset=utf-8', 'cache-control': 'no-cache'})
2026-02-24 17:13:52,821 | DEBUG | Finished Request
2026-02-24 17:13:54,023 | DEBUG | POST http://localhost:51905/session/3a7978140b007b1a3e9293d9c946a995/frame {'id': None}
2026-02-24 17:13:54,026 | DEBUG | http://localhost:51905 "POST /session/3a7978140b007b1a3e9293d9c946a995/frame HTTP/1.1" 200 0
2026-02-24 17:13:54,026 | DEBUG | Remote response: status=200 | data={"value":null} | headers=HTTPHeaderDict({'Content-Length': '14', 'Content-Type': 'application/json; charset=utf-8', 'cache-control': 'no-cache'})
2026-02-24 17:13:54,027 | DEBUG | Finished Request
2026-02-24 17:13:54,027 | DEBUG | POST http://localhost:51905/session/3a7978140b007b1a3e9293d9c946a995/execute/sync {'script': '\n        // Estrategia A: role=button dentro del wrapper jsname=G7vtgf\n        const wrapper = docum...', 'args': []}
2026-02-24 17:13:54,035 | DEBUG | http://localhost:51905 "POST /session/3a7978140b007b1a3e9293d9c946a995/execute/sync HTTP/1.1" 200 0
2026-02-24 17:13:54,035 | DEBUG | Remote response: status=200 | data={"value":"FOUND_INNER"} | headers=HTTPHeaderDict({'Content-Length': '23', 'Content-Type': 'application/json; charset=utf-8', 'cache-control': 'no-cache'})
2026-02-24 17:13:54,036 | DEBUG | Finished Request
2026-02-24 17:13:54,036 | DEBUG | POST http://localhost:51905/session/3a7978140b007b1a3e9293d9c946a995/execute/sync {'script': '\n        let targets = [];\n\n        // Nivel 1: role=button dentro de jsname=G7vtgf\n        const wr...', 'args': []}
2026-02-24 17:13:54,069 | DEBUG | http://localhost:51905 "POST /session/3a7978140b007b1a3e9293d9c946a995/execute/sync HTTP/1.1" 200 0
2026-02-24 17:13:54,070 | DEBUG | Remote response: status=200 | data={"value":"OK:inner-role-button|OK:jsname-wrapper|OK:text-match|OK:text-match"} | headers=HTTPHeaderDict({'Content-Length': '78', 'Content-Type': 'application/json; charset=utf-8', 'cache-control': 'no-cache'})
2026-02-24 17:13:54,070 | DEBUG | Finished Request
2026-02-24 17:13:54,071 | DEBUG | POST http://localhost:51905/session/3a7978140b007b1a3e9293d9c946a995/elements {'using': 'css selector', 'value': '[jsname="G7vtgf"] [role="button"]'}
2026-02-24 17:13:54,084 | DEBUG | http://localhost:51905 "POST /session/3a7978140b007b1a3e9293d9c946a995/elements HTTP/1.1" 200 0
2026-02-24 17:13:54,085 | DEBUG | Remote response: status=200 | data={"value":[{"element-6066-11e4-a52e-4f735466cecf":"f.F2E63EC0AD01CE27DC83D4603DCC732B.d.73F09F6F3408476FCAE94B409CC7A4CE.e.86"},{"element-6066-11e4-a52e-4f735466cecf":"f.F2E63EC0AD01CE27DC83D4603DCC732B.d.73F09F6F3408476FCAE94B409CC7A4CE.e.87"},{"element-6066-11e4-a52e-4f735466cecf":"f.F2E63EC0AD01CE27DC83D4603DCC732B.d.73F09F6F3408476FCAE94B409CC7A4CE.e.88"}]} | headers=HTTPHeaderDict({'Content-Length': '362', 'Content-Type': 'application/json; charset=utf-8', 'cache-control': 'no-cache'})
2026-02-24 17:13:54,085 | DEBUG | Finished Request
2026-02-24 17:13:54,085 | DEBUG | GET http://localhost:51905/session/3a7978140b007b1a3e9293d9c946a995/element/f.F2E63EC0AD01CE27DC83D4603DCC732B.d.73F09F6F3408476FCAE94B409CC7A4CE.e.86/text {}
2026-02-24 17:13:54,132 | DEBUG | http://localhost:51905 "GET /session/3a7978140b007b1a3e9293d9c946a995/element/f.F2E63EC0AD01CE27DC83D4603DCC732B.d.73F09F6F3408476FCAE94B409CC7A4CE.e.86/text HTTP/1.1" 200 0
2026-02-24 17:13:54,132 | DEBUG | Remote response: status=200 | data={"value":""} | headers=HTTPHeaderDict({'Content-Length': '12', 'Content-Type': 'application/json; charset=utf-8', 'cache-control': 'no-cache'})
2026-02-24 17:13:54,133 | DEBUG | Finished Request
2026-02-24 17:13:54,133 | DEBUG | POST http://localhost:51905/session/3a7978140b007b1a3e9293d9c946a995/execute/sync {'script': 'arguments[0].click();', 'args': [{'element-6066-11e4-a52e-4f735466cecf': 'f.F2E63EC0AD01CE27DC83D4603DCC732B.d.73F09F6F3408476FCAE94B409CC7A4CE.e.86'}]}
2026-02-24 17:13:54,144 | DEBUG | http://localhost:51905 "POST /session/3a7978140b007b1a3e9293d9c946a995/execute/sync HTTP/1.1" 200 0
2026-02-24 17:13:54,145 | DEBUG | Remote response: status=200 | data={"value":null} | headers=HTTPHeaderDict({'Content-Length': '14', 'Content-Type': 'application/json; charset=utf-8', 'cache-control': 'no-cache'})
2026-02-24 17:13:54,145 | DEBUG | Finished Request
2026-02-24 17:13:56,646 | DEBUG | POST http://localhost:51905/session/3a7978140b007b1a3e9293d9c946a995/frame {'id': None}
2026-02-24 17:13:56,649 | DEBUG | http://localhost:51905 "POST /session/3a7978140b007b1a3e9293d9c946a995/frame HTTP/1.1" 200 0
2026-02-24 17:13:56,650 | DEBUG | Remote response: status=200 | data={"value":null} | headers=HTTPHeaderDict({'Content-Length': '14', 'Content-Type': 'application/json; charset=utf-8', 'cache-control': 'no-cache'})
2026-02-24 17:13:56,650 | DEBUG | Finished Request
2026-02-24 17:13:59,152 | DEBUG | POST http://localhost:51905/session/3a7978140b007b1a3e9293d9c946a995/frame {'id': None}
2026-02-24 17:13:59,157 | DEBUG | http://localhost:51905 "POST /session/3a7978140b007b1a3e9293d9c946a995/frame HTTP/1.1" 200 0
2026-02-24 17:13:59,158 | DEBUG | Remote response: status=200 | data={"value":null} | headers=HTTPHeaderDict({'Content-Length': '14', 'Content-Type': 'application/json; charset=utf-8', 'cache-control': 'no-cache'})
2026-02-24 17:13:59,159 | DEBUG | Finished Request
2026-02-24 17:13:59,159 | DEBUG | POST http://localhost:51905/session/3a7978140b007b1a3e9293d9c946a995/execute/sync {'script': "\n        const KEYWORDS_DESC = ['responsabilidades','requisitos','experiencia','conocimientos',\n    ...", 'args': []}
2026-02-24 17:13:59,175 | DEBUG | http://localhost:51905 "POST /session/3a7978140b007b1a3e9293d9c946a995/execute/sync HTTP/1.1" 200 0
2026-02-24 17:13:59,179 | DEBUG | Remote response: status=200 | data={"value":"{\"ok\":true,\"fuente\":\".NgUYpe\",\"score\":3820,\"texto\":\"Descripción del trabajoSomos una compañia global, con presencia en 12 países y un fuerte compromiso con un futuro más sustentable para las próximas generaciones.Nos guiamos por el respeto, la integridad, el coraje y la colaboración, fomentando siempre la inclusión y diversidadCreamos la fibra natural para un futuro mejor.Misión del cargoElBackendDeveloperes el responsable de diseñar, implementar y mantener la ló...gica del lado del servidor, bases de datos yAPI’sque alimentan las aplicaciones web y móviles. Su trabajo es fundamental para garantizar un rendimiento óptimo, escalabilidad y seguridad de los servicios.En este rol tendrás la oportunidad de• Desarrollar y mantener servicios yAPI’sRESTfulaplicando las mejores prácticas y estándares del mercado y de la gerencia para entregar a nuestros usuarios y clientes productos de la más alta calidad que cumplan con sus expectativas y necesidades• Realizar análisis y buscar mejores formas de optimizar el desarrollo de las piezas de software elaboradas previamente por el equipo para ir generando una capacidad de mejora continua tecnológica dentro de nuestros productos e ir siempre buscando donde innovar dentro de ellos• Colaborar con losFrontendDeveloper para integrar lasAPI’sy servicios, y así garantizar una experiencia de usuario fluida• Estimar la complejidad de los diferentes requisitos de negocio, levantando riesgos y formas de solucionar desde el punto de vista técnico para poder planificar el trabajo que realizará en tiempo y forma para entregar nuevas funcionalidades en los productos a nuestros usuarios y clientes.• Seguir y cumplir las definiciones deDoRyDoDque tengan las células, así como proponer mejoras a estos acuerdos para poder asegurar un trabajo alineado, ordenado, sin obstáculo y poder ser autónomos en su día a día.FormaciónTitulado de Ingeniería Informática, Ingeniero Civil Informática o afín.ExperienciaDesde 3 años de experiencia en roles similares.Conocimiento técnico• Experiencia enNodeJSconTypescripty algúnframework (de preferenciaNestJS) (excluyente).• Experiencia en bases de datos comoPostgresql(excluyente).• Experiencia en desarrollo de pruebas unitarias conframeworkcomoJestJS(excluyente).• Experiencia en desarrollo con arquitectura de microservicios (hexagonal deseable)(excluyente).• Experiencia trabajando con API REST• Experiencia en GIT, repositorios yversionamientode software (GitLabde preferencia).• Conocimiento de Docker• Experiencia con proyectos de desarrollo en Cloud (preferencia GCP).• Dominio de herramientas para la automatización de los procesos de desarrollo de software• Conocimiento en CI / CDCondiciones del cargo• Contrato : Indefinido.• Modalidad : 4 días presencial, 1 día homeoffice.En CMPC promovemos una cultura de inclusión y diversidad, centrada en las personas, que promueve el respeto y la igualdad de oportunidades.Nuestras vacantes aceptan personas sin distinción de identidad y / o expresión de género, con todas las características físicas y / o discapacidad, de cualquier generación y nacionalidad, sin importar raza o etnia y orientación afectiva.¡Te invitamos a trabajar con nosotros, alcanzar tu máximo potencial y crear fibra natural para un futuro mejor!#J-18808-Ljbffr\"}"} | headers=HTTPHeaderDict({'Content-Length': '3386', 'Content-Type': 'application/json; charset=utf-8', 'cache-control': 'no-cache'})
2026-02-24 17:13:59,185 | DEBUG | Finished Request
2026-02-24 17:13:59,198 | DEBUG | POST http://localhost:51905/session/3a7978140b007b1a3e9293d9c946a995/frame {'id': None}
2026-02-24 17:13:59,206 | DEBUG | http://localhost:51905 "POST /session/3a7978140b007b1a3e9293d9c946a995/frame HTTP/1.1" 200 0
2026-02-24 17:13:59,211 | DEBUG | Remote response: status=200 | data={"value":null} | headers=HTTPHeaderDict({'Content-Length': '14', 'Content-Type': 'application/json; charset=utf-8', 'cache-control': 'no-cache'})
2026-02-24 17:13:59,213 | DEBUG | Finished Request
2026-02-24 17:13:59,215 | DEBUG | GET http://localhost:51905/session/3a7978140b007b1a3e9293d9c946a995/url {}
2026-02-24 17:13:59,232 | DEBUG | http://localhost:51905 "GET /session/3a7978140b007b1a3e9293d9c946a995/url HTTP/1.1" 200 0
2026-02-24 17:13:59,233 | DEBUG | Remote response: status=200 | data={"value":"https://www.google.com/search?q=Backend+Developer+Santiago,+Chile&udm=8&sei=VAaeaZqcBrDe1sQP15HMCA&jbr=sep:0#vhid=vt%3D20/docid%3D8MOSSb9WtiTvVFyzAAAAAA%3D%3D&vssid=jobs-detail-viewer"} | headers=HTTPHeaderDict({'Content-Length': '195', 'Content-Type': 'application/json; charset=utf-8', 'cache-control': 'no-cache'})
2026-02-24 17:13:59,233 | DEBUG | Finished Request
2026-02-24 17:13:59,234 | DEBUG | POST http://localhost:51905/session/3a7978140b007b1a3e9293d9c946a995/frame {'id': None}
2026-02-24 17:13:59,247 | DEBUG | http://localhost:51905 "POST /session/3a7978140b007b1a3e9293d9c946a995/frame HTTP/1.1" 200 0
2026-02-24 17:13:59,248 | DEBUG | Remote response: status=200 | data={"value":null} | headers=HTTPHeaderDict({'Content-Length': '14', 'Content-Type': 'application/json; charset=utf-8', 'cache-control': 'no-cache'})
2026-02-24 17:13:59,250 | DEBUG | Finished Request
2026-02-24 17:13:59,251 | DEBUG | GET http://localhost:51905/session/3a7978140b007b1a3e9293d9c946a995/url {}
2026-02-24 17:13:59,278 | DEBUG | http://localhost:51905 "GET /session/3a7978140b007b1a3e9293d9c946a995/url HTTP/1.1" 200 0
2026-02-24 17:13:59,281 | DEBUG | Remote response: status=200 | data={"value":"https://www.google.com/search?q=Backend+Developer+Santiago,+Chile&udm=8&sei=VAaeaZqcBrDe1sQP15HMCA&jbr=sep:0#vhid=vt%3D20/docid%3D8MOSSb9WtiTvVFyzAAAAAA%3D%3D&vssid=jobs-detail-viewer"} | headers=HTTPHeaderDict({'Content-Length': '195', 'Content-Type': 'application/json; charset=utf-8', 'cache-control': 'no-cache'})
2026-02-24 17:13:59,282 | DEBUG | Finished Request
2026-02-24 17:14:02,084 | DEBUG | DELETE http://localhost:51905/session/3a7978140b007b1a3e9293d9c946a995 {}
2026-02-24 17:14:02,212 | DEBUG | http://localhost:51905 "DELETE /session/3a7978140b007b1a3e9293d9c946a995 HTTP/1.1" 200 0
2026-02-24 17:14:02,212 | DEBUG | Remote response: status=200 | data={"value":null} | headers=HTTPHeaderDict({'Content-Length': '14', 'Content-Type': 'application/json; charset=utf-8', 'cache-control': 'no-cache'})
2026-02-24 17:14:02,213 | DEBUG | Finished Request
2026-02-24 17:14:08,885 | INFO | 🚀 Sistema DreamJob iniciado.
2026-02-24 17:14:08,975 | INFO | Match 'Node.js Developer backend expert': 144 pts
2026-02-24 17:14:08,976 | INFO | Match 'Desarrollador Backend / Web (Spring Boot)': 120 pts
2026-02-24 17:14:08,977 | INFO | Match 'Backend Developer Java / Experiencia en sector seguros': 692 pts
2026-02-24 17:14:08,978 | INFO | Match 'Desarrollador Backend / Web (Spring Boot)': 511 pts
2026-02-24 17:14:08,979 | INFO | Match 'Developer Backend': 396 pts
2026-02-24 17:14:08,980 | INFO | Match 'Backend Developer': 416 pts
2026-02-24 17:14:09,023 | INFO | Persistencia exitosa: 295 ofertas.
2026-02-24 17:14:09,024 | INFO | Análisis completado: 6 resultados.
2026-02-24 17:14:11,702 | INFO | 🚀 Sistema DreamJob iniciado.
2026-02-24 17:14:11,793 | INFO | ====== WebDriver manager ======
2026-02-24 17:14:14,219 | INFO | Get LATEST chromedriver version for google-chrome
2026-02-24 17:14:14,220 | DEBUG | Starting new HTTPS connection (1): googlechromelabs.github.io:443
2026-02-24 17:14:14,795 | DEBUG | https://googlechromelabs.github.io:443 "GET /chrome-for-testing/latest-patch-versions-per-build.json HTTP/1.1" 200 15450
2026-02-24 17:14:14,838 | INFO | Get LATEST chromedriver version for google-chrome
2026-02-24 17:14:14,839 | DEBUG | Starting new HTTPS connection (1): googlechromelabs.github.io:443
2026-02-24 17:14:15,343 | DEBUG | https://googlechromelabs.github.io:443 "GET /chrome-for-testing/latest-patch-versions-per-build.json HTTP/1.1" 200 15450
2026-02-24 17:14:15,375 | INFO | Driver [C:\Users\Soporte\.wdm\drivers\chromedriver\win64\133.0.6943.141\chromedriver-win32/chromedriver.exe] found in cache
2026-02-24 17:14:15,376 | DEBUG | Skipping Selenium Manager; path to chrome driver specified in Service class: C:\Users\Soporte\.wdm\drivers\chromedriver\win64\133.0.6943.141\chromedriver-win32/chromedriver.exe
2026-02-24 17:14:15,390 | DEBUG | Started executable: `C:\Users\Soporte\.wdm\drivers\chromedriver\win64\133.0.6943.141\chromedriver-win32/chromedriver.exe` in a child process with pid: 29652 using 0 to output -3
2026-02-24 17:14:15,548 | DEBUG | POST http://localhost:51761/session {'capabilities': {'firstMatch': [{}], 'alwaysMatch': {'browserName': 'chrome', 'pageLoadStrategy': <PageLoadStrategy.normal: 'normal'>, 'goog:chromeOptions': {'excludeSwitches': ['enable-automation'], 'useAutomationExtension': False, 'extensions': [], 'args': ['--disable-blink-features=AutomationControlled']}}}}
2026-02-24 17:14:15,549 | DEBUG | Starting new HTTP connection (1): localhost:51761
2026-02-24 17:14:16,746 | DEBUG | http://localhost:51761 "POST /session HTTP/1.1" 200 0
2026-02-24 17:14:16,747 | DEBUG | Remote response: status=200 | data={"value":{"capabilities":{"acceptInsecureCerts":false,"browserName":"chrome","browserVersion":"133.0.6943.142","chrome":{"chromedriverVersion":"133.0.6943.141 (2a5d6da0d6165d7b107502095a937fe7704fcef6-refs/branch-heads/6943@{#1912})","userDataDir":"C:\\Users\\Soporte\\AppData\\Local\\Temp\\scoped_dir29652_1398089194"},"fedcm:accounts":true,"goog:chromeOptions":{"debuggerAddress":"localhost:51764"},"networkConnectionEnabled":false,"pageLoadStrategy":"normal","platformName":"windows","proxy":{},"setWindowRect":true,"strictFileInteractability":false,"timeouts":{"implicit":0,"pageLoad":300000,"script":30000},"unhandledPromptBehavior":"dismiss and notify","webauthn:extension:credBlob":true,"webauthn:extension:largeBlob":true,"webauthn:extension:minPinLength":true,"webauthn:extension:prf":true,"webauthn:virtualAuthenticators":true},"sessionId":"bc70f677511683b12e0d1d1e99936a13"}} | headers=HTTPHeaderDict({'Content-Length': '886', 'Content-Type': 'application/json; charset=utf-8', 'cache-control': 'no-cache'})
2026-02-24 17:14:16,747 | DEBUG | Finished Request
2026-02-24 17:14:16,748 | DEBUG | POST http://localhost:51761/session/bc70f677511683b12e0d1d1e99936a13/goog/cdp/execute {'cmd': 'Page.addScriptToEvaluateOnNewDocument', 'params': {'source': "Object.defineProperty(navigator, 'webdriver', {get: () => undefined})"}}
2026-02-24 17:14:16,757 | DEBUG | http://localhost:51761 "POST /session/bc70f677511683b12e0d1d1e99936a13/goog/cdp/execute HTTP/1.1" 200 0
2026-02-24 17:14:16,758 | DEBUG | Remote response: status=200 | data={"value":{"identifier":"2"}} | headers=HTTPHeaderDict({'Content-Length': '28', 'Content-Type': 'application/json; charset=utf-8', 'cache-control': 'no-cache'})
2026-02-24 17:14:16,758 | DEBUG | Finished Request
2026-02-24 17:14:16,760 | DEBUG | POST http://localhost:51761/session/bc70f677511683b12e0d1d1e99936a13/url {'url': 'https://www.google.com/search?q=Backend+Developer+Santiago%2C+Chile&ibp=htl;jobs'}
2026-02-24 17:14:17,258 | DEBUG | http://localhost:51761 "POST /session/bc70f677511683b12e0d1d1e99936a13/url HTTP/1.1" 200 0
2026-02-24 17:14:17,258 | DEBUG | Remote response: status=200 | data={"value":null} | headers=HTTPHeaderDict({'Content-Length': '14', 'Content-Type': 'application/json; charset=utf-8', 'cache-control': 'no-cache'})
2026-02-24 17:14:17,259 | DEBUG | Finished Request
2026-02-24 17:14:21,259 | DEBUG | POST http://localhost:51761/session/bc70f677511683b12e0d1d1e99936a13/elements {'using': 'css selector', 'value': 'div.EimVGf'}
2026-02-24 17:14:21,275 | DEBUG | http://localhost:51761 "POST /session/bc70f677511683b12e0d1d1e99936a13/elements HTTP/1.1" 200 0
2026-02-24 17:14:21,275 | DEBUG | Remote response: status=200 | data={"value":[{"element-6066-11e4-a52e-4f735466cecf":"f.676502EE99683822EDC4BC3AE1546585.d.221B21ABBE82A45A449802C4E6D97F01.e.28"},{"element-6066-11e4-a52e-4f735466cecf":"f.676502EE99683822EDC4BC3AE1546585.d.221B21ABBE82A45A449802C4E6D97F01.e.29"},{"element-6066-11e4-a52e-4f735466cecf":"f.676502EE99683822EDC4BC3AE1546585.d.221B21ABBE82A45A449802C4E6D97F01.e.30"},{"element-6066-11e4-a52e-4f735466cecf":"f.676502EE99683822EDC4BC3AE1546585.d.221B21ABBE82A45A449802C4E6D97F01.e.31"},{"element-6066-11e4-a52e-4f735466cecf":"f.676502EE99683822EDC4BC3AE1546585.d.221B21ABBE82A45A449802C4E6D97F01.e.32"},{"element-6066-11e4-a52e-4f735466cecf":"f.676502EE99683822EDC4BC3AE1546585.d.221B21ABBE82A45A449802C4E6D97F01.e.33"},{"element-6066-11e4-a52e-4f735466cecf":"f.676502EE99683822EDC4BC3AE1546585.d.221B21ABBE82A45A449802C4E6D97F01.e.34"},{"element-6066-11e4-a52e-4f735466cecf":"f.676502EE99683822EDC4BC3AE1546585.d.221B21ABBE82A45A449802C4E6D97F01.e.35"},{"element-6066-11e4-a52e-4f735466cecf":"f.676502EE99683822EDC4BC3AE1546585.d.221B21ABBE82A45A449802C4E6D97F01.e.36"},{"element-6066-11e4-a52e-4f735466cecf":"f.676502EE99683822EDC4BC3AE1546585.d.221B21ABBE82A45A449802C4E6D97F01.e.37"}]} | headers=HTTPHeaderDict({'Content-Length': '1181', 'Content-Type': 'application/json; charset=utf-8', 'cache-control': 'no-cache'})
2026-02-24 17:14:21,276 | DEBUG | Finished Request
2026-02-24 17:14:21,276 | DEBUG | POST http://localhost:51761/session/bc70f677511683b12e0d1d1e99936a13/elements {'using': 'css selector', 'value': 'div.EimVGf'}
2026-02-24 17:14:21,296 | DEBUG | http://localhost:51761 "POST /session/bc70f677511683b12e0d1d1e99936a13/elements HTTP/1.1" 200 0
2026-02-24 17:14:21,297 | DEBUG | Remote response: status=200 | data={"value":[{"element-6066-11e4-a52e-4f735466cecf":"f.676502EE99683822EDC4BC3AE1546585.d.221B21ABBE82A45A449802C4E6D97F01.e.28"},{"element-6066-11e4-a52e-4f735466cecf":"f.676502EE99683822EDC4BC3AE1546585.d.221B21ABBE82A45A449802C4E6D97F01.e.29"},{"element-6066-11e4-a52e-4f735466cecf":"f.676502EE99683822EDC4BC3AE1546585.d.221B21ABBE82A45A449802C4E6D97F01.e.30"},{"element-6066-11e4-a52e-4f735466cecf":"f.676502EE99683822EDC4BC3AE1546585.d.221B21ABBE82A45A449802C4E6D97F01.e.31"},{"element-6066-11e4-a52e-4f735466cecf":"f.676502EE99683822EDC4BC3AE1546585.d.221B21ABBE82A45A449802C4E6D97F01.e.32"},{"element-6066-11e4-a52e-4f735466cecf":"f.676502EE99683822EDC4BC3AE1546585.d.221B21ABBE82A45A449802C4E6D97F01.e.33"},{"element-6066-11e4-a52e-4f735466cecf":"f.676502EE99683822EDC4BC3AE1546585.d.221B21ABBE82A45A449802C4E6D97F01.e.34"},{"element-6066-11e4-a52e-4f735466cecf":"f.676502EE99683822EDC4BC3AE1546585.d.221B21ABBE82A45A449802C4E6D97F01.e.35"},{"element-6066-11e4-a52e-4f735466cecf":"f.676502EE99683822EDC4BC3AE1546585.d.221B21ABBE82A45A449802C4E6D97F01.e.36"},{"element-6066-11e4-a52e-4f735466cecf":"f.676502EE99683822EDC4BC3AE1546585.d.221B21ABBE82A45A449802C4E6D97F01.e.37"}]} | headers=HTTPHeaderDict({'Content-Length': '1181', 'Content-Type': 'application/json; charset=utf-8', 'cache-control': 'no-cache'})
2026-02-24 17:14:21,297 | DEBUG | Finished Request
2026-02-24 17:14:21,299 | DEBUG | POST http://localhost:51761/session/bc70f677511683b12e0d1d1e99936a13/frame {'id': None}
2026-02-24 17:14:21,303 | DEBUG | http://localhost:51761 "POST /session/bc70f677511683b12e0d1d1e99936a13/frame HTTP/1.1" 200 0
2026-02-24 17:14:21,303 | DEBUG | Remote response: status=200 | data={"value":null} | headers=HTTPHeaderDict({'Content-Length': '14', 'Content-Type': 'application/json; charset=utf-8', 'cache-control': 'no-cache'})
2026-02-24 17:14:21,304 | DEBUG | Finished Request
2026-02-24 17:14:21,304 | DEBUG | POST http://localhost:51761/session/bc70f677511683b12e0d1d1e99936a13/elements {'using': 'css selector', 'value': 'div.EimVGf'}
2026-02-24 17:14:21,314 | DEBUG | http://localhost:51761 "POST /session/bc70f677511683b12e0d1d1e99936a13/elements HTTP/1.1" 200 0
2026-02-24 17:14:21,314 | DEBUG | Remote response: status=200 | data={"value":[{"element-6066-11e4-a52e-4f735466cecf":"f.676502EE99683822EDC4BC3AE1546585.d.221B21ABBE82A45A449802C4E6D97F01.e.28"},{"element-6066-11e4-a52e-4f735466cecf":"f.676502EE99683822EDC4BC3AE1546585.d.221B21ABBE82A45A449802C4E6D97F01.e.29"},{"element-6066-11e4-a52e-4f735466cecf":"f.676502EE99683822EDC4BC3AE1546585.d.221B21ABBE82A45A449802C4E6D97F01.e.30"},{"element-6066-11e4-a52e-4f735466cecf":"f.676502EE99683822EDC4BC3AE1546585.d.221B21ABBE82A45A449802C4E6D97F01.e.31"},{"element-6066-11e4-a52e-4f735466cecf":"f.676502EE99683822EDC4BC3AE1546585.d.221B21ABBE82A45A449802C4E6D97F01.e.32"},{"element-6066-11e4-a52e-4f735466cecf":"f.676502EE99683822EDC4BC3AE1546585.d.221B21ABBE82A45A449802C4E6D97F01.e.33"},{"element-6066-11e4-a52e-4f735466cecf":"f.676502EE99683822EDC4BC3AE1546585.d.221B21ABBE82A45A449802C4E6D97F01.e.34"},{"element-6066-11e4-a52e-4f735466cecf":"f.676502EE99683822EDC4BC3AE1546585.d.221B21ABBE82A45A449802C4E6D97F01.e.35"},{"element-6066-11e4-a52e-4f735466cecf":"f.676502EE99683822EDC4BC3AE1546585.d.221B21ABBE82A45A449802C4E6D97F01.e.36"},{"element-6066-11e4-a52e-4f735466cecf":"f.676502EE99683822EDC4BC3AE1546585.d.221B21ABBE82A45A449802C4E6D97F01.e.37"}]} | headers=HTTPHeaderDict({'Content-Length': '1181', 'Content-Type': 'application/json; charset=utf-8', 'cache-control': 'no-cache'})
2026-02-24 17:14:21,315 | DEBUG | Finished Request
2026-02-24 17:14:21,315 | DEBUG | POST http://localhost:51761/session/bc70f677511683b12e0d1d1e99936a13/execute/sync {'script': 'return arguments[0].innerText;', 'args': [{'element-6066-11e4-a52e-4f735466cecf': 'f.676502EE99683822EDC4BC3AE1546585.d.221B21ABBE82A45A449802C4E6D97F01.e.34'}]}
2026-02-24 17:14:21,325 | DEBUG | http://localhost:51761 "POST /session/bc70f677511683b12e0d1d1e99936a13/execute/sync HTTP/1.1" 200 0
2026-02-24 17:14:21,325 | DEBUG | Remote response: status=200 | data={"value":"Backend Developer\nYol1\nSantiago • a través de LinkedIn\nTiempo completo"} | headers=HTTPHeaderDict({'Content-Length': '88', 'Content-Type': 'application/json; charset=utf-8', 'cache-control': 'no-cache'})
2026-02-24 17:14:21,325 | DEBUG | Finished Request
2026-02-24 17:14:21,326 | DEBUG | POST http://localhost:51761/session/bc70f677511683b12e0d1d1e99936a13/execute/sync {'script': "arguments[0].scrollIntoView({block:'center'});", 'args': [{'element-6066-11e4-a52e-4f735466cecf': 'f.676502EE99683822EDC4BC3AE1546585.d.221B21ABBE82A45A449802C4E6D97F01.e.34'}]}
2026-02-24 17:14:21,338 | DEBUG | http://localhost:51761 "POST /session/bc70f677511683b12e0d1d1e99936a13/execute/sync HTTP/1.1" 200 0
2026-02-24 17:14:21,338 | DEBUG | Remote response: status=200 | data={"value":null} | headers=HTTPHeaderDict({'Content-Length': '14', 'Content-Type': 'application/json; charset=utf-8', 'cache-control': 'no-cache'})
2026-02-24 17:14:21,339 | DEBUG | Finished Request
2026-02-24 17:14:21,639 | DEBUG | POST http://localhost:51761/session/bc70f677511683b12e0d1d1e99936a13/execute/sync {'script': '\n        const bloque = arguments[0];\n        // Buscar hijo con jsaction (el elemento que recibe el...', 'args': [{'element-6066-11e4-a52e-4f735466cecf': 'f.676502EE99683822EDC4BC3AE1546585.d.221B21ABBE82A45A449802C4E6D97F01.e.34'}]}
2026-02-24 17:14:21,736 | DEBUG | http://localhost:51761 "POST /session/bc70f677511683b12e0d1d1e99936a13/execute/sync HTTP/1.1" 200 0
2026-02-24 17:14:21,736 | DEBUG | Remote response: status=200 | data={"value":"OK:jsaction:rcuQ6b:npT2md;h5M12e;jGQF0b:kNqZ1c;"} | headers=HTTPHeaderDict({'Content-Length': '59', 'Content-Type': 'application/json; charset=utf-8', 'cache-control': 'no-cache'})
2026-02-24 17:14:21,737 | DEBUG | Finished Request
2026-02-24 17:14:21,738 | DEBUG | GET http://localhost:51761/session/bc70f677511683b12e0d1d1e99936a13/url {}
2026-02-24 17:14:21,791 | DEBUG | http://localhost:51761 "GET /session/bc70f677511683b12e0d1d1e99936a13/url HTTP/1.1" 200 0
2026-02-24 17:14:21,791 | DEBUG | Remote response: status=200 | data={"value":"https://www.google.com/search?q=Backend+Developer+Santiago,+Chile&udm=8&sei=mAaeaeKQOPv01sQPu5qfwQs&jbr=sep:0#vhid=vt%3D20/docid%3D8MOSSb9WtiTvVFyzAAAAAA%3D%3D&vssid=jobs-detail-viewer"} | headers=HTTPHeaderDict({'Content-Length': '196', 'Content-Type': 'application/json; charset=utf-8', 'cache-control': 'no-cache'})
2026-02-24 17:14:21,792 | DEBUG | Finished Request
2026-02-24 17:14:22,192 | DEBUG | GET http://localhost:51761/session/bc70f677511683b12e0d1d1e99936a13/url {}
2026-02-24 17:14:22,198 | DEBUG | http://localhost:51761 "GET /session/bc70f677511683b12e0d1d1e99936a13/url HTTP/1.1" 200 0
2026-02-24 17:14:22,199 | DEBUG | Remote response: status=200 | data={"value":"https://www.google.com/search?q=Backend+Developer+Santiago,+Chile&udm=8&sei=mAaeaeKQOPv01sQPu5qfwQs&jbr=sep:0#vhid=vt%3D20/docid%3D8MOSSb9WtiTvVFyzAAAAAA%3D%3D&vssid=jobs-detail-viewer"} | headers=HTTPHeaderDict({'Content-Length': '196', 'Content-Type': 'application/json; charset=utf-8', 'cache-control': 'no-cache'})
2026-02-24 17:14:22,199 | DEBUG | Finished Request
2026-02-24 17:14:22,600 | DEBUG | GET http://localhost:51761/session/bc70f677511683b12e0d1d1e99936a13/url {}
2026-02-24 17:14:22,606 | DEBUG | http://localhost:51761 "GET /session/bc70f677511683b12e0d1d1e99936a13/url HTTP/1.1" 200 0
2026-02-24 17:14:22,606 | DEBUG | Remote response: status=200 | data={"value":"https://www.google.com/search?q=Backend+Developer+Santiago,+Chile&udm=8&sei=mAaeaeKQOPv01sQPu5qfwQs&jbr=sep:0#vhid=vt%3D20/docid%3D8MOSSb9WtiTvVFyzAAAAAA%3D%3D&vssid=jobs-detail-viewer"} | headers=HTTPHeaderDict({'Content-Length': '196', 'Content-Type': 'application/json; charset=utf-8', 'cache-control': 'no-cache'})
2026-02-24 17:14:22,606 | DEBUG | Finished Request
2026-02-24 17:14:23,007 | DEBUG | GET http://localhost:51761/session/bc70f677511683b12e0d1d1e99936a13/url {}
2026-02-24 17:14:23,013 | DEBUG | http://localhost:51761 "GET /session/bc70f677511683b12e0d1d1e99936a13/url HTTP/1.1" 200 0
2026-02-24 17:14:23,013 | DEBUG | Remote response: status=200 | data={"value":"https://www.google.com/search?q=Backend+Developer+Santiago,+Chile&udm=8&sei=mAaeaeKQOPv01sQPu5qfwQs&jbr=sep:0#vhid=vt%3D20/docid%3D8MOSSb9WtiTvVFyzAAAAAA%3D%3D&vssid=jobs-detail-viewer"} | headers=HTTPHeaderDict({'Content-Length': '196', 'Content-Type': 'application/json; charset=utf-8', 'cache-control': 'no-cache'})
2026-02-24 17:14:23,013 | DEBUG | Finished Request
2026-02-24 17:14:23,415 | DEBUG | GET http://localhost:51761/session/bc70f677511683b12e0d1d1e99936a13/url {}
2026-02-24 17:14:23,421 | DEBUG | http://localhost:51761 "GET /session/bc70f677511683b12e0d1d1e99936a13/url HTTP/1.1" 200 0
2026-02-24 17:14:23,422 | DEBUG | Remote response: status=200 | data={"value":"https://www.google.com/search?q=Backend+Developer+Santiago,+Chile&udm=8&sei=mAaeaeKQOPv01sQPu5qfwQs&jbr=sep:0#vhid=vt%3D20/docid%3D8MOSSb9WtiTvVFyzAAAAAA%3D%3D&vssid=jobs-detail-viewer"} | headers=HTTPHeaderDict({'Content-Length': '196', 'Content-Type': 'application/json; charset=utf-8', 'cache-control': 'no-cache'})
2026-02-24 17:14:23,422 | DEBUG | Finished Request
2026-02-24 17:14:23,823 | DEBUG | GET http://localhost:51761/session/bc70f677511683b12e0d1d1e99936a13/url {}
2026-02-24 17:14:23,830 | DEBUG | http://localhost:51761 "GET /session/bc70f677511683b12e0d1d1e99936a13/url HTTP/1.1" 200 0
2026-02-24 17:14:23,830 | DEBUG | Remote response: status=200 | data={"value":"https://www.google.com/search?q=Backend+Developer+Santiago,+Chile&udm=8&sei=mAaeaeKQOPv01sQPu5qfwQs&jbr=sep:0#vhid=vt%3D20/docid%3D8MOSSb9WtiTvVFyzAAAAAA%3D%3D&vssid=jobs-detail-viewer"} | headers=HTTPHeaderDict({'Content-Length': '196', 'Content-Type': 'application/json; charset=utf-8', 'cache-control': 'no-cache'})
2026-02-24 17:14:23,831 | DEBUG | Finished Request
2026-02-24 17:14:24,232 | DEBUG | GET http://localhost:51761/session/bc70f677511683b12e0d1d1e99936a13/url {}
2026-02-24 17:14:24,238 | DEBUG | http://localhost:51761 "GET /session/bc70f677511683b12e0d1d1e99936a13/url HTTP/1.1" 200 0
2026-02-24 17:14:24,238 | DEBUG | Remote response: status=200 | data={"value":"https://www.google.com/search?q=Backend+Developer+Santiago,+Chile&udm=8&sei=mAaeaeKQOPv01sQPu5qfwQs&jbr=sep:0#vhid=vt%3D20/docid%3D8MOSSb9WtiTvVFyzAAAAAA%3D%3D&vssid=jobs-detail-viewer"} | headers=HTTPHeaderDict({'Content-Length': '196', 'Content-Type': 'application/json; charset=utf-8', 'cache-control': 'no-cache'})
2026-02-24 17:14:24,239 | DEBUG | Finished Request
2026-02-24 17:14:24,640 | DEBUG | GET http://localhost:51761/session/bc70f677511683b12e0d1d1e99936a13/url {}
2026-02-24 17:14:24,648 | DEBUG | http://localhost:51761 "GET /session/bc70f677511683b12e0d1d1e99936a13/url HTTP/1.1" 200 0
2026-02-24 17:14:24,648 | DEBUG | Remote response: status=200 | data={"value":"https://www.google.com/search?q=Backend+Developer+Santiago,+Chile&udm=8&sei=mAaeaeKQOPv01sQPu5qfwQs&jbr=sep:0#vhid=vt%3D20/docid%3D8MOSSb9WtiTvVFyzAAAAAA%3D%3D&vssid=jobs-detail-viewer"} | headers=HTTPHeaderDict({'Content-Length': '196', 'Content-Type': 'application/json; charset=utf-8', 'cache-control': 'no-cache'})
2026-02-24 17:14:24,649 | DEBUG | Finished Request
2026-02-24 17:14:25,050 | DEBUG | GET http://localhost:51761/session/bc70f677511683b12e0d1d1e99936a13/url {}
2026-02-24 17:14:25,056 | DEBUG | http://localhost:51761 "GET /session/bc70f677511683b12e0d1d1e99936a13/url HTTP/1.1" 200 0
2026-02-24 17:14:25,056 | DEBUG | Remote response: status=200 | data={"value":"https://www.google.com/search?q=Backend+Developer+Santiago,+Chile&udm=8&sei=mAaeaeKQOPv01sQPu5qfwQs&jbr=sep:0#vhid=vt%3D20/docid%3D8MOSSb9WtiTvVFyzAAAAAA%3D%3D&vssid=jobs-detail-viewer"} | headers=HTTPHeaderDict({'Content-Length': '196', 'Content-Type': 'application/json; charset=utf-8', 'cache-control': 'no-cache'})
2026-02-24 17:14:25,056 | DEBUG | Finished Request
2026-02-24 17:14:25,457 | DEBUG | GET http://localhost:51761/session/bc70f677511683b12e0d1d1e99936a13/url {}
2026-02-24 17:14:25,463 | DEBUG | http://localhost:51761 "GET /session/bc70f677511683b12e0d1d1e99936a13/url HTTP/1.1" 200 0
2026-02-24 17:14:25,464 | DEBUG | Remote response: status=200 | data={"value":"https://www.google.com/search?q=Backend+Developer+Santiago,+Chile&udm=8&sei=mAaeaeKQOPv01sQPu5qfwQs&jbr=sep:0#vhid=vt%3D20/docid%3D8MOSSb9WtiTvVFyzAAAAAA%3D%3D&vssid=jobs-detail-viewer"} | headers=HTTPHeaderDict({'Content-Length': '196', 'Content-Type': 'application/json; charset=utf-8', 'cache-control': 'no-cache'})
2026-02-24 17:14:25,464 | DEBUG | Finished Request
2026-02-24 17:14:25,865 | DEBUG | GET http://localhost:51761/session/bc70f677511683b12e0d1d1e99936a13/url {}
2026-02-24 17:14:25,872 | DEBUG | http://localhost:51761 "GET /session/bc70f677511683b12e0d1d1e99936a13/url HTTP/1.1" 200 0
2026-02-24 17:14:25,872 | DEBUG | Remote response: status=200 | data={"value":"https://www.google.com/search?q=Backend+Developer+Santiago,+Chile&udm=8&sei=mAaeaeKQOPv01sQPu5qfwQs&jbr=sep:0#vhid=vt%3D20/docid%3D8MOSSb9WtiTvVFyzAAAAAA%3D%3D&vssid=jobs-detail-viewer"} | headers=HTTPHeaderDict({'Content-Length': '196', 'Content-Type': 'application/json; charset=utf-8', 'cache-control': 'no-cache'})
2026-02-24 17:14:25,872 | DEBUG | Finished Request
2026-02-24 17:14:26,274 | DEBUG | GET http://localhost:51761/session/bc70f677511683b12e0d1d1e99936a13/url {}
2026-02-24 17:14:26,279 | DEBUG | http://localhost:51761 "GET /session/bc70f677511683b12e0d1d1e99936a13/url HTTP/1.1" 200 0
2026-02-24 17:14:26,279 | DEBUG | Remote response: status=200 | data={"value":"https://www.google.com/search?q=Backend+Developer+Santiago,+Chile&udm=8&sei=mAaeaeKQOPv01sQPu5qfwQs&jbr=sep:0#vhid=vt%3D20/docid%3D8MOSSb9WtiTvVFyzAAAAAA%3D%3D&vssid=jobs-detail-viewer"} | headers=HTTPHeaderDict({'Content-Length': '196', 'Content-Type': 'application/json; charset=utf-8', 'cache-control': 'no-cache'})
2026-02-24 17:14:26,280 | DEBUG | Finished Request
2026-02-24 17:14:26,681 | DEBUG | GET http://localhost:51761/session/bc70f677511683b12e0d1d1e99936a13/url {}
2026-02-24 17:14:26,685 | DEBUG | http://localhost:51761 "GET /session/bc70f677511683b12e0d1d1e99936a13/url HTTP/1.1" 200 0
2026-02-24 17:14:26,685 | DEBUG | Remote response: status=200 | data={"value":"https://www.google.com/search?q=Backend+Developer+Santiago,+Chile&udm=8&sei=mAaeaeKQOPv01sQPu5qfwQs&jbr=sep:0#vhid=vt%3D20/docid%3D8MOSSb9WtiTvVFyzAAAAAA%3D%3D&vssid=jobs-detail-viewer"} | headers=HTTPHeaderDict({'Content-Length': '196', 'Content-Type': 'application/json; charset=utf-8', 'cache-control': 'no-cache'})
2026-02-24 17:14:26,686 | DEBUG | Finished Request
2026-02-24 17:14:27,086 | DEBUG | GET http://localhost:51761/session/bc70f677511683b12e0d1d1e99936a13/url {}
2026-02-24 17:14:27,092 | DEBUG | http://localhost:51761 "GET /session/bc70f677511683b12e0d1d1e99936a13/url HTTP/1.1" 200 0
2026-02-24 17:14:27,092 | DEBUG | Remote response: status=200 | data={"value":"https://www.google.com/search?q=Backend+Developer+Santiago,+Chile&udm=8&sei=mAaeaeKQOPv01sQPu5qfwQs&jbr=sep:0#vhid=vt%3D20/docid%3D8MOSSb9WtiTvVFyzAAAAAA%3D%3D&vssid=jobs-detail-viewer"} | headers=HTTPHeaderDict({'Content-Length': '196', 'Content-Type': 'application/json; charset=utf-8', 'cache-control': 'no-cache'})
2026-02-24 17:14:27,092 | DEBUG | Finished Request
2026-02-24 17:14:27,493 | DEBUG | GET http://localhost:51761/session/bc70f677511683b12e0d1d1e99936a13/url {}
2026-02-24 17:14:27,498 | DEBUG | http://localhost:51761 "GET /session/bc70f677511683b12e0d1d1e99936a13/url HTTP/1.1" 200 0
2026-02-24 17:14:27,499 | DEBUG | Remote response: status=200 | data={"value":"https://www.google.com/search?q=Backend+Developer+Santiago,+Chile&udm=8&sei=mAaeaeKQOPv01sQPu5qfwQs&jbr=sep:0#vhid=vt%3D20/docid%3D8MOSSb9WtiTvVFyzAAAAAA%3D%3D&vssid=jobs-detail-viewer"} | headers=HTTPHeaderDict({'Content-Length': '196', 'Content-Type': 'application/json; charset=utf-8', 'cache-control': 'no-cache'})
2026-02-24 17:14:27,499 | DEBUG | Finished Request
2026-02-24 17:14:27,900 | DEBUG | GET http://localhost:51761/session/bc70f677511683b12e0d1d1e99936a13/url {}
2026-02-24 17:14:27,907 | DEBUG | http://localhost:51761 "GET /session/bc70f677511683b12e0d1d1e99936a13/url HTTP/1.1" 200 0
2026-02-24 17:14:27,907 | DEBUG | Remote response: status=200 | data={"value":"https://www.google.com/search?q=Backend+Developer+Santiago,+Chile&udm=8&sei=mAaeaeKQOPv01sQPu5qfwQs&jbr=sep:0#vhid=vt%3D20/docid%3D8MOSSb9WtiTvVFyzAAAAAA%3D%3D&vssid=jobs-detail-viewer"} | headers=HTTPHeaderDict({'Content-Length': '196', 'Content-Type': 'application/json; charset=utf-8', 'cache-control': 'no-cache'})
2026-02-24 17:14:27,908 | DEBUG | Finished Request
2026-02-24 17:14:28,308 | DEBUG | GET http://localhost:51761/session/bc70f677511683b12e0d1d1e99936a13/url {}
2026-02-24 17:14:28,315 | DEBUG | http://localhost:51761 "GET /session/bc70f677511683b12e0d1d1e99936a13/url HTTP/1.1" 200 0
2026-02-24 17:14:28,316 | DEBUG | Remote response: status=200 | data={"value":"https://www.google.com/search?q=Backend+Developer+Santiago,+Chile&udm=8&sei=mAaeaeKQOPv01sQPu5qfwQs&jbr=sep:0#vhid=vt%3D20/docid%3D8MOSSb9WtiTvVFyzAAAAAA%3D%3D&vssid=jobs-detail-viewer"} | headers=HTTPHeaderDict({'Content-Length': '196', 'Content-Type': 'application/json; charset=utf-8', 'cache-control': 'no-cache'})
2026-02-24 17:14:28,316 | DEBUG | Finished Request
2026-02-24 17:14:28,717 | DEBUG | GET http://localhost:51761/session/bc70f677511683b12e0d1d1e99936a13/url {}
2026-02-24 17:14:28,724 | DEBUG | http://localhost:51761 "GET /session/bc70f677511683b12e0d1d1e99936a13/url HTTP/1.1" 200 0
2026-02-24 17:14:28,725 | DEBUG | Remote response: status=200 | data={"value":"https://www.google.com/search?q=Backend+Developer+Santiago,+Chile&udm=8&sei=mAaeaeKQOPv01sQPu5qfwQs&jbr=sep:0#vhid=vt%3D20/docid%3D8MOSSb9WtiTvVFyzAAAAAA%3D%3D&vssid=jobs-detail-viewer"} | headers=HTTPHeaderDict({'Content-Length': '196', 'Content-Type': 'application/json; charset=utf-8', 'cache-control': 'no-cache'})
2026-02-24 17:14:28,725 | DEBUG | Finished Request
2026-02-24 17:14:29,126 | DEBUG | GET http://localhost:51761/session/bc70f677511683b12e0d1d1e99936a13/url {}
2026-02-24 17:14:29,133 | DEBUG | http://localhost:51761 "GET /session/bc70f677511683b12e0d1d1e99936a13/url HTTP/1.1" 200 0
2026-02-24 17:14:29,133 | DEBUG | Remote response: status=200 | data={"value":"https://www.google.com/search?q=Backend+Developer+Santiago,+Chile&udm=8&sei=mAaeaeKQOPv01sQPu5qfwQs&jbr=sep:0#vhid=vt%3D20/docid%3D8MOSSb9WtiTvVFyzAAAAAA%3D%3D&vssid=jobs-detail-viewer"} | headers=HTTPHeaderDict({'Content-Length': '196', 'Content-Type': 'application/json; charset=utf-8', 'cache-control': 'no-cache'})
2026-02-24 17:14:29,134 | DEBUG | Finished Request
2026-02-24 17:14:29,535 | DEBUG | GET http://localhost:51761/session/bc70f677511683b12e0d1d1e99936a13/url {}
2026-02-24 17:14:29,541 | DEBUG | http://localhost:51761 "GET /session/bc70f677511683b12e0d1d1e99936a13/url HTTP/1.1" 200 0
2026-02-24 17:14:29,541 | DEBUG | Remote response: status=200 | data={"value":"https://www.google.com/search?q=Backend+Developer+Santiago,+Chile&udm=8&sei=mAaeaeKQOPv01sQPu5qfwQs&jbr=sep:0#vhid=vt%3D20/docid%3D8MOSSb9WtiTvVFyzAAAAAA%3D%3D&vssid=jobs-detail-viewer"} | headers=HTTPHeaderDict({'Content-Length': '196', 'Content-Type': 'application/json; charset=utf-8', 'cache-control': 'no-cache'})
2026-02-24 17:14:29,541 | DEBUG | Finished Request
2026-02-24 17:14:29,942 | DEBUG | GET http://localhost:51761/session/bc70f677511683b12e0d1d1e99936a13/url {}
2026-02-24 17:14:29,948 | DEBUG | http://localhost:51761 "GET /session/bc70f677511683b12e0d1d1e99936a13/url HTTP/1.1" 200 0
2026-02-24 17:14:29,949 | DEBUG | Remote response: status=200 | data={"value":"https://www.google.com/search?q=Backend+Developer+Santiago,+Chile&udm=8&sei=mAaeaeKQOPv01sQPu5qfwQs&jbr=sep:0#vhid=vt%3D20/docid%3D8MOSSb9WtiTvVFyzAAAAAA%3D%3D&vssid=jobs-detail-viewer"} | headers=HTTPHeaderDict({'Content-Length': '196', 'Content-Type': 'application/json; charset=utf-8', 'cache-control': 'no-cache'})
2026-02-24 17:14:29,949 | DEBUG | Finished Request
2026-02-24 17:14:29,949 | DEBUG | GET http://localhost:51761/session/bc70f677511683b12e0d1d1e99936a13/url {}
2026-02-24 17:14:29,956 | DEBUG | http://localhost:51761 "GET /session/bc70f677511683b12e0d1d1e99936a13/url HTTP/1.1" 200 0
2026-02-24 17:14:29,956 | DEBUG | Remote response: status=200 | data={"value":"https://www.google.com/search?q=Backend+Developer+Santiago,+Chile&udm=8&sei=mAaeaeKQOPv01sQPu5qfwQs&jbr=sep:0#vhid=vt%3D20/docid%3D8MOSSb9WtiTvVFyzAAAAAA%3D%3D&vssid=jobs-detail-viewer"} | headers=HTTPHeaderDict({'Content-Length': '196', 'Content-Type': 'application/json; charset=utf-8', 'cache-control': 'no-cache'})
2026-02-24 17:14:29,957 | DEBUG | Finished Request
2026-02-24 17:14:31,159 | DEBUG | POST http://localhost:51761/session/bc70f677511683b12e0d1d1e99936a13/frame {'id': None}
2026-02-24 17:14:31,162 | DEBUG | http://localhost:51761 "POST /session/bc70f677511683b12e0d1d1e99936a13/frame HTTP/1.1" 200 0
2026-02-24 17:14:31,162 | DEBUG | Remote response: status=200 | data={"value":null} | headers=HTTPHeaderDict({'Content-Length': '14', 'Content-Type': 'application/json; charset=utf-8', 'cache-control': 'no-cache'})
2026-02-24 17:14:31,163 | DEBUG | Finished Request
2026-02-24 17:14:31,163 | DEBUG | POST http://localhost:51761/session/bc70f677511683b12e0d1d1e99936a13/execute/sync {'script': '\n        // Estrategia A: role=button dentro del wrapper jsname=G7vtgf\n        const wrapper = docum...', 'args': []}
2026-02-24 17:14:31,172 | DEBUG | http://localhost:51761 "POST /session/bc70f677511683b12e0d1d1e99936a13/execute/sync HTTP/1.1" 200 0
2026-02-24 17:14:31,172 | DEBUG | Remote response: status=200 | data={"value":"FOUND_INNER"} | headers=HTTPHeaderDict({'Content-Length': '23', 'Content-Type': 'application/json; charset=utf-8', 'cache-control': 'no-cache'})
2026-02-24 17:14:31,172 | DEBUG | Finished Request
2026-02-24 17:14:31,173 | DEBUG | POST http://localhost:51761/session/bc70f677511683b12e0d1d1e99936a13/execute/sync {'script': '\n        let targets = [];\n\n        // Nivel 1: role=button dentro de jsname=G7vtgf\n        const wr...', 'args': []}
2026-02-24 17:14:31,219 | DEBUG | http://localhost:51761 "POST /session/bc70f677511683b12e0d1d1e99936a13/execute/sync HTTP/1.1" 200 0
2026-02-24 17:14:31,220 | DEBUG | Remote response: status=200 | data={"value":"OK:inner-role-button|OK:jsname-wrapper|OK:text-match|OK:text-match"} | headers=HTTPHeaderDict({'Content-Length': '78', 'Content-Type': 'application/json; charset=utf-8', 'cache-control': 'no-cache'})
2026-02-24 17:14:31,220 | DEBUG | Finished Request
2026-02-24 17:14:31,221 | DEBUG | POST http://localhost:51761/session/bc70f677511683b12e0d1d1e99936a13/elements {'using': 'css selector', 'value': '[jsname="G7vtgf"] [role="button"]'}
2026-02-24 17:14:31,235 | DEBUG | http://localhost:51761 "POST /session/bc70f677511683b12e0d1d1e99936a13/elements HTTP/1.1" 200 0
2026-02-24 17:14:31,235 | DEBUG | Remote response: status=200 | data={"value":[{"element-6066-11e4-a52e-4f735466cecf":"f.676502EE99683822EDC4BC3AE1546585.d.221B21ABBE82A45A449802C4E6D97F01.e.57"},{"element-6066-11e4-a52e-4f735466cecf":"f.676502EE99683822EDC4BC3AE1546585.d.221B21ABBE82A45A449802C4E6D97F01.e.58"},{"element-6066-11e4-a52e-4f735466cecf":"f.676502EE99683822EDC4BC3AE1546585.d.221B21ABBE82A45A449802C4E6D97F01.e.59"}]} | headers=HTTPHeaderDict({'Content-Length': '362', 'Content-Type': 'application/json; charset=utf-8', 'cache-control': 'no-cache'})
2026-02-24 17:14:31,235 | DEBUG | Finished Request
2026-02-24 17:14:31,236 | DEBUG | GET http://localhost:51761/session/bc70f677511683b12e0d1d1e99936a13/element/f.676502EE99683822EDC4BC3AE1546585.d.221B21ABBE82A45A449802C4E6D97F01.e.57/text {}
2026-02-24 17:14:31,252 | DEBUG | http://localhost:51761 "GET /session/bc70f677511683b12e0d1d1e99936a13/element/f.676502EE99683822EDC4BC3AE1546585.d.221B21ABBE82A45A449802C4E6D97F01.e.57/text HTTP/1.1" 200 0
2026-02-24 17:14:31,252 | DEBUG | Remote response: status=200 | data={"value":""} | headers=HTTPHeaderDict({'Content-Length': '12', 'Content-Type': 'application/json; charset=utf-8', 'cache-control': 'no-cache'})
2026-02-24 17:14:31,252 | DEBUG | Finished Request
2026-02-24 17:14:31,253 | DEBUG | POST http://localhost:51761/session/bc70f677511683b12e0d1d1e99936a13/execute/sync {'script': 'arguments[0].click();', 'args': [{'element-6066-11e4-a52e-4f735466cecf': 'f.676502EE99683822EDC4BC3AE1546585.d.221B21ABBE82A45A449802C4E6D97F01.e.57'}]}
2026-02-24 17:14:31,266 | DEBUG | http://localhost:51761 "POST /session/bc70f677511683b12e0d1d1e99936a13/execute/sync HTTP/1.1" 200 0
2026-02-24 17:14:31,266 | DEBUG | Remote response: status=200 | data={"value":null} | headers=HTTPHeaderDict({'Content-Length': '14', 'Content-Type': 'application/json; charset=utf-8', 'cache-control': 'no-cache'})
2026-02-24 17:14:31,266 | DEBUG | Finished Request
2026-02-24 17:14:33,768 | DEBUG | POST http://localhost:51761/session/bc70f677511683b12e0d1d1e99936a13/frame {'id': None}
2026-02-24 17:14:33,771 | DEBUG | http://localhost:51761 "POST /session/bc70f677511683b12e0d1d1e99936a13/frame HTTP/1.1" 200 0
2026-02-24 17:14:33,771 | DEBUG | Remote response: status=200 | data={"value":null} | headers=HTTPHeaderDict({'Content-Length': '14', 'Content-Type': 'application/json; charset=utf-8', 'cache-control': 'no-cache'})
2026-02-24 17:14:33,771 | DEBUG | Finished Request
2026-02-24 17:14:36,275 | DEBUG | POST http://localhost:51761/session/bc70f677511683b12e0d1d1e99936a13/frame {'id': None}
2026-02-24 17:14:36,278 | DEBUG | http://localhost:51761 "POST /session/bc70f677511683b12e0d1d1e99936a13/frame HTTP/1.1" 200 0
2026-02-24 17:14:36,278 | DEBUG | Remote response: status=200 | data={"value":null} | headers=HTTPHeaderDict({'Content-Length': '14', 'Content-Type': 'application/json; charset=utf-8', 'cache-control': 'no-cache'})
2026-02-24 17:14:36,279 | DEBUG | Finished Request
2026-02-24 17:14:36,279 | DEBUG | POST http://localhost:51761/session/bc70f677511683b12e0d1d1e99936a13/execute/sync {'script': "\n        const KEYWORDS_DESC = ['responsabilidades','requisitos','experiencia','conocimientos',\n    ...", 'args': []}
2026-02-24 17:14:36,287 | DEBUG | http://localhost:51761 "POST /session/bc70f677511683b12e0d1d1e99936a13/execute/sync HTTP/1.1" 200 0
2026-02-24 17:14:36,287 | DEBUG | Remote response: status=200 | data={"value":"{\"ok\":true,\"fuente\":\".NgUYpe\",\"score\":4478,\"texto\":\"Descripción del trabajoJob descriptionBuscamos consultores dinámicos para hacer crecer nuestro equipo en Santiago, Chile. Tu experiencia, conocimiento y compromiso nos ayudarán a enfrentar los desafíos de nuestros clientes.Estarás apoyando diferentes proyectos a través de tu experiencia como Backend Developer .Responsabilidades principales• Desarrollar nuevas funcionalidades utilizando NestJS y TypeScript en el b...ackend, aplicando arquitectura hexagonal para garantizar escalabilidad y mantenibilidad.• Implementar y mantener microservicios desplegados en Azure cloud services (App Services, Functions, SQL Database).• Diseñar y gestionar pipelines CI/CD con Azure DevOps/GitHub Actions para automatización de testing y despliegue.• Asegurar la calidad del software mediante pruebas unitarias, pruebas de integración y revisiones de código exhaustivas.• Identificar oportunidades de mejora continua del código, optimización de rendimiento y reducción de deuda técnica.• Colaborar con equipos de arquitectura y DevOps para definir estándares técnicos y mejores prácticas de desarrollo.Requisitos• Mínimo 5 años de experiencia en desarrollo backend, con al menos 3 años trabajando específicamente con NestJS.• Experiencia sólida en arquitectura hexagonal y patrones de diseño para sistemas empresariales.• Conocimientos avanzados en Azure cloud services y experiencia práctica en despliegue de aplicaciones cloud-native.• Experiencia trabajando con pipelines CI/CD, infraestructura como código y automatización de procesos.• Manejo de bases de datos PostgreSQL, MongoDB o Cosmos DB en entornos cloud.• Formación académica en Ingeniería en Sistemas, Informática o carrera afín.Qué ofrecemos• Una comunidad internacional que reúne a más de 110 nacionalidades diferentes.• Un entorno donde la confianza ocupa un lugar central: el 70% de nuestros líderes clave comenzaron su carrera en el primer nivel de responsabilidades.• Un sólido sistema de formación con nuestra Academia interna y más de 250 módulos disponibles.• Un entorno de trabajo vibrante con frecuentes eventos internos (afterworks, team buildings, etc.).• Fuerte compromiso con la RSE, especialmente a través de la participación en nuestro programa WeCare Together.Amaris Consulting se enorgullece de ser un lugar de trabajo con igualdad de oportunidades. Estamos comprometidos con la promoción de la diversidad dentro de la fuerza de trabajo y la creación de un ambiente de trabajo inclusivo. Para ello, damos la bienvenida a las solicitudes de todos los candidatos cualificados, independientemente de su género, orientación sexual, raza, etnia, creencias, edad, estado civil, discapacidad u otras características.Who are we?Amaris Consulting es una firma independiente de asesoría tecnológica que ofrece servicios de orientación y soluciones para las empresas.Reúne a más de 7 600 personas distribuidas en 5 continentes y más de 60 países. Con más de 1 000 clientes en todo el mundo, hemos implementado soluciones en proyectos importantes durante más de una década.Nuestros especialistas cubren sectores que abarcan desde servicios financieros y transporte hasta atención sanitaria y tecnología.Amaris es su ‘stepping stone’ para atravesar ríos de cambio, afrontar retos y realizar todos sus proyectos con éxito.\"}"} | headers=HTTPHeaderDict({'Content-Length': '3454', 'Content-Type': 'application/json; charset=utf-8', 'cache-control': 'no-cache'})
2026-02-24 17:14:36,288 | DEBUG | Finished Request
2026-02-24 17:14:36,289 | DEBUG | POST http://localhost:51761/session/bc70f677511683b12e0d1d1e99936a13/frame {'id': None}
2026-02-24 17:14:36,292 | DEBUG | http://localhost:51761 "POST /session/bc70f677511683b12e0d1d1e99936a13/frame HTTP/1.1" 200 0
2026-02-24 17:14:36,292 | DEBUG | Remote response: status=200 | data={"value":null} | headers=HTTPHeaderDict({'Content-Length': '14', 'Content-Type': 'application/json; charset=utf-8', 'cache-control': 'no-cache'})
2026-02-24 17:14:36,292 | DEBUG | Finished Request
2026-02-24 17:14:36,293 | DEBUG | GET http://localhost:51761/session/bc70f677511683b12e0d1d1e99936a13/url {}
2026-02-24 17:14:36,300 | DEBUG | http://localhost:51761 "GET /session/bc70f677511683b12e0d1d1e99936a13/url HTTP/1.1" 200 0
2026-02-24 17:14:36,300 | DEBUG | Remote response: status=200 | data={"value":"https://www.google.com/search?q=Backend+Developer+Santiago,+Chile&udm=8&sei=mAaeaeKQOPv01sQPu5qfwQs&jbr=sep:0#vhid=vt%3D20/docid%3D8MOSSb9WtiTvVFyzAAAAAA%3D%3D&vssid=jobs-detail-viewer"} | headers=HTTPHeaderDict({'Content-Length': '196', 'Content-Type': 'application/json; charset=utf-8', 'cache-control': 'no-cache'})
2026-02-24 17:14:36,301 | DEBUG | Finished Request
2026-02-24 17:14:36,301 | DEBUG | POST http://localhost:51761/session/bc70f677511683b12e0d1d1e99936a13/frame {'id': None}
2026-02-24 17:14:36,304 | DEBUG | http://localhost:51761 "POST /session/bc70f677511683b12e0d1d1e99936a13/frame HTTP/1.1" 200 0
2026-02-24 17:14:36,304 | DEBUG | Remote response: status=200 | data={"value":null} | headers=HTTPHeaderDict({'Content-Length': '14', 'Content-Type': 'application/json; charset=utf-8', 'cache-control': 'no-cache'})
2026-02-24 17:14:36,304 | DEBUG | Finished Request
2026-02-24 17:14:36,304 | DEBUG | GET http://localhost:51761/session/bc70f677511683b12e0d1d1e99936a13/url {}
2026-02-24 17:14:36,310 | DEBUG | http://localhost:51761 "GET /session/bc70f677511683b12e0d1d1e99936a13/url HTTP/1.1" 200 0
2026-02-24 17:14:36,310 | DEBUG | Remote response: status=200 | data={"value":"https://www.google.com/search?q=Backend+Developer+Santiago,+Chile&udm=8&sei=mAaeaeKQOPv01sQPu5qfwQs&jbr=sep:0#vhid=vt%3D20/docid%3D8MOSSb9WtiTvVFyzAAAAAA%3D%3D&vssid=jobs-detail-viewer"} | headers=HTTPHeaderDict({'Content-Length': '196', 'Content-Type': 'application/json; charset=utf-8', 'cache-control': 'no-cache'})
2026-02-24 17:14:36,311 | DEBUG | Finished Request
2026-02-24 17:14:37,114 | DEBUG | POST http://localhost:51761/session/bc70f677511683b12e0d1d1e99936a13/frame {'id': None}
2026-02-24 17:14:37,117 | DEBUG | http://localhost:51761 "POST /session/bc70f677511683b12e0d1d1e99936a13/frame HTTP/1.1" 200 0
2026-02-24 17:14:37,117 | DEBUG | Remote response: status=200 | data={"value":null} | headers=HTTPHeaderDict({'Content-Length': '14', 'Content-Type': 'application/json; charset=utf-8', 'cache-control': 'no-cache'})
2026-02-24 17:14:37,117 | DEBUG | Finished Request
2026-02-24 17:14:37,118 | DEBUG | POST http://localhost:51761/session/bc70f677511683b12e0d1d1e99936a13/elements {'using': 'css selector', 'value': 'div.EimVGf'}
2026-02-24 17:14:37,129 | DEBUG | http://localhost:51761 "POST /session/bc70f677511683b12e0d1d1e99936a13/elements HTTP/1.1" 200 0
2026-02-24 17:14:37,130 | DEBUG | Remote response: status=200 | data={"value":[{"element-6066-11e4-a52e-4f735466cecf":"f.676502EE99683822EDC4BC3AE1546585.d.221B21ABBE82A45A449802C4E6D97F01.e.28"},{"element-6066-11e4-a52e-4f735466cecf":"f.676502EE99683822EDC4BC3AE1546585.d.221B21ABBE82A45A449802C4E6D97F01.e.29"},{"element-6066-11e4-a52e-4f735466cecf":"f.676502EE99683822EDC4BC3AE1546585.d.221B21ABBE82A45A449802C4E6D97F01.e.30"},{"element-6066-11e4-a52e-4f735466cecf":"f.676502EE99683822EDC4BC3AE1546585.d.221B21ABBE82A45A449802C4E6D97F01.e.31"},{"element-6066-11e4-a52e-4f735466cecf":"f.676502EE99683822EDC4BC3AE1546585.d.221B21ABBE82A45A449802C4E6D97F01.e.32"},{"element-6066-11e4-a52e-4f735466cecf":"f.676502EE99683822EDC4BC3AE1546585.d.221B21ABBE82A45A449802C4E6D97F01.e.33"},{"element-6066-11e4-a52e-4f735466cecf":"f.676502EE99683822EDC4BC3AE1546585.d.221B21ABBE82A45A449802C4E6D97F01.e.34"},{"element-6066-11e4-a52e-4f735466cecf":"f.676502EE99683822EDC4BC3AE1546585.d.221B21ABBE82A45A449802C4E6D97F01.e.35"},{"element-6066-11e4-a52e-4f735466cecf":"f.676502EE99683822EDC4BC3AE1546585.d.221B21ABBE82A45A449802C4E6D97F01.e.36"},{"element-6066-11e4-a52e-4f735466cecf":"f.676502EE99683822EDC4BC3AE1546585.d.221B21ABBE82A45A449802C4E6D97F01.e.37"},{"element-6066-11e4-a52e-4f735466cecf":"f.676502EE99683822EDC4BC3AE1546585.d.221B21ABBE82A45A449802C4E6D97F01.e.60"},{"element-6066-11e4-a52e-4f735466cecf":"f.676502EE99683822EDC4BC3AE1546585.d.221B21ABBE82A45A449802C4E6D97F01.e.61"},{"element-6066-11e4-a52e-4f735466cecf":"f.676502EE99683822EDC4BC3AE1546585.d.221B21ABBE82A45A449802C4E6D97F01.e.62"},{"element-6066-11e4-a52e-4f735466cecf":"f.676502EE99683822EDC4BC3AE1546585.d.221B21ABBE82A45A449802C4E6D97F01.e.63"},{"element-6066-11e4-a52e-4f735466cecf":"f.676502EE99683822EDC4BC3AE1546585.d.221B21ABBE82A45A449802C4E6D97F01.e.64"},{"element-6066-11e4-a52e-4f735466cecf":"f.676502EE99683822EDC4BC3AE1546585.d.221B21ABBE82A45A449802C4E6D97F01.e.65"},{"element-6066-11e4-a52e-4f735466cecf":"f.676502EE99683822EDC4BC3AE1546585.d.221B21ABBE82A45A449802C4E6D97F01.e.66"},{"element-6066-11e4-a52e-4f735466cecf":"f.676502EE99683822EDC4BC3AE1546585.d.221B21ABBE82A45A449802C4E6D97F01.e.67"},{"element-6066-11e4-a52e-4f735466cecf":"f.676502EE99683822EDC4BC3AE1546585.d.221B21ABBE82A45A449802C4E6D97F01.e.68"},{"element-6066-11e4-a52e-4f735466cecf":"f.676502EE99683822EDC4BC3AE1546585.d.221B21ABBE82A45A449802C4E6D97F01.e.69"}]} | headers=HTTPHeaderDict({'Content-Length': '2351', 'Content-Type': 'application/json; charset=utf-8', 'cache-control': 'no-cache'})
2026-02-24 17:14:37,131 | DEBUG | Finished Request
2026-02-24 17:14:37,131 | DEBUG | POST http://localhost:51761/session/bc70f677511683b12e0d1d1e99936a13/execute/sync {'script': 'return arguments[0].innerText;', 'args': [{'element-6066-11e4-a52e-4f735466cecf': 'f.676502EE99683822EDC4BC3AE1546585.d.221B21ABBE82A45A449802C4E6D97F01.e.35'}]}
2026-02-24 17:14:37,139 | DEBUG | http://localhost:51761 "POST /session/bc70f677511683b12e0d1d1e99936a13/execute/sync HTTP/1.1" 200 0
2026-02-24 17:14:37,139 | DEBUG | Remote response: status=200 | data={"value":"Backend Developer Santiago\nGlobal66\nRegión Metropolitana (y 1 ubicación más) • a través de Talent.com\nTiempo completo"} | headers=HTTPHeaderDict({'Content-Length': '138', 'Content-Type': 'application/json; charset=utf-8', 'cache-control': 'no-cache'})
2026-02-24 17:14:37,140 | DEBUG | Finished Request
2026-02-24 17:14:37,140 | DEBUG | POST http://localhost:51761/session/bc70f677511683b12e0d1d1e99936a13/execute/sync {'script': "arguments[0].scrollIntoView({block:'center'});", 'args': [{'element-6066-11e4-a52e-4f735466cecf': 'f.676502EE99683822EDC4BC3AE1546585.d.221B21ABBE82A45A449802C4E6D97F01.e.35'}]}
2026-02-24 17:14:37,151 | DEBUG | http://localhost:51761 "POST /session/bc70f677511683b12e0d1d1e99936a13/execute/sync HTTP/1.1" 200 0
2026-02-24 17:14:37,151 | DEBUG | Remote response: status=200 | data={"value":null} | headers=HTTPHeaderDict({'Content-Length': '14', 'Content-Type': 'application/json; charset=utf-8', 'cache-control': 'no-cache'})
2026-02-24 17:14:37,151 | DEBUG | Finished Request
2026-02-24 17:14:37,453 | DEBUG | POST http://localhost:51761/session/bc70f677511683b12e0d1d1e99936a13/execute/sync {'script': '\n        const bloque = arguments[0];\n        // Buscar hijo con jsaction (el elemento que recibe el...', 'args': [{'element-6066-11e4-a52e-4f735466cecf': 'f.676502EE99683822EDC4BC3AE1546585.d.221B21ABBE82A45A449802C4E6D97F01.e.35'}]}
2026-02-24 17:14:37,541 | DEBUG | http://localhost:51761 "POST /session/bc70f677511683b12e0d1d1e99936a13/execute/sync HTTP/1.1" 200 0
2026-02-24 17:14:37,541 | DEBUG | Remote response: status=200 | data={"value":"OK:jsaction:rcuQ6b:npT2md;h5M12e;jGQF0b:kNqZ1c;"} | headers=HTTPHeaderDict({'Content-Length': '59', 'Content-Type': 'application/json; charset=utf-8', 'cache-control': 'no-cache'})
2026-02-24 17:14:37,542 | DEBUG | Finished Request
2026-02-24 17:14:37,543 | DEBUG | GET http://localhost:51761/session/bc70f677511683b12e0d1d1e99936a13/url {}
2026-02-24 17:14:37,626 | DEBUG | http://localhost:51761 "GET /session/bc70f677511683b12e0d1d1e99936a13/url HTTP/1.1" 200 0
2026-02-24 17:14:37,626 | DEBUG | Remote response: status=200 | data={"value":"https://www.google.com/search?q=Backend+Developer+Santiago,+Chile&udm=8&sei=mAaeaeKQOPv01sQPu5qfwQs&jbr=sep:0#vhid=vt%3D20/docid%3DanQLyr9c1Rm7qUdVAAAAAA%3D%3D&vssid=jobs-detail-viewer"} | headers=HTTPHeaderDict({'Content-Length': '196', 'Content-Type': 'application/json; charset=utf-8', 'cache-control': 'no-cache'})
2026-02-24 17:14:37,627 | DEBUG | Finished Request
2026-02-24 17:14:38,027 | DEBUG | GET http://localhost:51761/session/bc70f677511683b12e0d1d1e99936a13/url {}
2026-02-24 17:14:38,033 | DEBUG | http://localhost:51761 "GET /session/bc70f677511683b12e0d1d1e99936a13/url HTTP/1.1" 200 0
2026-02-24 17:14:38,033 | DEBUG | Remote response: status=200 | data={"value":"https://www.google.com/search?q=Backend+Developer+Santiago,+Chile&udm=8&sei=mAaeaeKQOPv01sQPu5qfwQs&jbr=sep:0#vhid=vt%3D20/docid%3DanQLyr9c1Rm7qUdVAAAAAA%3D%3D&vssid=jobs-detail-viewer"} | headers=HTTPHeaderDict({'Content-Length': '196', 'Content-Type': 'application/json; charset=utf-8', 'cache-control': 'no-cache'})
2026-02-24 17:14:38,034 | DEBUG | Finished Request
2026-02-24 17:14:38,435 | DEBUG | GET http://localhost:51761/session/bc70f677511683b12e0d1d1e99936a13/url {}
2026-02-24 17:14:38,441 | DEBUG | http://localhost:51761 "GET /session/bc70f677511683b12e0d1d1e99936a13/url HTTP/1.1" 200 0
2026-02-24 17:14:38,441 | DEBUG | Remote response: status=200 | data={"value":"https://www.google.com/search?q=Backend+Developer+Santiago,+Chile&udm=8&sei=mAaeaeKQOPv01sQPu5qfwQs&jbr=sep:0#vhid=vt%3D20/docid%3DanQLyr9c1Rm7qUdVAAAAAA%3D%3D&vssid=jobs-detail-viewer"} | headers=HTTPHeaderDict({'Content-Length': '196', 'Content-Type': 'application/json; charset=utf-8', 'cache-control': 'no-cache'})
2026-02-24 17:14:38,441 | DEBUG | Finished Request
2026-02-24 17:14:38,842 | DEBUG | GET http://localhost:51761/session/bc70f677511683b12e0d1d1e99936a13/url {}
2026-02-24 17:14:38,848 | DEBUG | http://localhost:51761 "GET /session/bc70f677511683b12e0d1d1e99936a13/url HTTP/1.1" 200 0
2026-02-24 17:14:38,848 | DEBUG | Remote response: status=200 | data={"value":"https://www.google.com/search?q=Backend+Developer+Santiago,+Chile&udm=8&sei=mAaeaeKQOPv01sQPu5qfwQs&jbr=sep:0#vhid=vt%3D20/docid%3DanQLyr9c1Rm7qUdVAAAAAA%3D%3D&vssid=jobs-detail-viewer"} | headers=HTTPHeaderDict({'Content-Length': '196', 'Content-Type': 'application/json; charset=utf-8', 'cache-control': 'no-cache'})
2026-02-24 17:14:38,848 | DEBUG | Finished Request
2026-02-24 17:14:39,249 | DEBUG | GET http://localhost:51761/session/bc70f677511683b12e0d1d1e99936a13/url {}
2026-02-24 17:14:39,255 | DEBUG | http://localhost:51761 "GET /session/bc70f677511683b12e0d1d1e99936a13/url HTTP/1.1" 200 0
2026-02-24 17:14:39,255 | DEBUG | Remote response: status=200 | data={"value":"https://www.google.com/search?q=Backend+Developer+Santiago,+Chile&udm=8&sei=mAaeaeKQOPv01sQPu5qfwQs&jbr=sep:0#vhid=vt%3D20/docid%3DanQLyr9c1Rm7qUdVAAAAAA%3D%3D&vssid=jobs-detail-viewer"} | headers=HTTPHeaderDict({'Content-Length': '196', 'Content-Type': 'application/json; charset=utf-8', 'cache-control': 'no-cache'})
2026-02-24 17:14:39,255 | DEBUG | Finished Request
2026-02-24 17:14:39,656 | DEBUG | GET http://localhost:51761/session/bc70f677511683b12e0d1d1e99936a13/url {}
2026-02-24 17:14:39,662 | DEBUG | http://localhost:51761 "GET /session/bc70f677511683b12e0d1d1e99936a13/url HTTP/1.1" 200 0
2026-02-24 17:14:39,662 | DEBUG | Remote response: status=200 | data={"value":"https://www.google.com/search?q=Backend+Developer+Santiago,+Chile&udm=8&sei=mAaeaeKQOPv01sQPu5qfwQs&jbr=sep:0#vhid=vt%3D20/docid%3DanQLyr9c1Rm7qUdVAAAAAA%3D%3D&vssid=jobs-detail-viewer"} | headers=HTTPHeaderDict({'Content-Length': '196', 'Content-Type': 'application/json; charset=utf-8', 'cache-control': 'no-cache'})
2026-02-24 17:14:39,663 | DEBUG | Finished Request
2026-02-24 17:14:40,063 | DEBUG | GET http://localhost:51761/session/bc70f677511683b12e0d1d1e99936a13/url {}
2026-02-24 17:14:40,069 | DEBUG | http://localhost:51761 "GET /session/bc70f677511683b12e0d1d1e99936a13/url HTTP/1.1" 200 0
2026-02-24 17:14:40,069 | DEBUG | Remote response: status=200 | data={"value":"https://www.google.com/search?q=Backend+Developer+Santiago,+Chile&udm=8&sei=mAaeaeKQOPv01sQPu5qfwQs&jbr=sep:0#vhid=vt%3D20/docid%3DanQLyr9c1Rm7qUdVAAAAAA%3D%3D&vssid=jobs-detail-viewer"} | headers=HTTPHeaderDict({'Content-Length': '196', 'Content-Type': 'application/json; charset=utf-8', 'cache-control': 'no-cache'})
2026-02-24 17:14:40,070 | DEBUG | Finished Request
2026-02-24 17:14:40,471 | DEBUG | GET http://localhost:51761/session/bc70f677511683b12e0d1d1e99936a13/url {}
2026-02-24 17:14:40,476 | DEBUG | http://localhost:51761 "GET /session/bc70f677511683b12e0d1d1e99936a13/url HTTP/1.1" 200 0
2026-02-24 17:14:40,477 | DEBUG | Remote response: status=200 | data={"value":"https://www.google.com/search?q=Backend+Developer+Santiago,+Chile&udm=8&sei=mAaeaeKQOPv01sQPu5qfwQs&jbr=sep:0#vhid=vt%3D20/docid%3DanQLyr9c1Rm7qUdVAAAAAA%3D%3D&vssid=jobs-detail-viewer"} | headers=HTTPHeaderDict({'Content-Length': '196', 'Content-Type': 'application/json; charset=utf-8', 'cache-control': 'no-cache'})
2026-02-24 17:14:40,477 | DEBUG | Finished Request
2026-02-24 17:14:40,878 | DEBUG | GET http://localhost:51761/session/bc70f677511683b12e0d1d1e99936a13/url {}
2026-02-24 17:14:40,884 | DEBUG | http://localhost:51761 "GET /session/bc70f677511683b12e0d1d1e99936a13/url HTTP/1.1" 200 0
2026-02-24 17:14:40,884 | DEBUG | Remote response: status=200 | data={"value":"https://www.google.com/search?q=Backend+Developer+Santiago,+Chile&udm=8&sei=mAaeaeKQOPv01sQPu5qfwQs&jbr=sep:0#vhid=vt%3D20/docid%3DanQLyr9c1Rm7qUdVAAAAAA%3D%3D&vssid=jobs-detail-viewer"} | headers=HTTPHeaderDict({'Content-Length': '196', 'Content-Type': 'application/json; charset=utf-8', 'cache-control': 'no-cache'})
2026-02-24 17:14:40,884 | DEBUG | Finished Request
2026-02-24 17:14:41,285 | DEBUG | GET http://localhost:51761/session/bc70f677511683b12e0d1d1e99936a13/url {}
2026-02-24 17:14:41,291 | DEBUG | http://localhost:51761 "GET /session/bc70f677511683b12e0d1d1e99936a13/url HTTP/1.1" 200 0
2026-02-24 17:14:41,292 | DEBUG | Remote response: status=200 | data={"value":"https://www.google.com/search?q=Backend+Developer+Santiago,+Chile&udm=8&sei=mAaeaeKQOPv01sQPu5qfwQs&jbr=sep:0#vhid=vt%3D20/docid%3DanQLyr9c1Rm7qUdVAAAAAA%3D%3D&vssid=jobs-detail-viewer"} | headers=HTTPHeaderDict({'Content-Length': '196', 'Content-Type': 'application/json; charset=utf-8', 'cache-control': 'no-cache'})
2026-02-24 17:14:41,292 | DEBUG | Finished Request
2026-02-24 17:14:41,693 | DEBUG | GET http://localhost:51761/session/bc70f677511683b12e0d1d1e99936a13/url {}
2026-02-24 17:14:41,700 | DEBUG | http://localhost:51761 "GET /session/bc70f677511683b12e0d1d1e99936a13/url HTTP/1.1" 200 0
2026-02-24 17:14:41,700 | DEBUG | Remote response: status=200 | data={"value":"https://www.google.com/search?q=Backend+Developer+Santiago,+Chile&udm=8&sei=mAaeaeKQOPv01sQPu5qfwQs&jbr=sep:0#vhid=vt%3D20/docid%3DanQLyr9c1Rm7qUdVAAAAAA%3D%3D&vssid=jobs-detail-viewer"} | headers=HTTPHeaderDict({'Content-Length': '196', 'Content-Type': 'application/json; charset=utf-8', 'cache-control': 'no-cache'})
2026-02-24 17:14:41,700 | DEBUG | Finished Request
2026-02-24 17:14:42,101 | DEBUG | GET http://localhost:51761/session/bc70f677511683b12e0d1d1e99936a13/url {}
2026-02-24 17:14:42,107 | DEBUG | http://localhost:51761 "GET /session/bc70f677511683b12e0d1d1e99936a13/url HTTP/1.1" 200 0
2026-02-24 17:14:42,107 | DEBUG | Remote response: status=200 | data={"value":"https://www.google.com/search?q=Backend+Developer+Santiago,+Chile&udm=8&sei=mAaeaeKQOPv01sQPu5qfwQs&jbr=sep:0#vhid=vt%3D20/docid%3DanQLyr9c1Rm7qUdVAAAAAA%3D%3D&vssid=jobs-detail-viewer"} | headers=HTTPHeaderDict({'Content-Length': '196', 'Content-Type': 'application/json; charset=utf-8', 'cache-control': 'no-cache'})
2026-02-24 17:14:42,108 | DEBUG | Finished Request
2026-02-24 17:14:42,508 | DEBUG | GET http://localhost:51761/session/bc70f677511683b12e0d1d1e99936a13/url {}
2026-02-24 17:14:42,515 | DEBUG | http://localhost:51761 "GET /session/bc70f677511683b12e0d1d1e99936a13/url HTTP/1.1" 200 0
2026-02-24 17:14:42,515 | DEBUG | Remote response: status=200 | data={"value":"https://www.google.com/search?q=Backend+Developer+Santiago,+Chile&udm=8&sei=mAaeaeKQOPv01sQPu5qfwQs&jbr=sep:0#vhid=vt%3D20/docid%3DanQLyr9c1Rm7qUdVAAAAAA%3D%3D&vssid=jobs-detail-viewer"} | headers=HTTPHeaderDict({'Content-Length': '196', 'Content-Type': 'application/json; charset=utf-8', 'cache-control': 'no-cache'})
2026-02-24 17:14:42,515 | DEBUG | Finished Request
2026-02-24 17:14:42,916 | DEBUG | GET http://localhost:51761/session/bc70f677511683b12e0d1d1e99936a13/url {}
2026-02-24 17:14:42,923 | DEBUG | http://localhost:51761 "GET /session/bc70f677511683b12e0d1d1e99936a13/url HTTP/1.1" 200 0
2026-02-24 17:14:42,923 | DEBUG | Remote response: status=200 | data={"value":"https://www.google.com/search?q=Backend+Developer+Santiago,+Chile&udm=8&sei=mAaeaeKQOPv01sQPu5qfwQs&jbr=sep:0#vhid=vt%3D20/docid%3DanQLyr9c1Rm7qUdVAAAAAA%3D%3D&vssid=jobs-detail-viewer"} | headers=HTTPHeaderDict({'Content-Length': '196', 'Content-Type': 'application/json; charset=utf-8', 'cache-control': 'no-cache'})
2026-02-24 17:14:42,923 | DEBUG | Finished Request
2026-02-24 17:14:43,324 | DEBUG | GET http://localhost:51761/session/bc70f677511683b12e0d1d1e99936a13/url {}
2026-02-24 17:14:43,330 | DEBUG | http://localhost:51761 "GET /session/bc70f677511683b12e0d1d1e99936a13/url HTTP/1.1" 200 0
2026-02-24 17:14:43,330 | DEBUG | Remote response: status=200 | data={"value":"https://www.google.com/search?q=Backend+Developer+Santiago,+Chile&udm=8&sei=mAaeaeKQOPv01sQPu5qfwQs&jbr=sep:0#vhid=vt%3D20/docid%3DanQLyr9c1Rm7qUdVAAAAAA%3D%3D&vssid=jobs-detail-viewer"} | headers=HTTPHeaderDict({'Content-Length': '196', 'Content-Type': 'application/json; charset=utf-8', 'cache-control': 'no-cache'})
2026-02-24 17:14:43,331 | DEBUG | Finished Request
2026-02-24 17:14:43,732 | DEBUG | GET http://localhost:51761/session/bc70f677511683b12e0d1d1e99936a13/url {}
2026-02-24 17:14:43,738 | DEBUG | http://localhost:51761 "GET /session/bc70f677511683b12e0d1d1e99936a13/url HTTP/1.1" 200 0
2026-02-24 17:14:43,738 | DEBUG | Remote response: status=200 | data={"value":"https://www.google.com/search?q=Backend+Developer+Santiago,+Chile&udm=8&sei=mAaeaeKQOPv01sQPu5qfwQs&jbr=sep:0#vhid=vt%3D20/docid%3DanQLyr9c1Rm7qUdVAAAAAA%3D%3D&vssid=jobs-detail-viewer"} | headers=HTTPHeaderDict({'Content-Length': '196', 'Content-Type': 'application/json; charset=utf-8', 'cache-control': 'no-cache'})
2026-02-24 17:14:43,738 | DEBUG | Finished Request
2026-02-24 17:14:44,139 | DEBUG | GET http://localhost:51761/session/bc70f677511683b12e0d1d1e99936a13/url {}
2026-02-24 17:14:44,146 | DEBUG | http://localhost:51761 "GET /session/bc70f677511683b12e0d1d1e99936a13/url HTTP/1.1" 200 0
2026-02-24 17:14:44,146 | DEBUG | Remote response: status=200 | data={"value":"https://www.google.com/search?q=Backend+Developer+Santiago,+Chile&udm=8&sei=mAaeaeKQOPv01sQPu5qfwQs&jbr=sep:0#vhid=vt%3D20/docid%3DanQLyr9c1Rm7qUdVAAAAAA%3D%3D&vssid=jobs-detail-viewer"} | headers=HTTPHeaderDict({'Content-Length': '196', 'Content-Type': 'application/json; charset=utf-8', 'cache-control': 'no-cache'})
2026-02-24 17:14:44,146 | DEBUG | Finished Request
2026-02-24 17:14:44,547 | DEBUG | GET http://localhost:51761/session/bc70f677511683b12e0d1d1e99936a13/url {}
2026-02-24 17:14:44,553 | DEBUG | http://localhost:51761 "GET /session/bc70f677511683b12e0d1d1e99936a13/url HTTP/1.1" 200 0
2026-02-24 17:14:44,553 | DEBUG | Remote response: status=200 | data={"value":"https://www.google.com/search?q=Backend+Developer+Santiago,+Chile&udm=8&sei=mAaeaeKQOPv01sQPu5qfwQs&jbr=sep:0#vhid=vt%3D20/docid%3DanQLyr9c1Rm7qUdVAAAAAA%3D%3D&vssid=jobs-detail-viewer"} | headers=HTTPHeaderDict({'Content-Length': '196', 'Content-Type': 'application/json; charset=utf-8', 'cache-control': 'no-cache'})
2026-02-24 17:14:44,554 | DEBUG | Finished Request
2026-02-24 17:14:44,955 | DEBUG | GET http://localhost:51761/session/bc70f677511683b12e0d1d1e99936a13/url {}
2026-02-24 17:14:44,961 | DEBUG | http://localhost:51761 "GET /session/bc70f677511683b12e0d1d1e99936a13/url HTTP/1.1" 200 0
2026-02-24 17:14:44,961 | DEBUG | Remote response: status=200 | data={"value":"https://www.google.com/search?q=Backend+Developer+Santiago,+Chile&udm=8&sei=mAaeaeKQOPv01sQPu5qfwQs&jbr=sep:0#vhid=vt%3D20/docid%3DanQLyr9c1Rm7qUdVAAAAAA%3D%3D&vssid=jobs-detail-viewer"} | headers=HTTPHeaderDict({'Content-Length': '196', 'Content-Type': 'application/json; charset=utf-8', 'cache-control': 'no-cache'})
2026-02-24 17:14:44,962 | DEBUG | Finished Request
2026-02-24 17:14:45,363 | DEBUG | GET http://localhost:51761/session/bc70f677511683b12e0d1d1e99936a13/url {}
2026-02-24 17:14:45,368 | DEBUG | http://localhost:51761 "GET /session/bc70f677511683b12e0d1d1e99936a13/url HTTP/1.1" 200 0
2026-02-24 17:14:45,368 | DEBUG | Remote response: status=200 | data={"value":"https://www.google.com/search?q=Backend+Developer+Santiago,+Chile&udm=8&sei=mAaeaeKQOPv01sQPu5qfwQs&jbr=sep:0#vhid=vt%3D20/docid%3DanQLyr9c1Rm7qUdVAAAAAA%3D%3D&vssid=jobs-detail-viewer"} | headers=HTTPHeaderDict({'Content-Length': '196', 'Content-Type': 'application/json; charset=utf-8', 'cache-control': 'no-cache'})
2026-02-24 17:14:45,369 | DEBUG | Finished Request
2026-02-24 17:14:45,770 | DEBUG | GET http://localhost:51761/session/bc70f677511683b12e0d1d1e99936a13/url {}
2026-02-24 17:14:45,775 | DEBUG | http://localhost:51761 "GET /session/bc70f677511683b12e0d1d1e99936a13/url HTTP/1.1" 200 0
2026-02-24 17:14:45,776 | DEBUG | Remote response: status=200 | data={"value":"https://www.google.com/search?q=Backend+Developer+Santiago,+Chile&udm=8&sei=mAaeaeKQOPv01sQPu5qfwQs&jbr=sep:0#vhid=vt%3D20/docid%3DanQLyr9c1Rm7qUdVAAAAAA%3D%3D&vssid=jobs-detail-viewer"} | headers=HTTPHeaderDict({'Content-Length': '196', 'Content-Type': 'application/json; charset=utf-8', 'cache-control': 'no-cache'})
2026-02-24 17:14:45,776 | DEBUG | Finished Request
2026-02-24 17:14:45,776 | DEBUG | GET http://localhost:51761/session/bc70f677511683b12e0d1d1e99936a13/url {}
2026-02-24 17:14:45,782 | DEBUG | http://localhost:51761 "GET /session/bc70f677511683b12e0d1d1e99936a13/url HTTP/1.1" 200 0
2026-02-24 17:14:45,782 | DEBUG | Remote response: status=200 | data={"value":"https://www.google.com/search?q=Backend+Developer+Santiago,+Chile&udm=8&sei=mAaeaeKQOPv01sQPu5qfwQs&jbr=sep:0#vhid=vt%3D20/docid%3DanQLyr9c1Rm7qUdVAAAAAA%3D%3D&vssid=jobs-detail-viewer"} | headers=HTTPHeaderDict({'Content-Length': '196', 'Content-Type': 'application/json; charset=utf-8', 'cache-control': 'no-cache'})
2026-02-24 17:14:45,782 | DEBUG | Finished Request
2026-02-24 17:14:46,984 | DEBUG | POST http://localhost:51761/session/bc70f677511683b12e0d1d1e99936a13/frame {'id': None}
2026-02-24 17:14:46,988 | DEBUG | http://localhost:51761 "POST /session/bc70f677511683b12e0d1d1e99936a13/frame HTTP/1.1" 200 0
2026-02-24 17:14:46,988 | DEBUG | Remote response: status=200 | data={"value":null} | headers=HTTPHeaderDict({'Content-Length': '14', 'Content-Type': 'application/json; charset=utf-8', 'cache-control': 'no-cache'})
2026-02-24 17:14:46,988 | DEBUG | Finished Request
2026-02-24 17:14:46,989 | DEBUG | POST http://localhost:51761/session/bc70f677511683b12e0d1d1e99936a13/execute/sync {'script': '\n        // Estrategia A: role=button dentro del wrapper jsname=G7vtgf\n        const wrapper = docum...', 'args': []}
2026-02-24 17:14:46,996 | DEBUG | http://localhost:51761 "POST /session/bc70f677511683b12e0d1d1e99936a13/execute/sync HTTP/1.1" 200 0
2026-02-24 17:14:46,997 | DEBUG | Remote response: status=200 | data={"value":"FOUND_INNER"} | headers=HTTPHeaderDict({'Content-Length': '23', 'Content-Type': 'application/json; charset=utf-8', 'cache-control': 'no-cache'})
2026-02-24 17:14:46,997 | DEBUG | Finished Request
2026-02-24 17:14:46,997 | DEBUG | POST http://localhost:51761/session/bc70f677511683b12e0d1d1e99936a13/execute/sync {'script': '\n        let targets = [];\n\n        // Nivel 1: role=button dentro de jsname=G7vtgf\n        const wr...', 'args': []}
2026-02-24 17:14:47,043 | DEBUG | http://localhost:51761 "POST /session/bc70f677511683b12e0d1d1e99936a13/execute/sync HTTP/1.1" 200 0
2026-02-24 17:14:47,043 | DEBUG | Remote response: status=200 | data={"value":"OK:inner-role-button|OK:jsname-wrapper|OK:text-match|OK:text-match"} | headers=HTTPHeaderDict({'Content-Length': '78', 'Content-Type': 'application/json; charset=utf-8', 'cache-control': 'no-cache'})
2026-02-24 17:14:47,043 | DEBUG | Finished Request
2026-02-24 17:14:47,044 | DEBUG | POST http://localhost:51761/session/bc70f677511683b12e0d1d1e99936a13/elements {'using': 'css selector', 'value': '[jsname="G7vtgf"] [role="button"]'}
2026-02-24 17:14:47,057 | DEBUG | http://localhost:51761 "POST /session/bc70f677511683b12e0d1d1e99936a13/elements HTTP/1.1" 200 0
2026-02-24 17:14:47,057 | DEBUG | Remote response: status=200 | data={"value":[{"element-6066-11e4-a52e-4f735466cecf":"f.676502EE99683822EDC4BC3AE1546585.d.221B21ABBE82A45A449802C4E6D97F01.e.78"},{"element-6066-11e4-a52e-4f735466cecf":"f.676502EE99683822EDC4BC3AE1546585.d.221B21ABBE82A45A449802C4E6D97F01.e.79"},{"element-6066-11e4-a52e-4f735466cecf":"f.676502EE99683822EDC4BC3AE1546585.d.221B21ABBE82A45A449802C4E6D97F01.e.80"}]} | headers=HTTPHeaderDict({'Content-Length': '362', 'Content-Type': 'application/json; charset=utf-8', 'cache-control': 'no-cache'})
2026-02-24 17:14:47,057 | DEBUG | Finished Request
2026-02-24 17:14:47,058 | DEBUG | GET http://localhost:51761/session/bc70f677511683b12e0d1d1e99936a13/element/f.676502EE99683822EDC4BC3AE1546585.d.221B21ABBE82A45A449802C4E6D97F01.e.78/text {}
2026-02-24 17:14:47,070 | DEBUG | http://localhost:51761 "GET /session/bc70f677511683b12e0d1d1e99936a13/element/f.676502EE99683822EDC4BC3AE1546585.d.221B21ABBE82A45A449802C4E6D97F01.e.78/text HTTP/1.1" 200 0
2026-02-24 17:14:47,071 | DEBUG | Remote response: status=200 | data={"value":""} | headers=HTTPHeaderDict({'Content-Length': '12', 'Content-Type': 'application/json; charset=utf-8', 'cache-control': 'no-cache'})
2026-02-24 17:14:47,071 | DEBUG | Finished Request
2026-02-24 17:14:47,071 | DEBUG | POST http://localhost:51761/session/bc70f677511683b12e0d1d1e99936a13/execute/sync {'script': 'arguments[0].click();', 'args': [{'element-6066-11e4-a52e-4f735466cecf': 'f.676502EE99683822EDC4BC3AE1546585.d.221B21ABBE82A45A449802C4E6D97F01.e.78'}]}
2026-02-24 17:14:47,081 | DEBUG | http://localhost:51761 "POST /session/bc70f677511683b12e0d1d1e99936a13/execute/sync HTTP/1.1" 200 0
2026-02-24 17:14:47,082 | DEBUG | Remote response: status=200 | data={"value":null} | headers=HTTPHeaderDict({'Content-Length': '14', 'Content-Type': 'application/json; charset=utf-8', 'cache-control': 'no-cache'})
2026-02-24 17:14:47,082 | DEBUG | Finished Request
2026-02-24 17:14:49,584 | DEBUG | POST http://localhost:51761/session/bc70f677511683b12e0d1d1e99936a13/frame {'id': None}
2026-02-24 17:14:49,587 | DEBUG | http://localhost:51761 "POST /session/bc70f677511683b12e0d1d1e99936a13/frame HTTP/1.1" 200 0
2026-02-24 17:14:49,587 | DEBUG | Remote response: status=200 | data={"value":null} | headers=HTTPHeaderDict({'Content-Length': '14', 'Content-Type': 'application/json; charset=utf-8', 'cache-control': 'no-cache'})
2026-02-24 17:14:49,587 | DEBUG | Finished Request
2026-02-24 17:14:52,088 | DEBUG | POST http://localhost:51761/session/bc70f677511683b12e0d1d1e99936a13/frame {'id': None}
2026-02-24 17:14:52,091 | DEBUG | http://localhost:51761 "POST /session/bc70f677511683b12e0d1d1e99936a13/frame HTTP/1.1" 200 0
2026-02-24 17:14:52,091 | DEBUG | Remote response: status=200 | data={"value":null} | headers=HTTPHeaderDict({'Content-Length': '14', 'Content-Type': 'application/json; charset=utf-8', 'cache-control': 'no-cache'})
2026-02-24 17:14:52,092 | DEBUG | Finished Request
2026-02-24 17:14:52,092 | DEBUG | POST http://localhost:51761/session/bc70f677511683b12e0d1d1e99936a13/execute/sync {'script': "\n        const KEYWORDS_DESC = ['responsabilidades','requisitos','experiencia','conocimientos',\n    ...", 'args': []}
2026-02-24 17:14:52,102 | DEBUG | http://localhost:51761 "POST /session/bc70f677511683b12e0d1d1e99936a13/execute/sync HTTP/1.1" 200 0
2026-02-24 17:14:52,102 | DEBUG | Remote response: status=200 | data={"value":"{\"ok\":true,\"fuente\":\".NgUYpe\",\"score\":2905,\"texto\":\"Descripción del trabajoCompany Description: Yol1Job Description: ¡Nueva oportunidad para impulsar tecnología con impacto real!En Yol1 estamos buscando a un/a Backend Developer apasionado/a por construir arquitectura robusta, optimizar sistemas y aplicar prácticas modernas de DevOps.Si te motiva trabajar en entornos ágiles y ser parte de la evolución de aplicaciones críticas, ¡este desafío es para ti!Te integrará...s al equipo liderado por Felipe E. Vildoso Castillo, colaborando en proyectos estratégicos que impulsarán nuestro backend y mejorarán la experiencia de nuestros productos digitales.¿Qué harás?• Mantener y evolucionar el backend de nuestra app móvil en Spring Boot.• Desarrollar nuevas funcionalidades y optimizar código para mayor rendimiento.• Gestionar bases de datos PostgreSQL y mejorar consultas.• Implementar prácticas DevOps y pipelines CI/CD con GitHub Actions.• Administrar infraestructura en la nube AWS.• Dockerizar aplicaciones y asegurar despliegues confiables.• Escribir tests automatizados y participar en code reviews para mantener altos estándares de calidad.¿Qué buscamos?• Al menos 3 años de experiencia en desarrollo backend con Java/Kotlin y Spring Boot.• Experiencia aplicando prácticas DevOps en entornos productivos.• Conocimientos de bases de datos relacionales, APIs RESTful y containerización (Docker).• Dominio sólido de Java 11+ y ecosistema Spring (MVC, Data, Security).• Deseable experiencia en AWS, pipelines CI/CD y arquitecturas de microservicios.¿Qué Ofrecemos?• Bono de cumpleaños, fiestas patrias y navidad.• Acceso a nuestro palco VIP en Movistar Arena como beneficio adicional de cumpleaños.• Seguro Complementario de Salud.• Convenio Colectivo FALP.• Ambiente de apoyo y crecimiento.Compromiso con la Diversidad e InclusiónEn Yol1 promovemos un ambiente laboral diverso, equitativo e inclusivo. Valoramos las distintas perspectivas y experiencias, y creemos que estas enriquecen nuestro equipo. Todas las personas son bienvenidas a postular, sin distinción de género, orientación sexual, edad, nacionalidad, origen étnico, religión o discapacidad.\"}"} | headers=HTTPHeaderDict({'Content-Length': '2253', 'Content-Type': 'application/json; charset=utf-8', 'cache-control': 'no-cache'})
2026-02-24 17:14:52,103 | DEBUG | Finished Request
2026-02-24 17:14:52,103 | DEBUG | POST http://localhost:51761/session/bc70f677511683b12e0d1d1e99936a13/frame {'id': None}
2026-02-24 17:14:52,106 | DEBUG | http://localhost:51761 "POST /session/bc70f677511683b12e0d1d1e99936a13/frame HTTP/1.1" 200 0
2026-02-24 17:14:52,106 | DEBUG | Remote response: status=200 | data={"value":null} | headers=HTTPHeaderDict({'Content-Length': '14', 'Content-Type': 'application/json; charset=utf-8', 'cache-control': 'no-cache'})
2026-02-24 17:14:52,106 | DEBUG | Finished Request
2026-02-24 17:14:52,107 | DEBUG | GET http://localhost:51761/session/bc70f677511683b12e0d1d1e99936a13/url {}
2026-02-24 17:14:52,113 | DEBUG | http://localhost:51761 "GET /session/bc70f677511683b12e0d1d1e99936a13/url HTTP/1.1" 200 0
2026-02-24 17:14:52,113 | DEBUG | Remote response: status=200 | data={"value":"https://www.google.com/search?q=Backend+Developer+Santiago,+Chile&udm=8&sei=mAaeaeKQOPv01sQPu5qfwQs&jbr=sep:0#vhid=vt%3D20/docid%3DanQLyr9c1Rm7qUdVAAAAAA%3D%3D&vssid=jobs-detail-viewer"} | headers=HTTPHeaderDict({'Content-Length': '196', 'Content-Type': 'application/json; charset=utf-8', 'cache-control': 'no-cache'})
2026-02-24 17:14:52,114 | DEBUG | Finished Request
2026-02-24 17:14:52,114 | DEBUG | POST http://localhost:51761/session/bc70f677511683b12e0d1d1e99936a13/frame {'id': None}
2026-02-24 17:14:52,117 | DEBUG | http://localhost:51761 "POST /session/bc70f677511683b12e0d1d1e99936a13/frame HTTP/1.1" 200 0
2026-02-24 17:14:52,117 | DEBUG | Remote response: status=200 | data={"value":null} | headers=HTTPHeaderDict({'Content-Length': '14', 'Content-Type': 'application/json; charset=utf-8', 'cache-control': 'no-cache'})
2026-02-24 17:14:52,118 | DEBUG | Finished Request
2026-02-24 17:14:52,118 | DEBUG | GET http://localhost:51761/session/bc70f677511683b12e0d1d1e99936a13/url {}
2026-02-24 17:14:52,123 | DEBUG | http://localhost:51761 "GET /session/bc70f677511683b12e0d1d1e99936a13/url HTTP/1.1" 200 0
2026-02-24 17:14:52,123 | DEBUG | Remote response: status=200 | data={"value":"https://www.google.com/search?q=Backend+Developer+Santiago,+Chile&udm=8&sei=mAaeaeKQOPv01sQPu5qfwQs&jbr=sep:0#vhid=vt%3D20/docid%3DanQLyr9c1Rm7qUdVAAAAAA%3D%3D&vssid=jobs-detail-viewer"} | headers=HTTPHeaderDict({'Content-Length': '196', 'Content-Type': 'application/json; charset=utf-8', 'cache-control': 'no-cache'})
2026-02-24 17:14:52,124 | DEBUG | Finished Request
2026-02-24 17:14:52,926 | DEBUG | POST http://localhost:51761/session/bc70f677511683b12e0d1d1e99936a13/frame {'id': None}
2026-02-24 17:14:52,930 | DEBUG | http://localhost:51761 "POST /session/bc70f677511683b12e0d1d1e99936a13/frame HTTP/1.1" 200 0
2026-02-24 17:14:52,930 | DEBUG | Remote response: status=200 | data={"value":null} | headers=HTTPHeaderDict({'Content-Length': '14', 'Content-Type': 'application/json; charset=utf-8', 'cache-control': 'no-cache'})
2026-02-24 17:14:52,930 | DEBUG | Finished Request
2026-02-24 17:14:52,931 | DEBUG | POST http://localhost:51761/session/bc70f677511683b12e0d1d1e99936a13/elements {'using': 'css selector', 'value': 'div.EimVGf'}
2026-02-24 17:14:52,943 | DEBUG | http://localhost:51761 "POST /session/bc70f677511683b12e0d1d1e99936a13/elements HTTP/1.1" 200 0
2026-02-24 17:14:52,943 | DEBUG | Remote response: status=200 | data={"value":[{"element-6066-11e4-a52e-4f735466cecf":"f.676502EE99683822EDC4BC3AE1546585.d.221B21ABBE82A45A449802C4E6D97F01.e.28"},{"element-6066-11e4-a52e-4f735466cecf":"f.676502EE99683822EDC4BC3AE1546585.d.221B21ABBE82A45A449802C4E6D97F01.e.29"},{"element-6066-11e4-a52e-4f735466cecf":"f.676502EE99683822EDC4BC3AE1546585.d.221B21ABBE82A45A449802C4E6D97F01.e.30"},{"element-6066-11e4-a52e-4f735466cecf":"f.676502EE99683822EDC4BC3AE1546585.d.221B21ABBE82A45A449802C4E6D97F01.e.31"},{"element-6066-11e4-a52e-4f735466cecf":"f.676502EE99683822EDC4BC3AE1546585.d.221B21ABBE82A45A449802C4E6D97F01.e.32"},{"element-6066-11e4-a52e-4f735466cecf":"f.676502EE99683822EDC4BC3AE1546585.d.221B21ABBE82A45A449802C4E6D97F01.e.33"},{"element-6066-11e4-a52e-4f735466cecf":"f.676502EE99683822EDC4BC3AE1546585.d.221B21ABBE82A45A449802C4E6D97F01.e.34"},{"element-6066-11e4-a52e-4f735466cecf":"f.676502EE99683822EDC4BC3AE1546585.d.221B21ABBE82A45A449802C4E6D97F01.e.35"},{"element-6066-11e4-a52e-4f735466cecf":"f.676502EE99683822EDC4BC3AE1546585.d.221B21ABBE82A45A449802C4E6D97F01.e.36"},{"element-6066-11e4-a52e-4f735466cecf":"f.676502EE99683822EDC4BC3AE1546585.d.221B21ABBE82A45A449802C4E6D97F01.e.37"},{"element-6066-11e4-a52e-4f735466cecf":"f.676502EE99683822EDC4BC3AE1546585.d.221B21ABBE82A45A449802C4E6D97F01.e.60"},{"element-6066-11e4-a52e-4f735466cecf":"f.676502EE99683822EDC4BC3AE1546585.d.221B21ABBE82A45A449802C4E6D97F01.e.61"},{"element-6066-11e4-a52e-4f735466cecf":"f.676502EE99683822EDC4BC3AE1546585.d.221B21ABBE82A45A449802C4E6D97F01.e.62"},{"element-6066-11e4-a52e-4f735466cecf":"f.676502EE99683822EDC4BC3AE1546585.d.221B21ABBE82A45A449802C4E6D97F01.e.63"},{"element-6066-11e4-a52e-4f735466cecf":"f.676502EE99683822EDC4BC3AE1546585.d.221B21ABBE82A45A449802C4E6D97F01.e.64"},{"element-6066-11e4-a52e-4f735466cecf":"f.676502EE99683822EDC4BC3AE1546585.d.221B21ABBE82A45A449802C4E6D97F01.e.65"},{"element-6066-11e4-a52e-4f735466cecf":"f.676502EE99683822EDC4BC3AE1546585.d.221B21ABBE82A45A449802C4E6D97F01.e.66"},{"element-6066-11e4-a52e-4f735466cecf":"f.676502EE99683822EDC4BC3AE1546585.d.221B21ABBE82A45A449802C4E6D97F01.e.67"},{"element-6066-11e4-a52e-4f735466cecf":"f.676502EE99683822EDC4BC3AE1546585.d.221B21ABBE82A45A449802C4E6D97F01.e.68"},{"element-6066-11e4-a52e-4f735466cecf":"f.676502EE99683822EDC4BC3AE1546585.d.221B21ABBE82A45A449802C4E6D97F01.e.69"}]} | headers=HTTPHeaderDict({'Content-Length': '2351', 'Content-Type': 'application/json; charset=utf-8', 'cache-control': 'no-cache'})
2026-02-24 17:14:52,944 | DEBUG | Finished Request
2026-02-24 17:14:52,945 | DEBUG | POST http://localhost:51761/session/bc70f677511683b12e0d1d1e99936a13/execute/sync {'script': 'return arguments[0].innerText;', 'args': [{'element-6066-11e4-a52e-4f735466cecf': 'f.676502EE99683822EDC4BC3AE1546585.d.221B21ABBE82A45A449802C4E6D97F01.e.36'}]}
2026-02-24 17:14:52,953 | DEBUG | http://localhost:51761 "POST /session/bc70f677511683b12e0d1d1e99936a13/execute/sync HTTP/1.1" 200 0
2026-02-24 17:14:52,953 | DEBUG | Remote response: status=200 | data={"value":"Ingeniero desarrollador Backend\nMaclean Ltda\nSantiago • a través de Indeed Chile\nTiempo completo"} | headers=HTTPHeaderDict({'Content-Length': '114', 'Content-Type': 'application/json; charset=utf-8', 'cache-control': 'no-cache'})
2026-02-24 17:14:52,954 | DEBUG | Finished Request
2026-02-24 17:14:52,954 | DEBUG | POST http://localhost:51761/session/bc70f677511683b12e0d1d1e99936a13/execute/sync {'script': "arguments[0].scrollIntoView({block:'center'});", 'args': [{'element-6066-11e4-a52e-4f735466cecf': 'f.676502EE99683822EDC4BC3AE1546585.d.221B21ABBE82A45A449802C4E6D97F01.e.36'}]}
2026-02-24 17:14:52,964 | DEBUG | http://localhost:51761 "POST /session/bc70f677511683b12e0d1d1e99936a13/execute/sync HTTP/1.1" 200 0
2026-02-24 17:14:52,965 | DEBUG | Remote response: status=200 | data={"value":null} | headers=HTTPHeaderDict({'Content-Length': '14', 'Content-Type': 'application/json; charset=utf-8', 'cache-control': 'no-cache'})
2026-02-24 17:14:52,965 | DEBUG | Finished Request
2026-02-24 17:14:53,267 | DEBUG | POST http://localhost:51761/session/bc70f677511683b12e0d1d1e99936a13/execute/sync {'script': '\n        const bloque = arguments[0];\n        // Buscar hijo con jsaction (el elemento que recibe el...', 'args': [{'element-6066-11e4-a52e-4f735466cecf': 'f.676502EE99683822EDC4BC3AE1546585.d.221B21ABBE82A45A449802C4E6D97F01.e.36'}]}
2026-02-24 17:14:53,349 | DEBUG | http://localhost:51761 "POST /session/bc70f677511683b12e0d1d1e99936a13/execute/sync HTTP/1.1" 200 0
2026-02-24 17:14:53,349 | DEBUG | Remote response: status=200 | data={"value":"OK:jsaction:rcuQ6b:npT2md;h5M12e;jGQF0b:kNqZ1c;"} | headers=HTTPHeaderDict({'Content-Length': '59', 'Content-Type': 'application/json; charset=utf-8', 'cache-control': 'no-cache'})
2026-02-24 17:14:53,349 | DEBUG | Finished Request
2026-02-24 17:14:53,350 | DEBUG | GET http://localhost:51761/session/bc70f677511683b12e0d1d1e99936a13/url {}
2026-02-24 17:14:53,426 | DEBUG | http://localhost:51761 "GET /session/bc70f677511683b12e0d1d1e99936a13/url HTTP/1.1" 200 0
2026-02-24 17:14:53,426 | DEBUG | Remote response: status=200 | data={"value":"https://www.google.com/search?q=Backend+Developer+Santiago,+Chile&udm=8&sei=mAaeaeKQOPv01sQPu5qfwQs&jbr=sep:0#vhid=vt%3D20/docid%3DjYzLsKsX-iTkfc3cAAAAAA%3D%3D&vssid=jobs-detail-viewer"} | headers=HTTPHeaderDict({'Content-Length': '196', 'Content-Type': 'application/json; charset=utf-8', 'cache-control': 'no-cache'})
2026-02-24 17:14:53,427 | DEBUG | Finished Request
2026-02-24 17:14:53,828 | DEBUG | GET http://localhost:51761/session/bc70f677511683b12e0d1d1e99936a13/url {}
2026-02-24 17:14:53,834 | DEBUG | http://localhost:51761 "GET /session/bc70f677511683b12e0d1d1e99936a13/url HTTP/1.1" 200 0
2026-02-24 17:14:53,834 | DEBUG | Remote response: status=200 | data={"value":"https://www.google.com/search?q=Backend+Developer+Santiago,+Chile&udm=8&sei=mAaeaeKQOPv01sQPu5qfwQs&jbr=sep:0#vhid=vt%3D20/docid%3DjYzLsKsX-iTkfc3cAAAAAA%3D%3D&vssid=jobs-detail-viewer"} | headers=HTTPHeaderDict({'Content-Length': '196', 'Content-Type': 'application/json; charset=utf-8', 'cache-control': 'no-cache'})
2026-02-24 17:14:53,834 | DEBUG | Finished Request
2026-02-24 17:14:54,235 | DEBUG | GET http://localhost:51761/session/bc70f677511683b12e0d1d1e99936a13/url {}
2026-02-24 17:14:54,241 | DEBUG | http://localhost:51761 "GET /session/bc70f677511683b12e0d1d1e99936a13/url HTTP/1.1" 200 0
2026-02-24 17:14:54,241 | DEBUG | Remote response: status=200 | data={"value":"https://www.google.com/search?q=Backend+Developer+Santiago,+Chile&udm=8&sei=mAaeaeKQOPv01sQPu5qfwQs&jbr=sep:0#vhid=vt%3D20/docid%3DjYzLsKsX-iTkfc3cAAAAAA%3D%3D&vssid=jobs-detail-viewer"} | headers=HTTPHeaderDict({'Content-Length': '196', 'Content-Type': 'application/json; charset=utf-8', 'cache-control': 'no-cache'})
2026-02-24 17:14:54,242 | DEBUG | Finished Request
2026-02-24 17:14:54,643 | DEBUG | GET http://localhost:51761/session/bc70f677511683b12e0d1d1e99936a13/url {}
2026-02-24 17:14:54,649 | DEBUG | http://localhost:51761 "GET /session/bc70f677511683b12e0d1d1e99936a13/url HTTP/1.1" 200 0
2026-02-24 17:14:54,649 | DEBUG | Remote response: status=200 | data={"value":"https://www.google.com/search?q=Backend+Developer+Santiago,+Chile&udm=8&sei=mAaeaeKQOPv01sQPu5qfwQs&jbr=sep:0#vhid=vt%3D20/docid%3DjYzLsKsX-iTkfc3cAAAAAA%3D%3D&vssid=jobs-detail-viewer"} | headers=HTTPHeaderDict({'Content-Length': '196', 'Content-Type': 'application/json; charset=utf-8', 'cache-control': 'no-cache'})
2026-02-24 17:14:54,649 | DEBUG | Finished Request
2026-02-24 17:14:55,050 | DEBUG | GET http://localhost:51761/session/bc70f677511683b12e0d1d1e99936a13/url {}
2026-02-24 17:14:55,056 | DEBUG | http://localhost:51761 "GET /session/bc70f677511683b12e0d1d1e99936a13/url HTTP/1.1" 200 0
2026-02-24 17:14:55,056 | DEBUG | Remote response: status=200 | data={"value":"https://www.google.com/search?q=Backend+Developer+Santiago,+Chile&udm=8&sei=mAaeaeKQOPv01sQPu5qfwQs&jbr=sep:0#vhid=vt%3D20/docid%3DjYzLsKsX-iTkfc3cAAAAAA%3D%3D&vssid=jobs-detail-viewer"} | headers=HTTPHeaderDict({'Content-Length': '196', 'Content-Type': 'application/json; charset=utf-8', 'cache-control': 'no-cache'})
2026-02-24 17:14:55,057 | DEBUG | Finished Request
2026-02-24 17:14:55,458 | DEBUG | GET http://localhost:51761/session/bc70f677511683b12e0d1d1e99936a13/url {}
2026-02-24 17:14:55,464 | DEBUG | http://localhost:51761 "GET /session/bc70f677511683b12e0d1d1e99936a13/url HTTP/1.1" 200 0
2026-02-24 17:14:55,464 | DEBUG | Remote response: status=200 | data={"value":"https://www.google.com/search?q=Backend+Developer+Santiago,+Chile&udm=8&sei=mAaeaeKQOPv01sQPu5qfwQs&jbr=sep:0#vhid=vt%3D20/docid%3DjYzLsKsX-iTkfc3cAAAAAA%3D%3D&vssid=jobs-detail-viewer"} | headers=HTTPHeaderDict({'Content-Length': '196', 'Content-Type': 'application/json; charset=utf-8', 'cache-control': 'no-cache'})
2026-02-24 17:14:55,464 | DEBUG | Finished Request
2026-02-24 17:14:55,866 | DEBUG | GET http://localhost:51761/session/bc70f677511683b12e0d1d1e99936a13/url {}
2026-02-24 17:14:55,871 | DEBUG | http://localhost:51761 "GET /session/bc70f677511683b12e0d1d1e99936a13/url HTTP/1.1" 200 0
2026-02-24 17:14:55,872 | DEBUG | Remote response: status=200 | data={"value":"https://www.google.com/search?q=Backend+Developer+Santiago,+Chile&udm=8&sei=mAaeaeKQOPv01sQPu5qfwQs&jbr=sep:0#vhid=vt%3D20/docid%3DjYzLsKsX-iTkfc3cAAAAAA%3D%3D&vssid=jobs-detail-viewer"} | headers=HTTPHeaderDict({'Content-Length': '196', 'Content-Type': 'application/json; charset=utf-8', 'cache-control': 'no-cache'})
2026-02-24 17:14:55,872 | DEBUG | Finished Request
2026-02-24 17:14:56,274 | DEBUG | GET http://localhost:51761/session/bc70f677511683b12e0d1d1e99936a13/url {}
2026-02-24 17:14:56,280 | DEBUG | http://localhost:51761 "GET /session/bc70f677511683b12e0d1d1e99936a13/url HTTP/1.1" 200 0
2026-02-24 17:14:56,280 | DEBUG | Remote response: status=200 | data={"value":"https://www.google.com/search?q=Backend+Developer+Santiago,+Chile&udm=8&sei=mAaeaeKQOPv01sQPu5qfwQs&jbr=sep:0#vhid=vt%3D20/docid%3DjYzLsKsX-iTkfc3cAAAAAA%3D%3D&vssid=jobs-detail-viewer"} | headers=HTTPHeaderDict({'Content-Length': '196', 'Content-Type': 'application/json; charset=utf-8', 'cache-control': 'no-cache'})
2026-02-24 17:14:56,280 | DEBUG | Finished Request
2026-02-24 17:14:56,682 | DEBUG | GET http://localhost:51761/session/bc70f677511683b12e0d1d1e99936a13/url {}
2026-02-24 17:14:56,687 | DEBUG | http://localhost:51761 "GET /session/bc70f677511683b12e0d1d1e99936a13/url HTTP/1.1" 200 0
2026-02-24 17:14:56,687 | DEBUG | Remote response: status=200 | data={"value":"https://www.google.com/search?q=Backend+Developer+Santiago,+Chile&udm=8&sei=mAaeaeKQOPv01sQPu5qfwQs&jbr=sep:0#vhid=vt%3D20/docid%3DjYzLsKsX-iTkfc3cAAAAAA%3D%3D&vssid=jobs-detail-viewer"} | headers=HTTPHeaderDict({'Content-Length': '196', 'Content-Type': 'application/json; charset=utf-8', 'cache-control': 'no-cache'})
2026-02-24 17:14:56,688 | DEBUG | Finished Request
2026-02-24 17:14:57,089 | DEBUG | GET http://localhost:51761/session/bc70f677511683b12e0d1d1e99936a13/url {}
2026-02-24 17:14:57,095 | DEBUG | http://localhost:51761 "GET /session/bc70f677511683b12e0d1d1e99936a13/url HTTP/1.1" 200 0
2026-02-24 17:14:57,095 | DEBUG | Remote response: status=200 | data={"value":"https://www.google.com/search?q=Backend+Developer+Santiago,+Chile&udm=8&sei=mAaeaeKQOPv01sQPu5qfwQs&jbr=sep:0#vhid=vt%3D20/docid%3DjYzLsKsX-iTkfc3cAAAAAA%3D%3D&vssid=jobs-detail-viewer"} | headers=HTTPHeaderDict({'Content-Length': '196', 'Content-Type': 'application/json; charset=utf-8', 'cache-control': 'no-cache'})
2026-02-24 17:14:57,096 | DEBUG | Finished Request
2026-02-24 17:14:57,497 | DEBUG | GET http://localhost:51761/session/bc70f677511683b12e0d1d1e99936a13/url {}
2026-02-24 17:14:57,502 | DEBUG | http://localhost:51761 "GET /session/bc70f677511683b12e0d1d1e99936a13/url HTTP/1.1" 200 0
2026-02-24 17:14:57,503 | DEBUG | Remote response: status=200 | data={"value":"https://www.google.com/search?q=Backend+Developer+Santiago,+Chile&udm=8&sei=mAaeaeKQOPv01sQPu5qfwQs&jbr=sep:0#vhid=vt%3D20/docid%3DjYzLsKsX-iTkfc3cAAAAAA%3D%3D&vssid=jobs-detail-viewer"} | headers=HTTPHeaderDict({'Content-Length': '196', 'Content-Type': 'application/json; charset=utf-8', 'cache-control': 'no-cache'})
2026-02-24 17:14:57,503 | DEBUG | Finished Request
2026-02-24 17:14:57,904 | DEBUG | GET http://localhost:51761/session/bc70f677511683b12e0d1d1e99936a13/url {}
2026-02-24 17:14:57,909 | DEBUG | http://localhost:51761 "GET /session/bc70f677511683b12e0d1d1e99936a13/url HTTP/1.1" 200 0
2026-02-24 17:14:57,910 | DEBUG | Remote response: status=200 | data={"value":"https://www.google.com/search?q=Backend+Developer+Santiago,+Chile&udm=8&sei=mAaeaeKQOPv01sQPu5qfwQs&jbr=sep:0#vhid=vt%3D20/docid%3DjYzLsKsX-iTkfc3cAAAAAA%3D%3D&vssid=jobs-detail-viewer"} | headers=HTTPHeaderDict({'Content-Length': '196', 'Content-Type': 'application/json; charset=utf-8', 'cache-control': 'no-cache'})
2026-02-24 17:14:57,910 | DEBUG | Finished Request
2026-02-24 17:14:58,311 | DEBUG | GET http://localhost:51761/session/bc70f677511683b12e0d1d1e99936a13/url {}
2026-02-24 17:14:58,317 | DEBUG | http://localhost:51761 "GET /session/bc70f677511683b12e0d1d1e99936a13/url HTTP/1.1" 200 0
2026-02-24 17:14:58,318 | DEBUG | Remote response: status=200 | data={"value":"https://www.google.com/search?q=Backend+Developer+Santiago,+Chile&udm=8&sei=mAaeaeKQOPv01sQPu5qfwQs&jbr=sep:0#vhid=vt%3D20/docid%3DjYzLsKsX-iTkfc3cAAAAAA%3D%3D&vssid=jobs-detail-viewer"} | headers=HTTPHeaderDict({'Content-Length': '196', 'Content-Type': 'application/json; charset=utf-8', 'cache-control': 'no-cache'})
2026-02-24 17:14:58,318 | DEBUG | Finished Request
2026-02-24 17:14:58,718 | DEBUG | GET http://localhost:51761/session/bc70f677511683b12e0d1d1e99936a13/url {}
2026-02-24 17:14:58,726 | DEBUG | http://localhost:51761 "GET /session/bc70f677511683b12e0d1d1e99936a13/url HTTP/1.1" 200 0
2026-02-24 17:14:58,726 | DEBUG | Remote response: status=200 | data={"value":"https://www.google.com/search?q=Backend+Developer+Santiago,+Chile&udm=8&sei=mAaeaeKQOPv01sQPu5qfwQs&jbr=sep:0#vhid=vt%3D20/docid%3DjYzLsKsX-iTkfc3cAAAAAA%3D%3D&vssid=jobs-detail-viewer"} | headers=HTTPHeaderDict({'Content-Length': '196', 'Content-Type': 'application/json; charset=utf-8', 'cache-control': 'no-cache'})
2026-02-24 17:14:58,727 | DEBUG | Finished Request
2026-02-24 17:14:59,128 | DEBUG | GET http://localhost:51761/session/bc70f677511683b12e0d1d1e99936a13/url {}
2026-02-24 17:14:59,135 | DEBUG | http://localhost:51761 "GET /session/bc70f677511683b12e0d1d1e99936a13/url HTTP/1.1" 200 0
2026-02-24 17:14:59,136 | DEBUG | Remote response: status=200 | data={"value":"https://www.google.com/search?q=Backend+Developer+Santiago,+Chile&udm=8&sei=mAaeaeKQOPv01sQPu5qfwQs&jbr=sep:0#vhid=vt%3D20/docid%3DjYzLsKsX-iTkfc3cAAAAAA%3D%3D&vssid=jobs-detail-viewer"} | headers=HTTPHeaderDict({'Content-Length': '196', 'Content-Type': 'application/json; charset=utf-8', 'cache-control': 'no-cache'})
2026-02-24 17:14:59,136 | DEBUG | Finished Request
2026-02-24 17:14:59,537 | DEBUG | GET http://localhost:51761/session/bc70f677511683b12e0d1d1e99936a13/url {}
2026-02-24 17:14:59,543 | DEBUG | http://localhost:51761 "GET /session/bc70f677511683b12e0d1d1e99936a13/url HTTP/1.1" 200 0
2026-02-24 17:14:59,544 | DEBUG | Remote response: status=200 | data={"value":"https://www.google.com/search?q=Backend+Developer+Santiago,+Chile&udm=8&sei=mAaeaeKQOPv01sQPu5qfwQs&jbr=sep:0#vhid=vt%3D20/docid%3DjYzLsKsX-iTkfc3cAAAAAA%3D%3D&vssid=jobs-detail-viewer"} | headers=HTTPHeaderDict({'Content-Length': '196', 'Content-Type': 'application/json; charset=utf-8', 'cache-control': 'no-cache'})
2026-02-24 17:14:59,544 | DEBUG | Finished Request
2026-02-24 17:14:59,945 | DEBUG | GET http://localhost:51761/session/bc70f677511683b12e0d1d1e99936a13/url {}
2026-02-24 17:14:59,951 | DEBUG | http://localhost:51761 "GET /session/bc70f677511683b12e0d1d1e99936a13/url HTTP/1.1" 200 0
2026-02-24 17:14:59,952 | DEBUG | Remote response: status=200 | data={"value":"https://www.google.com/search?q=Backend+Developer+Santiago,+Chile&udm=8&sei=mAaeaeKQOPv01sQPu5qfwQs&jbr=sep:0#vhid=vt%3D20/docid%3DjYzLsKsX-iTkfc3cAAAAAA%3D%3D&vssid=jobs-detail-viewer"} | headers=HTTPHeaderDict({'Content-Length': '196', 'Content-Type': 'application/json; charset=utf-8', 'cache-control': 'no-cache'})
2026-02-24 17:14:59,952 | DEBUG | Finished Request
2026-02-24 17:15:00,352 | DEBUG | GET http://localhost:51761/session/bc70f677511683b12e0d1d1e99936a13/url {}
2026-02-24 17:15:00,360 | DEBUG | http://localhost:51761 "GET /session/bc70f677511683b12e0d1d1e99936a13/url HTTP/1.1" 200 0
2026-02-24 17:15:00,360 | DEBUG | Remote response: status=200 | data={"value":"https://www.google.com/search?q=Backend+Developer+Santiago,+Chile&udm=8&sei=mAaeaeKQOPv01sQPu5qfwQs&jbr=sep:0#vhid=vt%3D20/docid%3DjYzLsKsX-iTkfc3cAAAAAA%3D%3D&vssid=jobs-detail-viewer"} | headers=HTTPHeaderDict({'Content-Length': '196', 'Content-Type': 'application/json; charset=utf-8', 'cache-control': 'no-cache'})
2026-02-24 17:15:00,360 | DEBUG | Finished Request
2026-02-24 17:15:00,761 | DEBUG | GET http://localhost:51761/session/bc70f677511683b12e0d1d1e99936a13/url {}
2026-02-24 17:15:00,767 | DEBUG | http://localhost:51761 "GET /session/bc70f677511683b12e0d1d1e99936a13/url HTTP/1.1" 200 0
2026-02-24 17:15:00,768 | DEBUG | Remote response: status=200 | data={"value":"https://www.google.com/search?q=Backend+Developer+Santiago,+Chile&udm=8&sei=mAaeaeKQOPv01sQPu5qfwQs&jbr=sep:0#vhid=vt%3D20/docid%3DjYzLsKsX-iTkfc3cAAAAAA%3D%3D&vssid=jobs-detail-viewer"} | headers=HTTPHeaderDict({'Content-Length': '196', 'Content-Type': 'application/json; charset=utf-8', 'cache-control': 'no-cache'})
2026-02-24 17:15:00,768 | DEBUG | Finished Request
2026-02-24 17:15:01,169 | DEBUG | GET http://localhost:51761/session/bc70f677511683b12e0d1d1e99936a13/url {}
2026-02-24 17:15:01,175 | DEBUG | http://localhost:51761 "GET /session/bc70f677511683b12e0d1d1e99936a13/url HTTP/1.1" 200 0
2026-02-24 17:15:01,176 | DEBUG | Remote response: status=200 | data={"value":"https://www.google.com/search?q=Backend+Developer+Santiago,+Chile&udm=8&sei=mAaeaeKQOPv01sQPu5qfwQs&jbr=sep:0#vhid=vt%3D20/docid%3DjYzLsKsX-iTkfc3cAAAAAA%3D%3D&vssid=jobs-detail-viewer"} | headers=HTTPHeaderDict({'Content-Length': '196', 'Content-Type': 'application/json; charset=utf-8', 'cache-control': 'no-cache'})
2026-02-24 17:15:01,176 | DEBUG | Finished Request
2026-02-24 17:15:01,577 | DEBUG | GET http://localhost:51761/session/bc70f677511683b12e0d1d1e99936a13/url {}
2026-02-24 17:15:01,583 | DEBUG | http://localhost:51761 "GET /session/bc70f677511683b12e0d1d1e99936a13/url HTTP/1.1" 200 0
2026-02-24 17:15:01,583 | DEBUG | Remote response: status=200 | data={"value":"https://www.google.com/search?q=Backend+Developer+Santiago,+Chile&udm=8&sei=mAaeaeKQOPv01sQPu5qfwQs&jbr=sep:0#vhid=vt%3D20/docid%3DjYzLsKsX-iTkfc3cAAAAAA%3D%3D&vssid=jobs-detail-viewer"} | headers=HTTPHeaderDict({'Content-Length': '196', 'Content-Type': 'application/json; charset=utf-8', 'cache-control': 'no-cache'})
2026-02-24 17:15:01,583 | DEBUG | Finished Request
2026-02-24 17:15:01,583 | DEBUG | GET http://localhost:51761/session/bc70f677511683b12e0d1d1e99936a13/url {}
2026-02-24 17:15:01,591 | DEBUG | http://localhost:51761 "GET /session/bc70f677511683b12e0d1d1e99936a13/url HTTP/1.1" 200 0
2026-02-24 17:15:01,591 | DEBUG | Remote response: status=200 | data={"value":"https://www.google.com/search?q=Backend+Developer+Santiago,+Chile&udm=8&sei=mAaeaeKQOPv01sQPu5qfwQs&jbr=sep:0#vhid=vt%3D20/docid%3DjYzLsKsX-iTkfc3cAAAAAA%3D%3D&vssid=jobs-detail-viewer"} | headers=HTTPHeaderDict({'Content-Length': '196', 'Content-Type': 'application/json; charset=utf-8', 'cache-control': 'no-cache'})
2026-02-24 17:15:01,591 | DEBUG | Finished Request
2026-02-24 17:15:02,793 | DEBUG | POST http://localhost:51761/session/bc70f677511683b12e0d1d1e99936a13/frame {'id': None}
2026-02-24 17:15:02,797 | DEBUG | http://localhost:51761 "POST /session/bc70f677511683b12e0d1d1e99936a13/frame HTTP/1.1" 200 0
2026-02-24 17:15:02,797 | DEBUG | Remote response: status=200 | data={"value":null} | headers=HTTPHeaderDict({'Content-Length': '14', 'Content-Type': 'application/json; charset=utf-8', 'cache-control': 'no-cache'})
2026-02-24 17:15:02,797 | DEBUG | Finished Request
2026-02-24 17:15:02,797 | DEBUG | POST http://localhost:51761/session/bc70f677511683b12e0d1d1e99936a13/execute/sync {'script': '\n        // Estrategia A: role=button dentro del wrapper jsname=G7vtgf\n        const wrapper = docum...', 'args': []}
2026-02-24 17:15:02,805 | DEBUG | http://localhost:51761 "POST /session/bc70f677511683b12e0d1d1e99936a13/execute/sync HTTP/1.1" 200 0
2026-02-24 17:15:02,805 | DEBUG | Remote response: status=200 | data={"value":"FOUND_INNER"} | headers=HTTPHeaderDict({'Content-Length': '23', 'Content-Type': 'application/json; charset=utf-8', 'cache-control': 'no-cache'})
2026-02-24 17:15:02,806 | DEBUG | Finished Request
2026-02-24 17:15:02,806 | DEBUG | POST http://localhost:51761/session/bc70f677511683b12e0d1d1e99936a13/execute/sync {'script': '\n        let targets = [];\n\n        // Nivel 1: role=button dentro de jsname=G7vtgf\n        const wr...', 'args': []}
2026-02-24 17:15:02,836 | DEBUG | http://localhost:51761 "POST /session/bc70f677511683b12e0d1d1e99936a13/execute/sync HTTP/1.1" 200 0
2026-02-24 17:15:02,836 | DEBUG | Remote response: status=200 | data={"value":"OK:inner-role-button|OK:jsname-wrapper|OK:text-match|OK:text-match"} | headers=HTTPHeaderDict({'Content-Length': '78', 'Content-Type': 'application/json; charset=utf-8', 'cache-control': 'no-cache'})
2026-02-24 17:15:02,836 | DEBUG | Finished Request
2026-02-24 17:15:02,837 | DEBUG | POST http://localhost:51761/session/bc70f677511683b12e0d1d1e99936a13/elements {'using': 'css selector', 'value': '[jsname="G7vtgf"] [role="button"]'}
2026-02-24 17:15:02,852 | DEBUG | http://localhost:51761 "POST /session/bc70f677511683b12e0d1d1e99936a13/elements HTTP/1.1" 200 0
2026-02-24 17:15:02,852 | DEBUG | Remote response: status=200 | data={"value":[{"element-6066-11e4-a52e-4f735466cecf":"f.676502EE99683822EDC4BC3AE1546585.d.221B21ABBE82A45A449802C4E6D97F01.e.92"},{"element-6066-11e4-a52e-4f735466cecf":"f.676502EE99683822EDC4BC3AE1546585.d.221B21ABBE82A45A449802C4E6D97F01.e.93"},{"element-6066-11e4-a52e-4f735466cecf":"f.676502EE99683822EDC4BC3AE1546585.d.221B21ABBE82A45A449802C4E6D97F01.e.94"}]} | headers=HTTPHeaderDict({'Content-Length': '362', 'Content-Type': 'application/json; charset=utf-8', 'cache-control': 'no-cache'})
2026-02-24 17:15:02,852 | DEBUG | Finished Request
2026-02-24 17:15:02,853 | DEBUG | GET http://localhost:51761/session/bc70f677511683b12e0d1d1e99936a13/element/f.676502EE99683822EDC4BC3AE1546585.d.221B21ABBE82A45A449802C4E6D97F01.e.92/text {}
2026-02-24 17:15:02,866 | DEBUG | http://localhost:51761 "GET /session/bc70f677511683b12e0d1d1e99936a13/element/f.676502EE99683822EDC4BC3AE1546585.d.221B21ABBE82A45A449802C4E6D97F01.e.92/text HTTP/1.1" 200 0
2026-02-24 17:15:02,867 | DEBUG | Remote response: status=200 | data={"value":""} | headers=HTTPHeaderDict({'Content-Length': '12', 'Content-Type': 'application/json; charset=utf-8', 'cache-control': 'no-cache'})
2026-02-24 17:15:02,867 | DEBUG | Finished Request
2026-02-24 17:15:02,867 | DEBUG | POST http://localhost:51761/session/bc70f677511683b12e0d1d1e99936a13/execute/sync {'script': 'arguments[0].click();', 'args': [{'element-6066-11e4-a52e-4f735466cecf': 'f.676502EE99683822EDC4BC3AE1546585.d.221B21ABBE82A45A449802C4E6D97F01.e.92'}]}
2026-02-24 17:15:02,881 | DEBUG | http://localhost:51761 "POST /session/bc70f677511683b12e0d1d1e99936a13/execute/sync HTTP/1.1" 200 0
2026-02-24 17:15:02,881 | DEBUG | Remote response: status=200 | data={"value":null} | headers=HTTPHeaderDict({'Content-Length': '14', 'Content-Type': 'application/json; charset=utf-8', 'cache-control': 'no-cache'})
2026-02-24 17:15:02,881 | DEBUG | Finished Request
2026-02-24 17:15:05,383 | DEBUG | POST http://localhost:51761/session/bc70f677511683b12e0d1d1e99936a13/frame {'id': None}
2026-02-24 17:15:05,386 | DEBUG | http://localhost:51761 "POST /session/bc70f677511683b12e0d1d1e99936a13/frame HTTP/1.1" 200 0
2026-02-24 17:15:05,386 | DEBUG | Remote response: status=200 | data={"value":null} | headers=HTTPHeaderDict({'Content-Length': '14', 'Content-Type': 'application/json; charset=utf-8', 'cache-control': 'no-cache'})
2026-02-24 17:15:05,387 | DEBUG | Finished Request
2026-02-24 17:15:07,889 | DEBUG | POST http://localhost:51761/session/bc70f677511683b12e0d1d1e99936a13/frame {'id': None}
2026-02-24 17:15:07,892 | DEBUG | http://localhost:51761 "POST /session/bc70f677511683b12e0d1d1e99936a13/frame HTTP/1.1" 200 0
2026-02-24 17:15:07,892 | DEBUG | Remote response: status=200 | data={"value":null} | headers=HTTPHeaderDict({'Content-Length': '14', 'Content-Type': 'application/json; charset=utf-8', 'cache-control': 'no-cache'})
2026-02-24 17:15:07,892 | DEBUG | Finished Request
2026-02-24 17:15:07,893 | DEBUG | POST http://localhost:51761/session/bc70f677511683b12e0d1d1e99936a13/execute/sync {'script': "\n        const KEYWORDS_DESC = ['responsabilidades','requisitos','experiencia','conocimientos',\n    ...", 'args': []}
2026-02-24 17:15:07,900 | DEBUG | http://localhost:51761 "POST /session/bc70f677511683b12e0d1d1e99936a13/execute/sync HTTP/1.1" 200 0
2026-02-24 17:15:07,900 | DEBUG | Remote response: status=200 | data={"value":"{\"ok\":true,\"fuente\":\".NgUYpe\",\"score\":3107,\"texto\":\"Descripción del trabajoSé el / la próxim@ Backend Developer de Global66 , acompáñanos a mejorar la calidad de vida de las personas y empresas a través de productos y servicios financieros tecnológicos.Somos una Tribu compuesta por más de 350 personas de diferentes nacionalidades, situadas en varios países (Chile, Argentina, Perú y Colombia) Nos conectamos a través de un servicio que no cree en las fronteras, tenemos c...onciencia de grupo, nos apasiona lo que hacemos y celebramos cada logro como si ganara nuestro equipo favorito 💪.Nos hemos propuesto construir el próximo Neobanco Global de Latinoamérica y nada mejor que hacerlo con un gran equipo de trabajo, lleno de grandes talentos que se desafían todos los días para crear las mejores ideas, romper los límites de lo imposible y tomar riesgos que los lleven a lograr los resultados.Tus próximos desafíos 🚀El / la Backend Developer de Global66 , tendrá como objetivo la implementación tecnológica de productos financieros innovadores y de excelente calidad para nuestros clientes.Dentro de sus funciones están :• Desarrollo de Software : Java Springboot• Participar en instancias propias de proyectos de software : Daily meetings, planificaciones, etc.• Brindar soporte a software productivo.• Colaborar con las diferentes áreas de la empresa para escuchar necesidades de negocio y proponer soluciones técnicas para resolverlas.¿Qué buscamos?• Estudios en el área de desarrollo de Software• Al menos 4 años de experiencia desarrollando software usando Java y Springboot.• Estar familiarizado con entornos de desarrollo de software, por ejemplo conceptos como : Git, APIs REST, diferentes arquitecturas, contenedores, etc.BeneficiosSomos un equipo de alto rendimiento, eso significa que estar aquí es ser de los mejores. Estamos orgullosos de representar a Global66 y de ser parte de esta tribu.¡Valoramos la diversidad y solo tenemos espacio para los que tienen hambre de crecimiento!Algunos beneficios más :• ¡Global66 te impulsa a la búsqueda de la excelencia y a sacar tu máximo potencial! Disfruta de cursos ilimitados a través de la plataforma de estudios de Udemy.• Solicitud de Stock Options de Global66• Cupón de descuento mensual en transferencias por nuestra app• Dress Code libre• Día libre de Cumpleaños• Global66 te regala el computador a los 2 añosY por si fuera poco… tendrás acceso a una App de beneficios de última generación,• Fitness Virtual• Telemedicina• Nutricionista• Soporte Psicológico• App de Meditación#J-18808-Ljbffr\"}"} | headers=HTTPHeaderDict({'Content-Length': '2671', 'Content-Type': 'application/json; charset=utf-8', 'cache-control': 'no-cache'})
2026-02-24 17:15:07,901 | DEBUG | Finished Request
2026-02-24 17:15:07,901 | DEBUG | POST http://localhost:51761/session/bc70f677511683b12e0d1d1e99936a13/frame {'id': None}
2026-02-24 17:15:07,904 | DEBUG | http://localhost:51761 "POST /session/bc70f677511683b12e0d1d1e99936a13/frame HTTP/1.1" 200 0
2026-02-24 17:15:07,905 | DEBUG | Remote response: status=200 | data={"value":null} | headers=HTTPHeaderDict({'Content-Length': '14', 'Content-Type': 'application/json; charset=utf-8', 'cache-control': 'no-cache'})
2026-02-24 17:15:07,905 | DEBUG | Finished Request
2026-02-24 17:15:07,905 | DEBUG | GET http://localhost:51761/session/bc70f677511683b12e0d1d1e99936a13/url {}
2026-02-24 17:15:07,913 | DEBUG | http://localhost:51761 "GET /session/bc70f677511683b12e0d1d1e99936a13/url HTTP/1.1" 200 0
2026-02-24 17:15:07,913 | DEBUG | Remote response: status=200 | data={"value":"https://www.google.com/search?q=Backend+Developer+Santiago,+Chile&udm=8&sei=mAaeaeKQOPv01sQPu5qfwQs&jbr=sep:0#vhid=vt%3D20/docid%3DjYzLsKsX-iTkfc3cAAAAAA%3D%3D&vssid=jobs-detail-viewer"} | headers=HTTPHeaderDict({'Content-Length': '196', 'Content-Type': 'application/json; charset=utf-8', 'cache-control': 'no-cache'})
2026-02-24 17:15:07,914 | DEBUG | Finished Request
2026-02-24 17:15:07,914 | DEBUG | POST http://localhost:51761/session/bc70f677511683b12e0d1d1e99936a13/frame {'id': None}
2026-02-24 17:15:07,917 | DEBUG | http://localhost:51761 "POST /session/bc70f677511683b12e0d1d1e99936a13/frame HTTP/1.1" 200 0
2026-02-24 17:15:07,917 | DEBUG | Remote response: status=200 | data={"value":null} | headers=HTTPHeaderDict({'Content-Length': '14', 'Content-Type': 'application/json; charset=utf-8', 'cache-control': 'no-cache'})
2026-02-24 17:15:07,917 | DEBUG | Finished Request
2026-02-24 17:15:07,918 | DEBUG | GET http://localhost:51761/session/bc70f677511683b12e0d1d1e99936a13/url {}
2026-02-24 17:15:07,924 | DEBUG | http://localhost:51761 "GET /session/bc70f677511683b12e0d1d1e99936a13/url HTTP/1.1" 200 0
2026-02-24 17:15:07,924 | DEBUG | Remote response: status=200 | data={"value":"https://www.google.com/search?q=Backend+Developer+Santiago,+Chile&udm=8&sei=mAaeaeKQOPv01sQPu5qfwQs&jbr=sep:0#vhid=vt%3D20/docid%3DjYzLsKsX-iTkfc3cAAAAAA%3D%3D&vssid=jobs-detail-viewer"} | headers=HTTPHeaderDict({'Content-Length': '196', 'Content-Type': 'application/json; charset=utf-8', 'cache-control': 'no-cache'})
2026-02-24 17:15:07,924 | DEBUG | Finished Request
2026-02-24 17:15:10,726 | DEBUG | DELETE http://localhost:51761/session/bc70f677511683b12e0d1d1e99936a13 {}
2026-02-24 17:15:10,790 | DEBUG | http://localhost:51761 "DELETE /session/bc70f677511683b12e0d1d1e99936a13 HTTP/1.1" 200 0
2026-02-24 17:15:10,790 | DEBUG | Remote response: status=200 | data={"value":null} | headers=HTTPHeaderDict({'Content-Length': '14', 'Content-Type': 'application/json; charset=utf-8', 'cache-control': 'no-cache'})
2026-02-24 17:15:10,791 | DEBUG | Finished Request
2026-02-24 17:15:14,347 | INFO | 🚀 Sistema DreamJob iniciado.
2026-02-24 17:15:14,449 | INFO | Match 'Node.js Developer backend expert': 144 pts
2026-02-24 17:15:14,450 | INFO | Match 'Desarrollador Backend / Web (Spring Boot)': 120 pts
2026-02-24 17:15:14,452 | INFO | Match 'Backend Developer Java / Experiencia en sector seguros': 692 pts
2026-02-24 17:15:14,453 | INFO | Match 'Desarrollador Backend / Web (Spring Boot)': 511 pts
2026-02-24 17:15:14,457 | INFO | Match 'Developer Backend': 396 pts
2026-02-24 17:15:14,462 | INFO | Match 'Backend Developer': 416 pts
2026-02-24 17:15:14,465 | INFO | Match 'Backend Developer': 531 pts
2026-02-24 17:15:14,466 | INFO | Match 'Backend Developer Santiago': 422 pts
2026-02-24 17:15:14,467 | INFO | Match 'Ingeniero desarrollador Backend': 120 pts
2026-02-24 17:15:14,506 | INFO | Persistencia exitosa: 298 ofertas.
2026-02-24 17:15:14,507 | INFO | Análisis completado: 9 resultados.
2026-02-24 17:28:15,326 | INFO | Perfil guardado.
2026-02-24 17:28:15,327 | INFO | 🚀 Sistema DreamJob iniciado.
2026-02-24 17:28:17,581 | INFO | Perfil guardado.
2026-02-24 17:28:17,582 | INFO | 🚀 Sistema DreamJob iniciado.
2026-02-24 17:34:02,457 | INFO | 🚀 Sistema DreamJob iniciado.
2026-02-24 17:34:02,921 | INFO | Perfil cargado.
2026-02-24 17:34:10,738 | INFO | 🚀 Sistema DreamJob iniciado.
2026-02-24 17:34:12,651 | INFO | 🚀 Sistema DreamJob iniciado.
2026-02-24 17:34:17,166 | INFO | 🚀 Sistema DreamJob iniciado.
2026-02-24 17:34:19,401 | INFO | 🚀 Sistema DreamJob iniciado.
2026-02-24 17:34:19,495 | INFO | ====== WebDriver manager ======
2026-02-24 17:34:22,674 | INFO | Get LATEST chromedriver version for google-chrome
2026-02-24 17:34:22,684 | DEBUG | Starting new HTTPS connection (1): googlechromelabs.github.io:443
2026-02-24 17:34:23,513 | DEBUG | https://googlechromelabs.github.io:443 "GET /chrome-for-testing/latest-patch-versions-per-build.json HTTP/1.1" 200 15450
2026-02-24 17:34:23,570 | INFO | Get LATEST chromedriver version for google-chrome
2026-02-24 17:34:23,572 | DEBUG | Starting new HTTPS connection (1): googlechromelabs.github.io:443
2026-02-24 17:34:24,205 | DEBUG | https://googlechromelabs.github.io:443 "GET /chrome-for-testing/latest-patch-versions-per-build.json HTTP/1.1" 200 15450
2026-02-24 17:34:24,255 | INFO | Driver [C:\Users\Soporte\.wdm\drivers\chromedriver\win64\133.0.6943.141\chromedriver-win32/chromedriver.exe] found in cache
2026-02-24 17:34:24,265 | DEBUG | Skipping Selenium Manager; path to chrome driver specified in Service class: C:\Users\Soporte\.wdm\drivers\chromedriver\win64\133.0.6943.141\chromedriver-win32/chromedriver.exe
2026-02-24 17:34:24,288 | DEBUG | Started executable: `C:\Users\Soporte\.wdm\drivers\chromedriver\win64\133.0.6943.141\chromedriver-win32/chromedriver.exe` in a child process with pid: 22888 using 0 to output -3
2026-02-24 17:34:24,449 | DEBUG | POST http://localhost:57930/session {'capabilities': {'firstMatch': [{}], 'alwaysMatch': {'browserName': 'chrome', 'pageLoadStrategy': <PageLoadStrategy.normal: 'normal'>, 'goog:chromeOptions': {'excludeSwitches': ['enable-automation'], 'useAutomationExtension': False, 'extensions': [], 'args': ['--disable-blink-features=AutomationControlled']}}}}
2026-02-24 17:34:24,449 | DEBUG | Starting new HTTP connection (1): localhost:57930
2026-02-24 17:34:25,839 | DEBUG | http://localhost:57930 "POST /session HTTP/1.1" 200 0
2026-02-24 17:34:25,840 | DEBUG | Remote response: status=200 | data={"value":{"capabilities":{"acceptInsecureCerts":false,"browserName":"chrome","browserVersion":"133.0.6943.142","chrome":{"chromedriverVersion":"133.0.6943.141 (2a5d6da0d6165d7b107502095a937fe7704fcef6-refs/branch-heads/6943@{#1912})","userDataDir":"C:\\Users\\Soporte\\AppData\\Local\\Temp\\scoped_dir22888_1133629564"},"fedcm:accounts":true,"goog:chromeOptions":{"debuggerAddress":"localhost:60053"},"networkConnectionEnabled":false,"pageLoadStrategy":"normal","platformName":"windows","proxy":{},"setWindowRect":true,"strictFileInteractability":false,"timeouts":{"implicit":0,"pageLoad":300000,"script":30000},"unhandledPromptBehavior":"dismiss and notify","webauthn:extension:credBlob":true,"webauthn:extension:largeBlob":true,"webauthn:extension:minPinLength":true,"webauthn:extension:prf":true,"webauthn:virtualAuthenticators":true},"sessionId":"ad14dfacc36e1b3f5100287a53ecc304"}} | headers=HTTPHeaderDict({'Content-Length': '886', 'Content-Type': 'application/json; charset=utf-8', 'cache-control': 'no-cache'})
2026-02-24 17:34:25,841 | DEBUG | Finished Request
2026-02-24 17:34:25,842 | DEBUG | POST http://localhost:57930/session/ad14dfacc36e1b3f5100287a53ecc304/goog/cdp/execute {'cmd': 'Page.addScriptToEvaluateOnNewDocument', 'params': {'source': "Object.defineProperty(navigator, 'webdriver', {get: () => undefined})"}}
2026-02-24 17:34:25,854 | DEBUG | http://localhost:57930 "POST /session/ad14dfacc36e1b3f5100287a53ecc304/goog/cdp/execute HTTP/1.1" 200 0
2026-02-24 17:34:25,855 | DEBUG | Remote response: status=200 | data={"value":{"identifier":"2"}} | headers=HTTPHeaderDict({'Content-Length': '28', 'Content-Type': 'application/json; charset=utf-8', 'cache-control': 'no-cache'})
2026-02-24 17:34:25,855 | DEBUG | Finished Request
2026-02-24 17:34:25,858 | DEBUG | POST http://localhost:57930/session/ad14dfacc36e1b3f5100287a53ecc304/url {'url': 'https://www.google.com/search?q=Backend+Developer+Santiago%2C+Chile&ibp=htl;jobs'}
2026-02-24 17:34:26,141 | DEBUG | http://localhost:57930 "POST /session/ad14dfacc36e1b3f5100287a53ecc304/url HTTP/1.1" 200 0
2026-02-24 17:34:26,143 | DEBUG | Remote response: status=200 | data={"value":null} | headers=HTTPHeaderDict({'Content-Length': '14', 'Content-Type': 'application/json; charset=utf-8', 'cache-control': 'no-cache'})
2026-02-24 17:34:26,145 | DEBUG | Finished Request
2026-02-24 17:34:30,150 | DEBUG | POST http://localhost:57930/session/ad14dfacc36e1b3f5100287a53ecc304/elements {'using': 'css selector', 'value': 'div.EimVGf'}
2026-02-24 17:34:30,176 | DEBUG | http://localhost:57930 "POST /session/ad14dfacc36e1b3f5100287a53ecc304/elements HTTP/1.1" 200 0
2026-02-24 17:34:30,176 | DEBUG | Remote response: status=200 | data={"value":[{"element-6066-11e4-a52e-4f735466cecf":"f.EE25548E46DF20E9802161A5D7F83019.d.B3BB6412FAF234DB1A8E3DAB44890200.e.25"},{"element-6066-11e4-a52e-4f735466cecf":"f.EE25548E46DF20E9802161A5D7F83019.d.B3BB6412FAF234DB1A8E3DAB44890200.e.26"},{"element-6066-11e4-a52e-4f735466cecf":"f.EE25548E46DF20E9802161A5D7F83019.d.B3BB6412FAF234DB1A8E3DAB44890200.e.27"},{"element-6066-11e4-a52e-4f735466cecf":"f.EE25548E46DF20E9802161A5D7F83019.d.B3BB6412FAF234DB1A8E3DAB44890200.e.28"},{"element-6066-11e4-a52e-4f735466cecf":"f.EE25548E46DF20E9802161A5D7F83019.d.B3BB6412FAF234DB1A8E3DAB44890200.e.29"},{"element-6066-11e4-a52e-4f735466cecf":"f.EE25548E46DF20E9802161A5D7F83019.d.B3BB6412FAF234DB1A8E3DAB44890200.e.30"},{"element-6066-11e4-a52e-4f735466cecf":"f.EE25548E46DF20E9802161A5D7F83019.d.B3BB6412FAF234DB1A8E3DAB44890200.e.31"},{"element-6066-11e4-a52e-4f735466cecf":"f.EE25548E46DF20E9802161A5D7F83019.d.B3BB6412FAF234DB1A8E3DAB44890200.e.32"},{"element-6066-11e4-a52e-4f735466cecf":"f.EE25548E46DF20E9802161A5D7F83019.d.B3BB6412FAF234DB1A8E3DAB44890200.e.33"},{"element-6066-11e4-a52e-4f735466cecf":"f.EE25548E46DF20E9802161A5D7F83019.d.B3BB6412FAF234DB1A8E3DAB44890200.e.34"}]} | headers=HTTPHeaderDict({'Content-Length': '1181', 'Content-Type': 'application/json; charset=utf-8', 'cache-control': 'no-cache'})
2026-02-24 17:34:30,177 | DEBUG | Finished Request
2026-02-24 17:34:30,177 | DEBUG | POST http://localhost:57930/session/ad14dfacc36e1b3f5100287a53ecc304/elements {'using': 'css selector', 'value': 'div.EimVGf'}
2026-02-24 17:34:30,207 | DEBUG | http://localhost:57930 "POST /session/ad14dfacc36e1b3f5100287a53ecc304/elements HTTP/1.1" 200 0
2026-02-24 17:34:30,208 | DEBUG | Remote response: status=200 | data={"value":[{"element-6066-11e4-a52e-4f735466cecf":"f.EE25548E46DF20E9802161A5D7F83019.d.B3BB6412FAF234DB1A8E3DAB44890200.e.25"},{"element-6066-11e4-a52e-4f735466cecf":"f.EE25548E46DF20E9802161A5D7F83019.d.B3BB6412FAF234DB1A8E3DAB44890200.e.26"},{"element-6066-11e4-a52e-4f735466cecf":"f.EE25548E46DF20E9802161A5D7F83019.d.B3BB6412FAF234DB1A8E3DAB44890200.e.27"},{"element-6066-11e4-a52e-4f735466cecf":"f.EE25548E46DF20E9802161A5D7F83019.d.B3BB6412FAF234DB1A8E3DAB44890200.e.28"},{"element-6066-11e4-a52e-4f735466cecf":"f.EE25548E46DF20E9802161A5D7F83019.d.B3BB6412FAF234DB1A8E3DAB44890200.e.29"},{"element-6066-11e4-a52e-4f735466cecf":"f.EE25548E46DF20E9802161A5D7F83019.d.B3BB6412FAF234DB1A8E3DAB44890200.e.30"},{"element-6066-11e4-a52e-4f735466cecf":"f.EE25548E46DF20E9802161A5D7F83019.d.B3BB6412FAF234DB1A8E3DAB44890200.e.31"},{"element-6066-11e4-a52e-4f735466cecf":"f.EE25548E46DF20E9802161A5D7F83019.d.B3BB6412FAF234DB1A8E3DAB44890200.e.32"},{"element-6066-11e4-a52e-4f735466cecf":"f.EE25548E46DF20E9802161A5D7F83019.d.B3BB6412FAF234DB1A8E3DAB44890200.e.33"},{"element-6066-11e4-a52e-4f735466cecf":"f.EE25548E46DF20E9802161A5D7F83019.d.B3BB6412FAF234DB1A8E3DAB44890200.e.34"}]} | headers=HTTPHeaderDict({'Content-Length': '1181', 'Content-Type': 'application/json; charset=utf-8', 'cache-control': 'no-cache'})
2026-02-24 17:34:30,208 | DEBUG | Finished Request
2026-02-24 17:34:30,210 | DEBUG | POST http://localhost:57930/session/ad14dfacc36e1b3f5100287a53ecc304/frame {'id': None}
2026-02-24 17:34:30,219 | DEBUG | http://localhost:57930 "POST /session/ad14dfacc36e1b3f5100287a53ecc304/frame HTTP/1.1" 200 0
2026-02-24 17:34:30,219 | DEBUG | Remote response: status=200 | data={"value":null} | headers=HTTPHeaderDict({'Content-Length': '14', 'Content-Type': 'application/json; charset=utf-8', 'cache-control': 'no-cache'})
2026-02-24 17:34:30,220 | DEBUG | Finished Request
2026-02-24 17:34:30,220 | DEBUG | POST http://localhost:57930/session/ad14dfacc36e1b3f5100287a53ecc304/elements {'using': 'css selector', 'value': 'div.EimVGf'}
2026-02-24 17:34:30,231 | DEBUG | http://localhost:57930 "POST /session/ad14dfacc36e1b3f5100287a53ecc304/elements HTTP/1.1" 200 0
2026-02-24 17:34:30,233 | DEBUG | Remote response: status=200 | data={"value":[{"element-6066-11e4-a52e-4f735466cecf":"f.EE25548E46DF20E9802161A5D7F83019.d.B3BB6412FAF234DB1A8E3DAB44890200.e.25"},{"element-6066-11e4-a52e-4f735466cecf":"f.EE25548E46DF20E9802161A5D7F83019.d.B3BB6412FAF234DB1A8E3DAB44890200.e.26"},{"element-6066-11e4-a52e-4f735466cecf":"f.EE25548E46DF20E9802161A5D7F83019.d.B3BB6412FAF234DB1A8E3DAB44890200.e.27"},{"element-6066-11e4-a52e-4f735466cecf":"f.EE25548E46DF20E9802161A5D7F83019.d.B3BB6412FAF234DB1A8E3DAB44890200.e.28"},{"element-6066-11e4-a52e-4f735466cecf":"f.EE25548E46DF20E9802161A5D7F83019.d.B3BB6412FAF234DB1A8E3DAB44890200.e.29"},{"element-6066-11e4-a52e-4f735466cecf":"f.EE25548E46DF20E9802161A5D7F83019.d.B3BB6412FAF234DB1A8E3DAB44890200.e.30"},{"element-6066-11e4-a52e-4f735466cecf":"f.EE25548E46DF20E9802161A5D7F83019.d.B3BB6412FAF234DB1A8E3DAB44890200.e.31"},{"element-6066-11e4-a52e-4f735466cecf":"f.EE25548E46DF20E9802161A5D7F83019.d.B3BB6412FAF234DB1A8E3DAB44890200.e.32"},{"element-6066-11e4-a52e-4f735466cecf":"f.EE25548E46DF20E9802161A5D7F83019.d.B3BB6412FAF234DB1A8E3DAB44890200.e.33"},{"element-6066-11e4-a52e-4f735466cecf":"f.EE25548E46DF20E9802161A5D7F83019.d.B3BB6412FAF234DB1A8E3DAB44890200.e.34"}]} | headers=HTTPHeaderDict({'Content-Length': '1181', 'Content-Type': 'application/json; charset=utf-8', 'cache-control': 'no-cache'})
2026-02-24 17:34:30,234 | DEBUG | Finished Request
2026-02-24 17:34:30,235 | DEBUG | POST http://localhost:57930/session/ad14dfacc36e1b3f5100287a53ecc304/execute/sync {'script': 'return arguments[0].innerText;', 'args': [{'element-6066-11e4-a52e-4f735466cecf': 'f.EE25548E46DF20E9802161A5D7F83019.d.B3BB6412FAF234DB1A8E3DAB44890200.e.25'}]}
2026-02-24 17:34:30,244 | DEBUG | http://localhost:57930 "POST /session/ad14dfacc36e1b3f5100287a53ecc304/execute/sync HTTP/1.1" 200 0
2026-02-24 17:34:30,245 | DEBUG | Remote response: status=200 | data={"value":"Node.js Developer backend expert\nAccenture\nSantiago • a través de Accenture\nhace 6 días\nTiempo completo"} | headers=HTTPHeaderDict({'Content-Length': '123', 'Content-Type': 'application/json; charset=utf-8', 'cache-control': 'no-cache'})
2026-02-24 17:34:30,245 | DEBUG | Finished Request
2026-02-24 17:34:30,246 | DEBUG | POST http://localhost:57930/session/ad14dfacc36e1b3f5100287a53ecc304/execute/sync {'script': "arguments[0].scrollIntoView({block:'center'});", 'args': [{'element-6066-11e4-a52e-4f735466cecf': 'f.EE25548E46DF20E9802161A5D7F83019.d.B3BB6412FAF234DB1A8E3DAB44890200.e.25'}]}
2026-02-24 17:34:30,256 | DEBUG | http://localhost:57930 "POST /session/ad14dfacc36e1b3f5100287a53ecc304/execute/sync HTTP/1.1" 200 0
2026-02-24 17:34:30,256 | DEBUG | Remote response: status=200 | data={"value":null} | headers=HTTPHeaderDict({'Content-Length': '14', 'Content-Type': 'application/json; charset=utf-8', 'cache-control': 'no-cache'})
2026-02-24 17:34:30,257 | DEBUG | Finished Request
2026-02-24 17:34:30,557 | DEBUG | POST http://localhost:57930/session/ad14dfacc36e1b3f5100287a53ecc304/execute/sync {'script': '\n        const bloque = arguments[0];\n        // Buscar hijo con jsaction (el elemento que recibe el...', 'args': [{'element-6066-11e4-a52e-4f735466cecf': 'f.EE25548E46DF20E9802161A5D7F83019.d.B3BB6412FAF234DB1A8E3DAB44890200.e.25'}]}
2026-02-24 17:34:30,695 | DEBUG | http://localhost:57930 "POST /session/ad14dfacc36e1b3f5100287a53ecc304/execute/sync HTTP/1.1" 200 0
2026-02-24 17:34:30,695 | DEBUG | Remote response: status=200 | data={"value":"OK:jsaction:h5M12e"} | headers=HTTPHeaderDict({'Content-Length': '30', 'Content-Type': 'application/json; charset=utf-8', 'cache-control': 'no-cache'})
2026-02-24 17:34:30,696 | DEBUG | Finished Request
2026-02-24 17:34:30,698 | DEBUG | GET http://localhost:57930/session/ad14dfacc36e1b3f5100287a53ecc304/url {}
2026-02-24 17:34:30,739 | DEBUG | http://localhost:57930 "GET /session/ad14dfacc36e1b3f5100287a53ecc304/url HTTP/1.1" 200 0
2026-02-24 17:34:30,739 | DEBUG | Remote response: status=200 | data={"value":"https://www.google.com/search?q=Backend+Developer+Santiago,+Chile&udm=8&sei=Ugueaf2UAuXa1sQPmuHKyAY&jbr=sep:0#sv=CAMStwIa_gEKzwESzAEKjAFBTW4zLXlSTG92SFkwSkVzTDFtazZWeGZIbnZ1TktpWDltdTFqUjM1TFRXVmNhR2xMOS1XRjFyX3JQWnVEUXc4OEczb0dObUxkMERESmtIOWhLODg5N2RTLVNyc2FTcjRwOEQtZWZySTVMNDM3czRYcWhBOGpiOV9Ya0FXNkZ6X2pYSTNENDNWd3g3WRIXVWd1ZWFkMndHb1htMXNRUG8tbXc0QVEaIkFKS0xGbUxMUW00bzQtSnRJcVZyek5KU3M3ZXNRRXpoX2cSBDgxNjYaATMqG19VZ3VlYWQyd0dvWG0xc1FQby1tdzRBUV82NzAAOAFAACABKjAKEmpvYnMtZGV0YWlsLXZpZXdlchIYQWpCczlJMFlMdjU4MDVhTkFBQUFBQT09GAAwASDwiIORDDAC"} | headers=HTTPHeaderDict({'Content-Length': '557', 'Content-Type': 'application/json; charset=utf-8', 'cache-control': 'no-cache'})
2026-02-24 17:34:30,740 | DEBUG | Finished Request
2026-02-24 17:34:31,141 | DEBUG | GET http://localhost:57930/session/ad14dfacc36e1b3f5100287a53ecc304/url {}
2026-02-24 17:34:31,148 | DEBUG | http://localhost:57930 "GET /session/ad14dfacc36e1b3f5100287a53ecc304/url HTTP/1.1" 200 0
2026-02-24 17:34:31,149 | DEBUG | Remote response: status=200 | data={"value":"https://www.google.com/search?q=Backend+Developer+Santiago,+Chile&udm=8&sei=Ugueaf2UAuXa1sQPmuHKyAY&jbr=sep:0#sv=CAMStwIa_gEKzwESzAEKjAFBTW4zLXlSTG92SFkwSkVzTDFtazZWeGZIbnZ1TktpWDltdTFqUjM1TFRXVmNhR2xMOS1XRjFyX3JQWnVEUXc4OEczb0dObUxkMERESmtIOWhLODg5N2RTLVNyc2FTcjRwOEQtZWZySTVMNDM3czRYcWhBOGpiOV9Ya0FXNkZ6X2pYSTNENDNWd3g3WRIXVWd1ZWFkMndHb1htMXNRUG8tbXc0QVEaIkFKS0xGbUxMUW00bzQtSnRJcVZyek5KU3M3ZXNRRXpoX2cSBDgxNjYaATMqG19VZ3VlYWQyd0dvWG0xc1FQby1tdzRBUV82NzAAOAFAACABKjAKEmpvYnMtZGV0YWlsLXZpZXdlchIYQWpCczlJMFlMdjU4MDVhTkFBQUFBQT09GAAwASDwiIORDDAC"} | headers=HTTPHeaderDict({'Content-Length': '557', 'Content-Type': 'application/json; charset=utf-8', 'cache-control': 'no-cache'})
2026-02-24 17:34:31,149 | DEBUG | Finished Request
2026-02-24 17:34:31,550 | DEBUG | GET http://localhost:57930/session/ad14dfacc36e1b3f5100287a53ecc304/url {}
2026-02-24 17:34:31,557 | DEBUG | http://localhost:57930 "GET /session/ad14dfacc36e1b3f5100287a53ecc304/url HTTP/1.1" 200 0
2026-02-24 17:34:31,557 | DEBUG | Remote response: status=200 | data={"value":"https://www.google.com/search?q=Backend+Developer+Santiago,+Chile&udm=8&sei=Ugueaf2UAuXa1sQPmuHKyAY&jbr=sep:0#sv=CAMStwIa_gEKzwESzAEKjAFBTW4zLXlSTG92SFkwSkVzTDFtazZWeGZIbnZ1TktpWDltdTFqUjM1TFRXVmNhR2xMOS1XRjFyX3JQWnVEUXc4OEczb0dObUxkMERESmtIOWhLODg5N2RTLVNyc2FTcjRwOEQtZWZySTVMNDM3czRYcWhBOGpiOV9Ya0FXNkZ6X2pYSTNENDNWd3g3WRIXVWd1ZWFkMndHb1htMXNRUG8tbXc0QVEaIkFKS0xGbUxMUW00bzQtSnRJcVZyek5KU3M3ZXNRRXpoX2cSBDgxNjYaATMqG19VZ3VlYWQyd0dvWG0xc1FQby1tdzRBUV82NzAAOAFAACABKjAKEmpvYnMtZGV0YWlsLXZpZXdlchIYQWpCczlJMFlMdjU4MDVhTkFBQUFBQT09GAAwASDwiIORDDAC"} | headers=HTTPHeaderDict({'Content-Length': '557', 'Content-Type': 'application/json; charset=utf-8', 'cache-control': 'no-cache'})
2026-02-24 17:34:31,557 | DEBUG | Finished Request
2026-02-24 17:34:31,959 | DEBUG | GET http://localhost:57930/session/ad14dfacc36e1b3f5100287a53ecc304/url {}
2026-02-24 17:34:31,965 | DEBUG | http://localhost:57930 "GET /session/ad14dfacc36e1b3f5100287a53ecc304/url HTTP/1.1" 200 0
2026-02-24 17:34:31,966 | DEBUG | Remote response: status=200 | data={"value":"https://www.google.com/search?q=Backend+Developer+Santiago,+Chile&udm=8&sei=Ugueaf2UAuXa1sQPmuHKyAY&jbr=sep:0#sv=CAMStwIa_gEKzwESzAEKjAFBTW4zLXlSTG92SFkwSkVzTDFtazZWeGZIbnZ1TktpWDltdTFqUjM1TFRXVmNhR2xMOS1XRjFyX3JQWnVEUXc4OEczb0dObUxkMERESmtIOWhLODg5N2RTLVNyc2FTcjRwOEQtZWZySTVMNDM3czRYcWhBOGpiOV9Ya0FXNkZ6X2pYSTNENDNWd3g3WRIXVWd1ZWFkMndHb1htMXNRUG8tbXc0QVEaIkFKS0xGbUxMUW00bzQtSnRJcVZyek5KU3M3ZXNRRXpoX2cSBDgxNjYaATMqG19VZ3VlYWQyd0dvWG0xc1FQby1tdzRBUV82NzAAOAFAACABKjAKEmpvYnMtZGV0YWlsLXZpZXdlchIYQWpCczlJMFlMdjU4MDVhTkFBQUFBQT09GAAwASDwiIORDDAC"} | headers=HTTPHeaderDict({'Content-Length': '557', 'Content-Type': 'application/json; charset=utf-8', 'cache-control': 'no-cache'})
2026-02-24 17:34:31,966 | DEBUG | Finished Request
2026-02-24 17:34:32,367 | DEBUG | GET http://localhost:57930/session/ad14dfacc36e1b3f5100287a53ecc304/url {}
2026-02-24 17:34:32,374 | DEBUG | http://localhost:57930 "GET /session/ad14dfacc36e1b3f5100287a53ecc304/url HTTP/1.1" 200 0
2026-02-24 17:34:32,374 | DEBUG | Remote response: status=200 | data={"value":"https://www.google.com/search?q=Backend+Developer+Santiago,+Chile&udm=8&sei=Ugueaf2UAuXa1sQPmuHKyAY&jbr=sep:0#sv=CAMStwIa_gEKzwESzAEKjAFBTW4zLXlSTG92SFkwSkVzTDFtazZWeGZIbnZ1TktpWDltdTFqUjM1TFRXVmNhR2xMOS1XRjFyX3JQWnVEUXc4OEczb0dObUxkMERESmtIOWhLODg5N2RTLVNyc2FTcjRwOEQtZWZySTVMNDM3czRYcWhBOGpiOV9Ya0FXNkZ6X2pYSTNENDNWd3g3WRIXVWd1ZWFkMndHb1htMXNRUG8tbXc0QVEaIkFKS0xGbUxMUW00bzQtSnRJcVZyek5KU3M3ZXNRRXpoX2cSBDgxNjYaATMqG19VZ3VlYWQyd0dvWG0xc1FQby1tdzRBUV82NzAAOAFAACABKjAKEmpvYnMtZGV0YWlsLXZpZXdlchIYQWpCczlJMFlMdjU4MDVhTkFBQUFBQT09GAAwASDwiIORDDAC"} | headers=HTTPHeaderDict({'Content-Length': '557', 'Content-Type': 'application/json; charset=utf-8', 'cache-control': 'no-cache'})
2026-02-24 17:34:32,375 | DEBUG | Finished Request
2026-02-24 17:34:32,775 | DEBUG | GET http://localhost:57930/session/ad14dfacc36e1b3f5100287a53ecc304/url {}
2026-02-24 17:34:32,784 | DEBUG | http://localhost:57930 "GET /session/ad14dfacc36e1b3f5100287a53ecc304/url HTTP/1.1" 200 0
2026-02-24 17:34:32,784 | DEBUG | Remote response: status=200 | data={"value":"https://www.google.com/search?q=Backend+Developer+Santiago,+Chile&udm=8&sei=Ugueaf2UAuXa1sQPmuHKyAY&jbr=sep:0#sv=CAMStwIa_gEKzwESzAEKjAFBTW4zLXlSTG92SFkwSkVzTDFtazZWeGZIbnZ1TktpWDltdTFqUjM1TFRXVmNhR2xMOS1XRjFyX3JQWnVEUXc4OEczb0dObUxkMERESmtIOWhLODg5N2RTLVNyc2FTcjRwOEQtZWZySTVMNDM3czRYcWhBOGpiOV9Ya0FXNkZ6X2pYSTNENDNWd3g3WRIXVWd1ZWFkMndHb1htMXNRUG8tbXc0QVEaIkFKS0xGbUxMUW00bzQtSnRJcVZyek5KU3M3ZXNRRXpoX2cSBDgxNjYaATMqG19VZ3VlYWQyd0dvWG0xc1FQby1tdzRBUV82NzAAOAFAACABKjAKEmpvYnMtZGV0YWlsLXZpZXdlchIYQWpCczlJMFlMdjU4MDVhTkFBQUFBQT09GAAwASDwiIORDDAC"} | headers=HTTPHeaderDict({'Content-Length': '557', 'Content-Type': 'application/json; charset=utf-8', 'cache-control': 'no-cache'})
2026-02-24 17:34:32,787 | DEBUG | Finished Request
2026-02-24 17:34:33,189 | DEBUG | GET http://localhost:57930/session/ad14dfacc36e1b3f5100287a53ecc304/url {}
2026-02-24 17:34:33,205 | DEBUG | http://localhost:57930 "GET /session/ad14dfacc36e1b3f5100287a53ecc304/url HTTP/1.1" 200 0
2026-02-24 17:34:33,207 | DEBUG | Remote response: status=200 | data={"value":"https://www.google.com/search?q=Backend+Developer+Santiago,+Chile&udm=8&sei=Ugueaf2UAuXa1sQPmuHKyAY&jbr=sep:0#sv=CAMStwIa_gEKzwESzAEKjAFBTW4zLXlSTG92SFkwSkVzTDFtazZWeGZIbnZ1TktpWDltdTFqUjM1TFRXVmNhR2xMOS1XRjFyX3JQWnVEUXc4OEczb0dObUxkMERESmtIOWhLODg5N2RTLVNyc2FTcjRwOEQtZWZySTVMNDM3czRYcWhBOGpiOV9Ya0FXNkZ6X2pYSTNENDNWd3g3WRIXVWd1ZWFkMndHb1htMXNRUG8tbXc0QVEaIkFKS0xGbUxMUW00bzQtSnRJcVZyek5KU3M3ZXNRRXpoX2cSBDgxNjYaATMqG19VZ3VlYWQyd0dvWG0xc1FQby1tdzRBUV82NzAAOAFAACABKjAKEmpvYnMtZGV0YWlsLXZpZXdlchIYQWpCczlJMFlMdjU4MDVhTkFBQUFBQT09GAAwASDwiIORDDAC"} | headers=HTTPHeaderDict({'Content-Length': '557', 'Content-Type': 'application/json; charset=utf-8', 'cache-control': 'no-cache'})
2026-02-24 17:34:33,208 | DEBUG | Finished Request
2026-02-24 17:34:33,610 | DEBUG | GET http://localhost:57930/session/ad14dfacc36e1b3f5100287a53ecc304/url {}
2026-02-24 17:34:33,642 | DEBUG | http://localhost:57930 "GET /session/ad14dfacc36e1b3f5100287a53ecc304/url HTTP/1.1" 200 0
2026-02-24 17:34:33,647 | DEBUG | Remote response: status=200 | data={"value":"https://www.google.com/search?q=Backend+Developer+Santiago,+Chile&udm=8&sei=Ugueaf2UAuXa1sQPmuHKyAY&jbr=sep:0#sv=CAMStwIa_gEKzwESzAEKjAFBTW4zLXlSTG92SFkwSkVzTDFtazZWeGZIbnZ1TktpWDltdTFqUjM1TFRXVmNhR2xMOS1XRjFyX3JQWnVEUXc4OEczb0dObUxkMERESmtIOWhLODg5N2RTLVNyc2FTcjRwOEQtZWZySTVMNDM3czRYcWhBOGpiOV9Ya0FXNkZ6X2pYSTNENDNWd3g3WRIXVWd1ZWFkMndHb1htMXNRUG8tbXc0QVEaIkFKS0xGbUxMUW00bzQtSnRJcVZyek5KU3M3ZXNRRXpoX2cSBDgxNjYaATMqG19VZ3VlYWQyd0dvWG0xc1FQby1tdzRBUV82NzAAOAFAACABKjAKEmpvYnMtZGV0YWlsLXZpZXdlchIYQWpCczlJMFlMdjU4MDVhTkFBQUFBQT09GAAwASDwiIORDDAC"} | headers=HTTPHeaderDict({'Content-Length': '557', 'Content-Type': 'application/json; charset=utf-8', 'cache-control': 'no-cache'})
2026-02-24 17:34:33,650 | DEBUG | Finished Request
2026-02-24 17:34:34,054 | DEBUG | GET http://localhost:57930/session/ad14dfacc36e1b3f5100287a53ecc304/url {}
2026-02-24 17:34:34,073 | DEBUG | http://localhost:57930 "GET /session/ad14dfacc36e1b3f5100287a53ecc304/url HTTP/1.1" 200 0
2026-02-24 17:34:34,075 | DEBUG | Remote response: status=200 | data={"value":"https://www.google.com/search?q=Backend+Developer+Santiago,+Chile&udm=8&sei=Ugueaf2UAuXa1sQPmuHKyAY&jbr=sep:0#sv=CAMStwIa_gEKzwESzAEKjAFBTW4zLXlSTG92SFkwSkVzTDFtazZWeGZIbnZ1TktpWDltdTFqUjM1TFRXVmNhR2xMOS1XRjFyX3JQWnVEUXc4OEczb0dObUxkMERESmtIOWhLODg5N2RTLVNyc2FTcjRwOEQtZWZySTVMNDM3czRYcWhBOGpiOV9Ya0FXNkZ6X2pYSTNENDNWd3g3WRIXVWd1ZWFkMndHb1htMXNRUG8tbXc0QVEaIkFKS0xGbUxMUW00bzQtSnRJcVZyek5KU3M3ZXNRRXpoX2cSBDgxNjYaATMqG19VZ3VlYWQyd0dvWG0xc1FQby1tdzRBUV82NzAAOAFAACABKjAKEmpvYnMtZGV0YWlsLXZpZXdlchIYQWpCczlJMFlMdjU4MDVhTkFBQUFBQT09GAAwASDwiIORDDAC"} | headers=HTTPHeaderDict({'Content-Length': '557', 'Content-Type': 'application/json; charset=utf-8', 'cache-control': 'no-cache'})
2026-02-24 17:34:34,079 | DEBUG | Finished Request
2026-02-24 17:34:34,492 | DEBUG | GET http://localhost:57930/session/ad14dfacc36e1b3f5100287a53ecc304/url {}
2026-02-24 17:34:34,602 | DEBUG | http://localhost:57930 "GET /session/ad14dfacc36e1b3f5100287a53ecc304/url HTTP/1.1" 200 0
2026-02-24 17:34:34,603 | DEBUG | Remote response: status=200 | data={"value":"https://www.google.com/search?q=Backend+Developer+Santiago,+Chile&udm=8&sei=Ugueaf2UAuXa1sQPmuHKyAY&jbr=sep:0#sv=CAMStwIa_gEKzwESzAEKjAFBTW4zLXlSTG92SFkwSkVzTDFtazZWeGZIbnZ1TktpWDltdTFqUjM1TFRXVmNhR2xMOS1XRjFyX3JQWnVEUXc4OEczb0dObUxkMERESmtIOWhLODg5N2RTLVNyc2FTcjRwOEQtZWZySTVMNDM3czRYcWhBOGpiOV9Ya0FXNkZ6X2pYSTNENDNWd3g3WRIXVWd1ZWFkMndHb1htMXNRUG8tbXc0QVEaIkFKS0xGbUxMUW00bzQtSnRJcVZyek5KU3M3ZXNRRXpoX2cSBDgxNjYaATMqG19VZ3VlYWQyd0dvWG0xc1FQby1tdzRBUV82NzAAOAFAACABKjAKEmpvYnMtZGV0YWlsLXZpZXdlchIYQWpCczlJMFlMdjU4MDVhTkFBQUFBQT09GAAwASDwiIORDDAC"} | headers=HTTPHeaderDict({'Content-Length': '557', 'Content-Type': 'application/json; charset=utf-8', 'cache-control': 'no-cache'})
2026-02-24 17:34:34,609 | DEBUG | Finished Request
2026-02-24 17:34:35,014 | DEBUG | GET http://localhost:57930/session/ad14dfacc36e1b3f5100287a53ecc304/url {}
2026-02-24 17:34:35,172 | DEBUG | http://localhost:57930 "GET /session/ad14dfacc36e1b3f5100287a53ecc304/url HTTP/1.1" 200 0
2026-02-24 17:34:35,172 | DEBUG | Remote response: status=200 | data={"value":"https://www.google.com/search?q=Backend+Developer+Santiago,+Chile&udm=8&sei=Ugueaf2UAuXa1sQPmuHKyAY&jbr=sep:0#sv=CAMStwIa_gEKzwESzAEKjAFBTW4zLXlSTG92SFkwSkVzTDFtazZWeGZIbnZ1TktpWDltdTFqUjM1TFRXVmNhR2xMOS1XRjFyX3JQWnVEUXc4OEczb0dObUxkMERESmtIOWhLODg5N2RTLVNyc2FTcjRwOEQtZWZySTVMNDM3czRYcWhBOGpiOV9Ya0FXNkZ6X2pYSTNENDNWd3g3WRIXVWd1ZWFkMndHb1htMXNRUG8tbXc0QVEaIkFKS0xGbUxMUW00bzQtSnRJcVZyek5KU3M3ZXNRRXpoX2cSBDgxNjYaATMqG19VZ3VlYWQyd0dvWG0xc1FQby1tdzRBUV82NzAAOAFAACABKjAKEmpvYnMtZGV0YWlsLXZpZXdlchIYQWpCczlJMFlMdjU4MDVhTkFBQUFBQT09GAAwASDwiIORDDAC"} | headers=HTTPHeaderDict({'Content-Length': '557', 'Content-Type': 'application/json; charset=utf-8', 'cache-control': 'no-cache'})
2026-02-24 17:34:35,173 | DEBUG | Finished Request
2026-02-24 17:34:35,574 | DEBUG | GET http://localhost:57930/session/ad14dfacc36e1b3f5100287a53ecc304/url {}
2026-02-24 17:34:35,584 | DEBUG | http://localhost:57930 "GET /session/ad14dfacc36e1b3f5100287a53ecc304/url HTTP/1.1" 200 0
2026-02-24 17:34:35,584 | DEBUG | Remote response: status=200 | data={"value":"https://www.google.com/search?q=Backend+Developer+Santiago,+Chile&udm=8&sei=Ugueaf2UAuXa1sQPmuHKyAY&jbr=sep:0#sv=CAMStwIa_gEKzwESzAEKjAFBTW4zLXlSTG92SFkwSkVzTDFtazZWeGZIbnZ1TktpWDltdTFqUjM1TFRXVmNhR2xMOS1XRjFyX3JQWnVEUXc4OEczb0dObUxkMERESmtIOWhLODg5N2RTLVNyc2FTcjRwOEQtZWZySTVMNDM3czRYcWhBOGpiOV9Ya0FXNkZ6X2pYSTNENDNWd3g3WRIXVWd1ZWFkMndHb1htMXNRUG8tbXc0QVEaIkFKS0xGbUxMUW00bzQtSnRJcVZyek5KU3M3ZXNRRXpoX2cSBDgxNjYaATMqG19VZ3VlYWQyd0dvWG0xc1FQby1tdzRBUV82NzAAOAFAACABKjAKEmpvYnMtZGV0YWlsLXZpZXdlchIYQWpCczlJMFlMdjU4MDVhTkFBQUFBQT09GAAwASDwiIORDDAC"} | headers=HTTPHeaderDict({'Content-Length': '557', 'Content-Type': 'application/json; charset=utf-8', 'cache-control': 'no-cache'})
2026-02-24 17:34:35,584 | DEBUG | Finished Request
2026-02-24 17:34:35,986 | DEBUG | GET http://localhost:57930/session/ad14dfacc36e1b3f5100287a53ecc304/url {}
2026-02-24 17:34:36,001 | DEBUG | http://localhost:57930 "GET /session/ad14dfacc36e1b3f5100287a53ecc304/url HTTP/1.1" 200 0
2026-02-24 17:34:36,001 | DEBUG | Remote response: status=200 | data={"value":"https://www.google.com/search?q=Backend+Developer+Santiago,+Chile&udm=8&sei=Ugueaf2UAuXa1sQPmuHKyAY&jbr=sep:0#sv=CAMStwIa_gEKzwESzAEKjAFBTW4zLXlSTG92SFkwSkVzTDFtazZWeGZIbnZ1TktpWDltdTFqUjM1TFRXVmNhR2xMOS1XRjFyX3JQWnVEUXc4OEczb0dObUxkMERESmtIOWhLODg5N2RTLVNyc2FTcjRwOEQtZWZySTVMNDM3czRYcWhBOGpiOV9Ya0FXNkZ6X2pYSTNENDNWd3g3WRIXVWd1ZWFkMndHb1htMXNRUG8tbXc0QVEaIkFKS0xGbUxMUW00bzQtSnRJcVZyek5KU3M3ZXNRRXpoX2cSBDgxNjYaATMqG19VZ3VlYWQyd0dvWG0xc1FQby1tdzRBUV82NzAAOAFAACABKjAKEmpvYnMtZGV0YWlsLXZpZXdlchIYQWpCczlJMFlMdjU4MDVhTkFBQUFBQT09GAAwASDwiIORDDAC"} | headers=HTTPHeaderDict({'Content-Length': '557', 'Content-Type': 'application/json; charset=utf-8', 'cache-control': 'no-cache'})
2026-02-24 17:34:36,002 | DEBUG | Finished Request
2026-02-24 17:34:36,402 | DEBUG | GET http://localhost:57930/session/ad14dfacc36e1b3f5100287a53ecc304/url {}
2026-02-24 17:34:36,411 | DEBUG | http://localhost:57930 "GET /session/ad14dfacc36e1b3f5100287a53ecc304/url HTTP/1.1" 200 0
2026-02-24 17:34:36,411 | DEBUG | Remote response: status=200 | data={"value":"https://www.google.com/search?q=Backend+Developer+Santiago,+Chile&udm=8&sei=Ugueaf2UAuXa1sQPmuHKyAY&jbr=sep:0#sv=CAMStwIa_gEKzwESzAEKjAFBTW4zLXlSTG92SFkwSkVzTDFtazZWeGZIbnZ1TktpWDltdTFqUjM1TFRXVmNhR2xMOS1XRjFyX3JQWnVEUXc4OEczb0dObUxkMERESmtIOWhLODg5N2RTLVNyc2FTcjRwOEQtZWZySTVMNDM3czRYcWhBOGpiOV9Ya0FXNkZ6X2pYSTNENDNWd3g3WRIXVWd1ZWFkMndHb1htMXNRUG8tbXc0QVEaIkFKS0xGbUxMUW00bzQtSnRJcVZyek5KU3M3ZXNRRXpoX2cSBDgxNjYaATMqG19VZ3VlYWQyd0dvWG0xc1FQby1tdzRBUV82NzAAOAFAACABKjAKEmpvYnMtZGV0YWlsLXZpZXdlchIYQWpCczlJMFlMdjU4MDVhTkFBQUFBQT09GAAwASDwiIORDDAC"} | headers=HTTPHeaderDict({'Content-Length': '557', 'Content-Type': 'application/json; charset=utf-8', 'cache-control': 'no-cache'})
2026-02-24 17:34:36,412 | DEBUG | Finished Request
2026-02-24 17:34:36,813 | DEBUG | GET http://localhost:57930/session/ad14dfacc36e1b3f5100287a53ecc304/url {}
2026-02-24 17:34:36,819 | DEBUG | http://localhost:57930 "GET /session/ad14dfacc36e1b3f5100287a53ecc304/url HTTP/1.1" 200 0
2026-02-24 17:34:36,820 | DEBUG | Remote response: status=200 | data={"value":"https://www.google.com/search?q=Backend+Developer+Santiago,+Chile&udm=8&sei=Ugueaf2UAuXa1sQPmuHKyAY&jbr=sep:0#sv=CAMStwIa_gEKzwESzAEKjAFBTW4zLXlSTG92SFkwSkVzTDFtazZWeGZIbnZ1TktpWDltdTFqUjM1TFRXVmNhR2xMOS1XRjFyX3JQWnVEUXc4OEczb0dObUxkMERESmtIOWhLODg5N2RTLVNyc2FTcjRwOEQtZWZySTVMNDM3czRYcWhBOGpiOV9Ya0FXNkZ6X2pYSTNENDNWd3g3WRIXVWd1ZWFkMndHb1htMXNRUG8tbXc0QVEaIkFKS0xGbUxMUW00bzQtSnRJcVZyek5KU3M3ZXNRRXpoX2cSBDgxNjYaATMqG19VZ3VlYWQyd0dvWG0xc1FQby1tdzRBUV82NzAAOAFAACABKjAKEmpvYnMtZGV0YWlsLXZpZXdlchIYQWpCczlJMFlMdjU4MDVhTkFBQUFBQT09GAAwASDwiIORDDAC"} | headers=HTTPHeaderDict({'Content-Length': '557', 'Content-Type': 'application/json; charset=utf-8', 'cache-control': 'no-cache'})
2026-02-24 17:34:36,820 | DEBUG | Finished Request
2026-02-24 17:34:37,221 | DEBUG | GET http://localhost:57930/session/ad14dfacc36e1b3f5100287a53ecc304/url {}
2026-02-24 17:34:37,228 | DEBUG | http://localhost:57930 "GET /session/ad14dfacc36e1b3f5100287a53ecc304/url HTTP/1.1" 200 0
2026-02-24 17:34:37,229 | DEBUG | Remote response: status=200 | data={"value":"https://www.google.com/search?q=Backend+Developer+Santiago,+Chile&udm=8&sei=Ugueaf2UAuXa1sQPmuHKyAY&jbr=sep:0#sv=CAMStwIa_gEKzwESzAEKjAFBTW4zLXlSTG92SFkwSkVzTDFtazZWeGZIbnZ1TktpWDltdTFqUjM1TFRXVmNhR2xMOS1XRjFyX3JQWnVEUXc4OEczb0dObUxkMERESmtIOWhLODg5N2RTLVNyc2FTcjRwOEQtZWZySTVMNDM3czRYcWhBOGpiOV9Ya0FXNkZ6X2pYSTNENDNWd3g3WRIXVWd1ZWFkMndHb1htMXNRUG8tbXc0QVEaIkFKS0xGbUxMUW00bzQtSnRJcVZyek5KU3M3ZXNRRXpoX2cSBDgxNjYaATMqG19VZ3VlYWQyd0dvWG0xc1FQby1tdzRBUV82NzAAOAFAACABKjAKEmpvYnMtZGV0YWlsLXZpZXdlchIYQWpCczlJMFlMdjU4MDVhTkFBQUFBQT09GAAwASDwiIORDDAC"} | headers=HTTPHeaderDict({'Content-Length': '557', 'Content-Type': 'application/json; charset=utf-8', 'cache-control': 'no-cache'})
2026-02-24 17:34:37,229 | DEBUG | Finished Request
2026-02-24 17:34:37,630 | DEBUG | GET http://localhost:57930/session/ad14dfacc36e1b3f5100287a53ecc304/url {}
2026-02-24 17:34:37,639 | DEBUG | http://localhost:57930 "GET /session/ad14dfacc36e1b3f5100287a53ecc304/url HTTP/1.1" 200 0
2026-02-24 17:34:37,639 | DEBUG | Remote response: status=200 | data={"value":"https://www.google.com/search?q=Backend+Developer+Santiago,+Chile&udm=8&sei=Ugueaf2UAuXa1sQPmuHKyAY&jbr=sep:0#sv=CAMStwIa_gEKzwESzAEKjAFBTW4zLXlSTG92SFkwSkVzTDFtazZWeGZIbnZ1TktpWDltdTFqUjM1TFRXVmNhR2xMOS1XRjFyX3JQWnVEUXc4OEczb0dObUxkMERESmtIOWhLODg5N2RTLVNyc2FTcjRwOEQtZWZySTVMNDM3czRYcWhBOGpiOV9Ya0FXNkZ6X2pYSTNENDNWd3g3WRIXVWd1ZWFkMndHb1htMXNRUG8tbXc0QVEaIkFKS0xGbUxMUW00bzQtSnRJcVZyek5KU3M3ZXNRRXpoX2cSBDgxNjYaATMqG19VZ3VlYWQyd0dvWG0xc1FQby1tdzRBUV82NzAAOAFAACABKjAKEmpvYnMtZGV0YWlsLXZpZXdlchIYQWpCczlJMFlMdjU4MDVhTkFBQUFBQT09GAAwASDwiIORDDAC"} | headers=HTTPHeaderDict({'Content-Length': '557', 'Content-Type': 'application/json; charset=utf-8', 'cache-control': 'no-cache'})
2026-02-24 17:34:37,641 | DEBUG | Finished Request
2026-02-24 17:34:38,043 | DEBUG | GET http://localhost:57930/session/ad14dfacc36e1b3f5100287a53ecc304/url {}
2026-02-24 17:34:38,052 | DEBUG | http://localhost:57930 "GET /session/ad14dfacc36e1b3f5100287a53ecc304/url HTTP/1.1" 200 0
2026-02-24 17:34:38,052 | DEBUG | Remote response: status=200 | data={"value":"https://www.google.com/search?q=Backend+Developer+Santiago,+Chile&udm=8&sei=Ugueaf2UAuXa1sQPmuHKyAY&jbr=sep:0#sv=CAMStwIa_gEKzwESzAEKjAFBTW4zLXlSTG92SFkwSkVzTDFtazZWeGZIbnZ1TktpWDltdTFqUjM1TFRXVmNhR2xMOS1XRjFyX3JQWnVEUXc4OEczb0dObUxkMERESmtIOWhLODg5N2RTLVNyc2FTcjRwOEQtZWZySTVMNDM3czRYcWhBOGpiOV9Ya0FXNkZ6X2pYSTNENDNWd3g3WRIXVWd1ZWFkMndHb1htMXNRUG8tbXc0QVEaIkFKS0xGbUxMUW00bzQtSnRJcVZyek5KU3M3ZXNRRXpoX2cSBDgxNjYaATMqG19VZ3VlYWQyd0dvWG0xc1FQby1tdzRBUV82NzAAOAFAACABKjAKEmpvYnMtZGV0YWlsLXZpZXdlchIYQWpCczlJMFlMdjU4MDVhTkFBQUFBQT09GAAwASDwiIORDDAC"} | headers=HTTPHeaderDict({'Content-Length': '557', 'Content-Type': 'application/json; charset=utf-8', 'cache-control': 'no-cache'})
2026-02-24 17:34:38,053 | DEBUG | Finished Request
2026-02-24 17:34:38,454 | DEBUG | GET http://localhost:57930/session/ad14dfacc36e1b3f5100287a53ecc304/url {}
2026-02-24 17:34:38,460 | DEBUG | http://localhost:57930 "GET /session/ad14dfacc36e1b3f5100287a53ecc304/url HTTP/1.1" 200 0
2026-02-24 17:34:38,461 | DEBUG | Remote response: status=200 | data={"value":"https://www.google.com/search?q=Backend+Developer+Santiago,+Chile&udm=8&sei=Ugueaf2UAuXa1sQPmuHKyAY&jbr=sep:0#sv=CAMStwIa_gEKzwESzAEKjAFBTW4zLXlSTG92SFkwSkVzTDFtazZWeGZIbnZ1TktpWDltdTFqUjM1TFRXVmNhR2xMOS1XRjFyX3JQWnVEUXc4OEczb0dObUxkMERESmtIOWhLODg5N2RTLVNyc2FTcjRwOEQtZWZySTVMNDM3czRYcWhBOGpiOV9Ya0FXNkZ6X2pYSTNENDNWd3g3WRIXVWd1ZWFkMndHb1htMXNRUG8tbXc0QVEaIkFKS0xGbUxMUW00bzQtSnRJcVZyek5KU3M3ZXNRRXpoX2cSBDgxNjYaATMqG19VZ3VlYWQyd0dvWG0xc1FQby1tdzRBUV82NzAAOAFAACABKjAKEmpvYnMtZGV0YWlsLXZpZXdlchIYQWpCczlJMFlMdjU4MDVhTkFBQUFBQT09GAAwASDwiIORDDAC"} | headers=HTTPHeaderDict({'Content-Length': '557', 'Content-Type': 'application/json; charset=utf-8', 'cache-control': 'no-cache'})
2026-02-24 17:34:38,461 | DEBUG | Finished Request
2026-02-24 17:34:38,862 | DEBUG | GET http://localhost:57930/session/ad14dfacc36e1b3f5100287a53ecc304/url {}
2026-02-24 17:34:38,868 | DEBUG | http://localhost:57930 "GET /session/ad14dfacc36e1b3f5100287a53ecc304/url HTTP/1.1" 200 0
2026-02-24 17:34:38,868 | DEBUG | Remote response: status=200 | data={"value":"https://www.google.com/search?q=Backend+Developer+Santiago,+Chile&udm=8&sei=Ugueaf2UAuXa1sQPmuHKyAY&jbr=sep:0#sv=CAMStwIa_gEKzwESzAEKjAFBTW4zLXlSTG92SFkwSkVzTDFtazZWeGZIbnZ1TktpWDltdTFqUjM1TFRXVmNhR2xMOS1XRjFyX3JQWnVEUXc4OEczb0dObUxkMERESmtIOWhLODg5N2RTLVNyc2FTcjRwOEQtZWZySTVMNDM3czRYcWhBOGpiOV9Ya0FXNkZ6X2pYSTNENDNWd3g3WRIXVWd1ZWFkMndHb1htMXNRUG8tbXc0QVEaIkFKS0xGbUxMUW00bzQtSnRJcVZyek5KU3M3ZXNRRXpoX2cSBDgxNjYaATMqG19VZ3VlYWQyd0dvWG0xc1FQby1tdzRBUV82NzAAOAFAACABKjAKEmpvYnMtZGV0YWlsLXZpZXdlchIYQWpCczlJMFlMdjU4MDVhTkFBQUFBQT09GAAwASDwiIORDDAC"} | headers=HTTPHeaderDict({'Content-Length': '557', 'Content-Type': 'application/json; charset=utf-8', 'cache-control': 'no-cache'})
2026-02-24 17:34:38,868 | DEBUG | Finished Request
2026-02-24 17:34:38,868 | DEBUG | GET http://localhost:57930/session/ad14dfacc36e1b3f5100287a53ecc304/url {}
2026-02-24 17:34:38,874 | DEBUG | http://localhost:57930 "GET /session/ad14dfacc36e1b3f5100287a53ecc304/url HTTP/1.1" 200 0
2026-02-24 17:34:38,874 | DEBUG | Remote response: status=200 | data={"value":"https://www.google.com/search?q=Backend+Developer+Santiago,+Chile&udm=8&sei=Ugueaf2UAuXa1sQPmuHKyAY&jbr=sep:0#sv=CAMStwIa_gEKzwESzAEKjAFBTW4zLXlSTG92SFkwSkVzTDFtazZWeGZIbnZ1TktpWDltdTFqUjM1TFRXVmNhR2xMOS1XRjFyX3JQWnVEUXc4OEczb0dObUxkMERESmtIOWhLODg5N2RTLVNyc2FTcjRwOEQtZWZySTVMNDM3czRYcWhBOGpiOV9Ya0FXNkZ6X2pYSTNENDNWd3g3WRIXVWd1ZWFkMndHb1htMXNRUG8tbXc0QVEaIkFKS0xGbUxMUW00bzQtSnRJcVZyek5KU3M3ZXNRRXpoX2cSBDgxNjYaATMqG19VZ3VlYWQyd0dvWG0xc1FQby1tdzRBUV82NzAAOAFAACABKjAKEmpvYnMtZGV0YWlsLXZpZXdlchIYQWpCczlJMFlMdjU4MDVhTkFBQUFBQT09GAAwASDwiIORDDAC"} | headers=HTTPHeaderDict({'Content-Length': '557', 'Content-Type': 'application/json; charset=utf-8', 'cache-control': 'no-cache'})
2026-02-24 17:34:38,875 | DEBUG | Finished Request
2026-02-24 17:34:40,078 | DEBUG | POST http://localhost:57930/session/ad14dfacc36e1b3f5100287a53ecc304/frame {'id': None}
2026-02-24 17:34:40,081 | DEBUG | http://localhost:57930 "POST /session/ad14dfacc36e1b3f5100287a53ecc304/frame HTTP/1.1" 200 0
2026-02-24 17:34:40,081 | DEBUG | Remote response: status=200 | data={"value":null} | headers=HTTPHeaderDict({'Content-Length': '14', 'Content-Type': 'application/json; charset=utf-8', 'cache-control': 'no-cache'})
2026-02-24 17:34:40,081 | DEBUG | Finished Request
2026-02-24 17:34:40,082 | DEBUG | POST http://localhost:57930/session/ad14dfacc36e1b3f5100287a53ecc304/execute/sync {'script': '\n        // Estrategia A: role=button dentro del wrapper jsname=G7vtgf\n        const wrapper = docum...', 'args': []}
2026-02-24 17:34:40,091 | DEBUG | http://localhost:57930 "POST /session/ad14dfacc36e1b3f5100287a53ecc304/execute/sync HTTP/1.1" 200 0
2026-02-24 17:34:40,091 | DEBUG | Remote response: status=200 | data={"value":"FOUND_TEXT"} | headers=HTTPHeaderDict({'Content-Length': '22', 'Content-Type': 'application/json; charset=utf-8', 'cache-control': 'no-cache'})
2026-02-24 17:34:40,091 | DEBUG | Finished Request
2026-02-24 17:34:40,092 | DEBUG | POST http://localhost:57930/session/ad14dfacc36e1b3f5100287a53ecc304/execute/sync {'script': '\n        let targets = [];\n\n        // Nivel 1: role=button dentro de jsname=G7vtgf\n        const wr...', 'args': []}
2026-02-24 17:34:40,119 | DEBUG | http://localhost:57930 "POST /session/ad14dfacc36e1b3f5100287a53ecc304/execute/sync HTTP/1.1" 200 0
2026-02-24 17:34:40,119 | DEBUG | Remote response: status=200 | data={"value":"OK:jsname-wrapper|OK:text-match"} | headers=HTTPHeaderDict({'Content-Length': '43', 'Content-Type': 'application/json; charset=utf-8', 'cache-control': 'no-cache'})
2026-02-24 17:34:40,120 | DEBUG | Finished Request
2026-02-24 17:34:40,121 | DEBUG | POST http://localhost:57930/session/ad14dfacc36e1b3f5100287a53ecc304/elements {'using': 'css selector', 'value': '[jsname="G7vtgf"] [role="button"]'}
2026-02-24 17:34:40,139 | DEBUG | http://localhost:57930 "POST /session/ad14dfacc36e1b3f5100287a53ecc304/elements HTTP/1.1" 200 0
2026-02-24 17:34:40,139 | DEBUG | Remote response: status=200 | data={"value":[]} | headers=HTTPHeaderDict({'Content-Length': '12', 'Content-Type': 'application/json; charset=utf-8', 'cache-control': 'no-cache'})
2026-02-24 17:34:40,140 | DEBUG | Finished Request
2026-02-24 17:34:40,140 | DEBUG | POST http://localhost:57930/session/ad14dfacc36e1b3f5100287a53ecc304/elements {'using': 'css selector', 'value': '[jsaction*="EMtXr"] [role="button"]'}
2026-02-24 17:34:40,153 | DEBUG | http://localhost:57930 "POST /session/ad14dfacc36e1b3f5100287a53ecc304/elements HTTP/1.1" 200 0
2026-02-24 17:34:40,153 | DEBUG | Remote response: status=200 | data={"value":[]} | headers=HTTPHeaderDict({'Content-Length': '12', 'Content-Type': 'application/json; charset=utf-8', 'cache-control': 'no-cache'})
2026-02-24 17:34:40,153 | DEBUG | Finished Request
2026-02-24 17:34:40,154 | DEBUG | POST http://localhost:57930/session/ad14dfacc36e1b3f5100287a53ecc304/elements {'using': 'css selector', 'value': '[jsaction*="EMtXr"]'}
2026-02-24 17:34:40,168 | DEBUG | http://localhost:57930 "POST /session/ad14dfacc36e1b3f5100287a53ecc304/elements HTTP/1.1" 200 0
2026-02-24 17:34:40,168 | DEBUG | Remote response: status=200 | data={"value":[{"element-6066-11e4-a52e-4f735466cecf":"f.EE25548E46DF20E9802161A5D7F83019.d.B3BB6412FAF234DB1A8E3DAB44890200.e.54"},{"element-6066-11e4-a52e-4f735466cecf":"f.EE25548E46DF20E9802161A5D7F83019.d.B3BB6412FAF234DB1A8E3DAB44890200.e.55"}]} | headers=HTTPHeaderDict({'Content-Length': '245', 'Content-Type': 'application/json; charset=utf-8', 'cache-control': 'no-cache'})
2026-02-24 17:34:40,169 | DEBUG | Finished Request
2026-02-24 17:34:40,169 | DEBUG | GET http://localhost:57930/session/ad14dfacc36e1b3f5100287a53ecc304/element/f.EE25548E46DF20E9802161A5D7F83019.d.B3BB6412FAF234DB1A8E3DAB44890200.e.54/text {}
2026-02-24 17:34:40,188 | DEBUG | http://localhost:57930 "GET /session/ad14dfacc36e1b3f5100287a53ecc304/element/f.EE25548E46DF20E9802161A5D7F83019.d.B3BB6412FAF234DB1A8E3DAB44890200.e.54/text HTTP/1.1" 200 0
2026-02-24 17:34:40,188 | DEBUG | Remote response: status=200 | data={"value":""} | headers=HTTPHeaderDict({'Content-Length': '12', 'Content-Type': 'application/json; charset=utf-8', 'cache-control': 'no-cache'})
2026-02-24 17:34:40,189 | DEBUG | Finished Request
2026-02-24 17:34:40,191 | DEBUG | POST http://localhost:57930/session/ad14dfacc36e1b3f5100287a53ecc304/execute/sync {'script': '/* getAttribute */return (function(){return (function(){/*\n\n Copyright The Closure Library Authors.\n...', 'args': [{'element-6066-11e4-a52e-4f735466cecf': 'f.EE25548E46DF20E9802161A5D7F83019.d.B3BB6412FAF234DB1A8E3DAB44890200.e.54'}, 'jsname']}
2026-02-24 17:34:40,201 | DEBUG | http://localhost:57930 "POST /session/ad14dfacc36e1b3f5100287a53ecc304/execute/sync HTTP/1.1" 200 0
2026-02-24 17:34:40,201 | DEBUG | Remote response: status=200 | data={"value":"G7vtgf"} | headers=HTTPHeaderDict({'Content-Length': '18', 'Content-Type': 'application/json; charset=utf-8', 'cache-control': 'no-cache'})
2026-02-24 17:34:40,201 | DEBUG | Finished Request
2026-02-24 17:34:40,202 | DEBUG | POST http://localhost:57930/session/ad14dfacc36e1b3f5100287a53ecc304/execute/sync {'script': 'arguments[0].click();', 'args': [{'element-6066-11e4-a52e-4f735466cecf': 'f.EE25548E46DF20E9802161A5D7F83019.d.B3BB6412FAF234DB1A8E3DAB44890200.e.54'}]}
2026-02-24 17:34:40,216 | DEBUG | http://localhost:57930 "POST /session/ad14dfacc36e1b3f5100287a53ecc304/execute/sync HTTP/1.1" 200 0
2026-02-24 17:34:40,216 | DEBUG | Remote response: status=200 | data={"value":null} | headers=HTTPHeaderDict({'Content-Length': '14', 'Content-Type': 'application/json; charset=utf-8', 'cache-control': 'no-cache'})
2026-02-24 17:34:40,216 | DEBUG | Finished Request
2026-02-24 17:34:42,717 | DEBUG | POST http://localhost:57930/session/ad14dfacc36e1b3f5100287a53ecc304/frame {'id': None}
2026-02-24 17:34:42,720 | DEBUG | http://localhost:57930 "POST /session/ad14dfacc36e1b3f5100287a53ecc304/frame HTTP/1.1" 200 0
2026-02-24 17:34:42,721 | DEBUG | Remote response: status=200 | data={"value":null} | headers=HTTPHeaderDict({'Content-Length': '14', 'Content-Type': 'application/json; charset=utf-8', 'cache-control': 'no-cache'})
2026-02-24 17:34:42,721 | DEBUG | Finished Request
2026-02-24 17:34:45,223 | DEBUG | POST http://localhost:57930/session/ad14dfacc36e1b3f5100287a53ecc304/frame {'id': None}
2026-02-24 17:34:45,226 | DEBUG | http://localhost:57930 "POST /session/ad14dfacc36e1b3f5100287a53ecc304/frame HTTP/1.1" 200 0
2026-02-24 17:34:45,226 | DEBUG | Remote response: status=200 | data={"value":null} | headers=HTTPHeaderDict({'Content-Length': '14', 'Content-Type': 'application/json; charset=utf-8', 'cache-control': 'no-cache'})
2026-02-24 17:34:45,226 | DEBUG | Finished Request
2026-02-24 17:34:45,227 | DEBUG | POST http://localhost:57930/session/ad14dfacc36e1b3f5100287a53ecc304/execute/sync {'script': "\n        const KEYWORDS_DESC = ['responsabilidades','requisitos','experiencia','conocimientos',\n    ...", 'args': []}
2026-02-24 17:34:45,241 | DEBUG | http://localhost:57930 "POST /session/ad14dfacc36e1b3f5100287a53ecc304/execute/sync HTTP/1.1" 200 0
2026-02-24 17:34:45,241 | DEBUG | Remote response: status=200 | data={"value":"{\"ok\":true,\"fuente\":\"div-sweep\",\"score\":3315,\"texto\":\"GGRAN AMERICAS SANTIAGO CHILE S.A.Desarrollador Backend / Web (Spring Boot)GRAN AMERICAS SANTIAGO CHILE S.A. · Pudahuel · a través de Computrabajohace 21 horasCLP 1.4 M por mesTiempo completoNo se menciona un título académicoPostularse en Computrabajo(function(){\\n(this||self).Bqpk9e=function(f,d,n,e,k,p){var g=document.getElementById(f);if(g&&(g.offsetWidth!==0||g.offsetHeight!==0)){var l=g.querySelector(\\\"div\\\"),h=l.querySelector(\\\"div\\\"),a=0;f=Math.max(l.scrollWidth-l.offsetWidth,0);if(d>0&&(h=h.children,a=h[d].offsetLeft-h[0].offsetLeft,e)){for(var m=a=0;m\u003Cd;++m)a+=h[m].offsetWidth;a=Math.min(f,a)}a+=n;d=Math.min(e?f-a:a,f);l.scrollLeft=e&&p?a:e&&k?-a:d;var b=g.getElementsByTagName(\\\"g-left-button\\\")[0],c=g.getElementsByTagName(\\\"g-right-button\\\")[0];b&&c&&(e=\\nRegExp(\\\"\\\\\\\\btHT0l\\\\\\\\b\\\"),k=RegExp(\\\"\\\\\\\\bpQXcHc\\\\\\\\b\\\"),b.className=b.className.replace(e,\\\"\\\"),c.className=c.className.replace(e,\\\"\\\"),b.className=d===0?\\\"pQXcHc \\\"+b.className:b.className.replace(k,\\\"\\\"),c.className=d===f?\\\"pQXcHc \\\"+c.className:c.className.replace(k,\\\"\\\"),setTimeout(function(){b.className+=\\\" tHT0l\\\";c.className+=\\\" tHT0l\\\"},50))}};}).call(this);(function(){var id='_Uguead2wGoXm1sQPo-mw4AQ_157';var index=0;var offset=0;var is_rtl=false;var is_gecko=false;var is_edge=false;var init='Bqpk9e';window[init](id,index,offset,is_rtl,is_gecko,is_edge);})();Descripción del trabajoBuscamos un/a Desarrollador/a Backend / Web con al menos 3 años de experiencia en desarrollo y mantenimiento de aplicaciones web, con foco en Spring Boot.La persona seleccionada será responsable de diseñar, desarrollar y mantener soluciones web robustas, seguras y escalables, participando activamente en todo el ciclo de vida del desarrollo de software: levantamiento de requerimientos, desarrollo,... pruebas, despliegue y soporte.Además, trabajará con entornos Linux y bases de datos relacionales, colaborando con equipos técnicos y funcionales para asegurar la calidad y continuidad de las aplicaciones.Funciones principalesDiseñar, desarrollar y mantener aplicaciones web backend utilizando Java + Spring Boot.Implementar y consumir APIs REST.Participar en el análisis técnico y diseño de soluciones.Gestionar y optimizar consultas en bases de datos relacionales.Realizar mantenimiento correctivo y evolutivo de aplicaciones existentes.Ejecutar pruebas unitarias e integración para asegurar la calidad del software.Apoyar procesos de despliegue y monitoreo en ambientes Linux.Documentar desarrollos, incidencias y mejoras implementadas.-Requerimientos- Educación mínima: Universitaria / I.P. / C.F.T.años de experienciaPalabras clave: developer, programador, internet, webMostrar descripción completaElige sobre qué enviarás comentariosDenunciar esta publicación de empleo\"}"} | headers=HTTPHeaderDict({'Content-Length': '2943', 'Content-Type': 'application/json; charset=utf-8', 'cache-control': 'no-cache'})
2026-02-24 17:34:45,243 | DEBUG | Finished Request
2026-02-24 17:34:45,243 | DEBUG | POST http://localhost:57930/session/ad14dfacc36e1b3f5100287a53ecc304/frame {'id': None}
2026-02-24 17:34:45,247 | DEBUG | http://localhost:57930 "POST /session/ad14dfacc36e1b3f5100287a53ecc304/frame HTTP/1.1" 200 0
2026-02-24 17:34:45,247 | DEBUG | Remote response: status=200 | data={"value":null} | headers=HTTPHeaderDict({'Content-Length': '14', 'Content-Type': 'application/json; charset=utf-8', 'cache-control': 'no-cache'})
2026-02-24 17:34:45,248 | DEBUG | Finished Request
2026-02-24 17:34:45,248 | DEBUG | GET http://localhost:57930/session/ad14dfacc36e1b3f5100287a53ecc304/url {}
2026-02-24 17:34:45,254 | DEBUG | http://localhost:57930 "GET /session/ad14dfacc36e1b3f5100287a53ecc304/url HTTP/1.1" 200 0
2026-02-24 17:34:45,254 | DEBUG | Remote response: status=200 | data={"value":"https://www.google.com/search?q=Backend+Developer+Santiago,+Chile&udm=8&sei=Ugueaf2UAuXa1sQPmuHKyAY&jbr=sep:0#sv=CAMStwIa_gEKzwESzAEKjAFBTW4zLXlSTG92SFkwSkVzTDFtazZWeGZIbnZ1TktpWDltdTFqUjM1TFRXVmNhR2xMOS1XRjFyX3JQWnVEUXc4OEczb0dObUxkMERESmtIOWhLODg5N2RTLVNyc2FTcjRwOEQtZWZySTVMNDM3czRYcWhBOGpiOV9Ya0FXNkZ6X2pYSTNENDNWd3g3WRIXVWd1ZWFkMndHb1htMXNRUG8tbXc0QVEaIkFKS0xGbUxMUW00bzQtSnRJcVZyek5KU3M3ZXNRRXpoX2cSBDgxNjYaATMqG19VZ3VlYWQyd0dvWG0xc1FQby1tdzRBUV82NzAAOAFAACABKjAKEmpvYnMtZGV0YWlsLXZpZXdlchIYQWpCczlJMFlMdjU4MDVhTkFBQUFBQT09GAAwASDwiIORDDAC"} | headers=HTTPHeaderDict({'Content-Length': '557', 'Content-Type': 'application/json; charset=utf-8', 'cache-control': 'no-cache'})
2026-02-24 17:34:45,255 | DEBUG | Finished Request
2026-02-24 17:34:45,255 | DEBUG | POST http://localhost:57930/session/ad14dfacc36e1b3f5100287a53ecc304/frame {'id': None}
2026-02-24 17:34:45,258 | DEBUG | http://localhost:57930 "POST /session/ad14dfacc36e1b3f5100287a53ecc304/frame HTTP/1.1" 200 0
2026-02-24 17:34:45,258 | DEBUG | Remote response: status=200 | data={"value":null} | headers=HTTPHeaderDict({'Content-Length': '14', 'Content-Type': 'application/json; charset=utf-8', 'cache-control': 'no-cache'})
2026-02-24 17:34:45,259 | DEBUG | Finished Request
2026-02-24 17:34:45,259 | DEBUG | GET http://localhost:57930/session/ad14dfacc36e1b3f5100287a53ecc304/url {}
2026-02-24 17:34:45,267 | DEBUG | http://localhost:57930 "GET /session/ad14dfacc36e1b3f5100287a53ecc304/url HTTP/1.1" 200 0
2026-02-24 17:34:45,267 | DEBUG | Remote response: status=200 | data={"value":"https://www.google.com/search?q=Backend+Developer+Santiago,+Chile&udm=8&sei=Ugueaf2UAuXa1sQPmuHKyAY&jbr=sep:0#sv=CAMStwIa_gEKzwESzAEKjAFBTW4zLXlSTG92SFkwSkVzTDFtazZWeGZIbnZ1TktpWDltdTFqUjM1TFRXVmNhR2xMOS1XRjFyX3JQWnVEUXc4OEczb0dObUxkMERESmtIOWhLODg5N2RTLVNyc2FTcjRwOEQtZWZySTVMNDM3czRYcWhBOGpiOV9Ya0FXNkZ6X2pYSTNENDNWd3g3WRIXVWd1ZWFkMndHb1htMXNRUG8tbXc0QVEaIkFKS0xGbUxMUW00bzQtSnRJcVZyek5KU3M3ZXNRRXpoX2cSBDgxNjYaATMqG19VZ3VlYWQyd0dvWG0xc1FQby1tdzRBUV82NzAAOAFAACABKjAKEmpvYnMtZGV0YWlsLXZpZXdlchIYQWpCczlJMFlMdjU4MDVhTkFBQUFBQT09GAAwASDwiIORDDAC"} | headers=HTTPHeaderDict({'Content-Length': '557', 'Content-Type': 'application/json; charset=utf-8', 'cache-control': 'no-cache'})
2026-02-24 17:34:45,267 | DEBUG | Finished Request
2026-02-24 17:34:46,070 | DEBUG | POST http://localhost:57930/session/ad14dfacc36e1b3f5100287a53ecc304/frame {'id': None}
2026-02-24 17:34:46,073 | DEBUG | http://localhost:57930 "POST /session/ad14dfacc36e1b3f5100287a53ecc304/frame HTTP/1.1" 200 0
2026-02-24 17:34:46,073 | DEBUG | Remote response: status=200 | data={"value":null} | headers=HTTPHeaderDict({'Content-Length': '14', 'Content-Type': 'application/json; charset=utf-8', 'cache-control': 'no-cache'})
2026-02-24 17:34:46,074 | DEBUG | Finished Request
2026-02-24 17:34:46,074 | DEBUG | POST http://localhost:57930/session/ad14dfacc36e1b3f5100287a53ecc304/elements {'using': 'css selector', 'value': 'div.EimVGf'}
2026-02-24 17:34:46,099 | DEBUG | http://localhost:57930 "POST /session/ad14dfacc36e1b3f5100287a53ecc304/elements HTTP/1.1" 200 0
2026-02-24 17:34:46,099 | DEBUG | Remote response: status=200 | data={"value":[{"element-6066-11e4-a52e-4f735466cecf":"f.EE25548E46DF20E9802161A5D7F83019.d.B3BB6412FAF234DB1A8E3DAB44890200.e.25"},{"element-6066-11e4-a52e-4f735466cecf":"f.EE25548E46DF20E9802161A5D7F83019.d.B3BB6412FAF234DB1A8E3DAB44890200.e.26"},{"element-6066-11e4-a52e-4f735466cecf":"f.EE25548E46DF20E9802161A5D7F83019.d.B3BB6412FAF234DB1A8E3DAB44890200.e.27"},{"element-6066-11e4-a52e-4f735466cecf":"f.EE25548E46DF20E9802161A5D7F83019.d.B3BB6412FAF234DB1A8E3DAB44890200.e.28"},{"element-6066-11e4-a52e-4f735466cecf":"f.EE25548E46DF20E9802161A5D7F83019.d.B3BB6412FAF234DB1A8E3DAB44890200.e.29"},{"element-6066-11e4-a52e-4f735466cecf":"f.EE25548E46DF20E9802161A5D7F83019.d.B3BB6412FAF234DB1A8E3DAB44890200.e.30"},{"element-6066-11e4-a52e-4f735466cecf":"f.EE25548E46DF20E9802161A5D7F83019.d.B3BB6412FAF234DB1A8E3DAB44890200.e.31"},{"element-6066-11e4-a52e-4f735466cecf":"f.EE25548E46DF20E9802161A5D7F83019.d.B3BB6412FAF234DB1A8E3DAB44890200.e.32"},{"element-6066-11e4-a52e-4f735466cecf":"f.EE25548E46DF20E9802161A5D7F83019.d.B3BB6412FAF234DB1A8E3DAB44890200.e.33"},{"element-6066-11e4-a52e-4f735466cecf":"f.EE25548E46DF20E9802161A5D7F83019.d.B3BB6412FAF234DB1A8E3DAB44890200.e.34"}]} | headers=HTTPHeaderDict({'Content-Length': '1181', 'Content-Type': 'application/json; charset=utf-8', 'cache-control': 'no-cache'})
2026-02-24 17:34:46,099 | DEBUG | Finished Request
2026-02-24 17:34:46,100 | DEBUG | POST http://localhost:57930/session/ad14dfacc36e1b3f5100287a53ecc304/execute/sync {'script': 'return arguments[0].innerText;', 'args': [{'element-6066-11e4-a52e-4f735466cecf': 'f.EE25548E46DF20E9802161A5D7F83019.d.B3BB6412FAF234DB1A8E3DAB44890200.e.26'}]}
2026-02-24 17:34:46,107 | DEBUG | http://localhost:57930 "POST /session/ad14dfacc36e1b3f5100287a53ecc304/execute/sync HTTP/1.1" 200 0
2026-02-24 17:34:46,107 | DEBUG | Remote response: status=200 | data={"value":"G\nDesarrollador Backend / Web (Spring Boot)\nGRAN AMERICAS SANTIAGO CHILE S.A.\nPudahuel • a través de Computrabajo\nhace 21 horas\nCLP 1.4 M por mes\nTiempo completo"} | headers=HTTPHeaderDict({'Content-Length': '184', 'Content-Type': 'application/json; charset=utf-8', 'cache-control': 'no-cache'})
2026-02-24 17:34:46,108 | DEBUG | Finished Request
2026-02-24 17:34:46,108 | DEBUG | POST http://localhost:57930/session/ad14dfacc36e1b3f5100287a53ecc304/execute/sync {'script': "arguments[0].scrollIntoView({block:'center'});", 'args': [{'element-6066-11e4-a52e-4f735466cecf': 'f.EE25548E46DF20E9802161A5D7F83019.d.B3BB6412FAF234DB1A8E3DAB44890200.e.26'}]}
2026-02-24 17:34:46,120 | DEBUG | http://localhost:57930 "POST /session/ad14dfacc36e1b3f5100287a53ecc304/execute/sync HTTP/1.1" 200 0
2026-02-24 17:34:46,121 | DEBUG | Remote response: status=200 | data={"value":null} | headers=HTTPHeaderDict({'Content-Length': '14', 'Content-Type': 'application/json; charset=utf-8', 'cache-control': 'no-cache'})
2026-02-24 17:34:46,121 | DEBUG | Finished Request
2026-02-24 17:34:46,423 | DEBUG | POST http://localhost:57930/session/ad14dfacc36e1b3f5100287a53ecc304/execute/sync {'script': '\n        const bloque = arguments[0];\n        // Buscar hijo con jsaction (el elemento que recibe el...', 'args': [{'element-6066-11e4-a52e-4f735466cecf': 'f.EE25548E46DF20E9802161A5D7F83019.d.B3BB6412FAF234DB1A8E3DAB44890200.e.26'}]}
2026-02-24 17:34:46,437 | DEBUG | http://localhost:57930 "POST /session/ad14dfacc36e1b3f5100287a53ecc304/execute/sync HTTP/1.1" 200 0
2026-02-24 17:34:46,438 | DEBUG | Remote response: status=200 | data={"value":"OK:jsaction:h5M12e"} | headers=HTTPHeaderDict({'Content-Length': '30', 'Content-Type': 'application/json; charset=utf-8', 'cache-control': 'no-cache'})
2026-02-24 17:34:46,438 | DEBUG | Finished Request
2026-02-24 17:34:46,440 | DEBUG | GET http://localhost:57930/session/ad14dfacc36e1b3f5100287a53ecc304/url {}
2026-02-24 17:34:46,447 | DEBUG | http://localhost:57930 "GET /session/ad14dfacc36e1b3f5100287a53ecc304/url HTTP/1.1" 200 0
2026-02-24 17:34:46,447 | DEBUG | Remote response: status=200 | data={"value":"https://www.google.com/search?q=Backend+Developer+Santiago,+Chile&udm=8&sei=Ugueaf2UAuXa1sQPmuHKyAY&jbr=sep:0#sv=CAMStwIa_gEKzwESzAEKjAFBTW4zLXlSTG92SFkwSkVzTDFtazZWeGZIbnZ1TktpWDltdTFqUjM1TFRXVmNhR2xMOS1XRjFyX3JQWnVEUXc4OEczb0dObUxkMERESmtIOWhLODg5N2RTLVNyc2FTcjRwOEQtZWZySTVMNDM3czRYcWhBOGpiOV9Ya0FXNkZ6X2pYSTNENDNWd3g3WRIXVWd1ZWFkMndHb1htMXNRUG8tbXc0QVEaIkFKS0xGbUxMUW00bzQtSnRJcVZyek5KU3M3ZXNRRXpoX2cSBDgxNjYaATMqG19VZ3VlYWQyd0dvWG0xc1FQby1tdzRBUV82NzAAOAFAACABKjAKEmpvYnMtZGV0YWlsLXZpZXdlchIYQWpCczlJMFlMdjU4MDVhTkFBQUFBQT09GAAwASDwiIORDDAC"} | headers=HTTPHeaderDict({'Content-Length': '557', 'Content-Type': 'application/json; charset=utf-8', 'cache-control': 'no-cache'})
2026-02-24 17:34:46,448 | DEBUG | Finished Request
2026-02-24 17:34:46,849 | DEBUG | GET http://localhost:57930/session/ad14dfacc36e1b3f5100287a53ecc304/url {}
2026-02-24 17:34:46,855 | DEBUG | http://localhost:57930 "GET /session/ad14dfacc36e1b3f5100287a53ecc304/url HTTP/1.1" 200 0
2026-02-24 17:34:46,855 | DEBUG | Remote response: status=200 | data={"value":"https://www.google.com/search?q=Backend+Developer+Santiago,+Chile&udm=8&sei=Ugueaf2UAuXa1sQPmuHKyAY&jbr=sep:0#sv=CAMStwIa_gEKzwESzAEKjAFBTW4zLXlRYlFYM2UwRExCejRBa0F3LUFkcEtXQzdYNF9lNFZhYldSQjlqYjZxcFF5NWttY1htZnZaWGNzUjRzNmd4V05YZUgtOFNwSlJYalBLTlhncmNXUlFrbkQyNFZKWHhTX3hwVTdzWUFKd1VkTUZoWTE1ZkFpbkJyUVAxOGpMeTlpeDBobWtKThIXVWd1ZWFkMndHb1htMXNRUG8tbXc0QVEaIkFKS0xGbUpXazRaTVZjY29vd3RQanpHOU5oMTM4djdReHcSBDgxNjYaATMqG19VZ3VlYWQyd0dvWG0xc1FQby1tdzRBUV82NjAAOAFAACABKjAKEmpvYnMtZGV0YWlsLXZpZXdlchIYN0FZMHo4WENPcnJzMGtuREFBQUFBQT09GAAwASCKqNjrAjAC"} | headers=HTTPHeaderDict({'Content-Length': '557', 'Content-Type': 'application/json; charset=utf-8', 'cache-control': 'no-cache'})
2026-02-24 17:34:46,856 | DEBUG | Finished Request
2026-02-24 17:34:48,057 | DEBUG | POST http://localhost:57930/session/ad14dfacc36e1b3f5100287a53ecc304/frame {'id': None}
2026-02-24 17:34:48,061 | DEBUG | http://localhost:57930 "POST /session/ad14dfacc36e1b3f5100287a53ecc304/frame HTTP/1.1" 200 0
2026-02-24 17:34:48,061 | DEBUG | Remote response: status=200 | data={"value":null} | headers=HTTPHeaderDict({'Content-Length': '14', 'Content-Type': 'application/json; charset=utf-8', 'cache-control': 'no-cache'})
2026-02-24 17:34:48,061 | DEBUG | Finished Request
2026-02-24 17:34:48,062 | DEBUG | POST http://localhost:57930/session/ad14dfacc36e1b3f5100287a53ecc304/execute/sync {'script': '\n        // Estrategia A: role=button dentro del wrapper jsname=G7vtgf\n        const wrapper = docum...', 'args': []}
2026-02-24 17:34:48,070 | DEBUG | http://localhost:57930 "POST /session/ad14dfacc36e1b3f5100287a53ecc304/execute/sync HTTP/1.1" 200 0
2026-02-24 17:34:48,070 | DEBUG | Remote response: status=200 | data={"value":"FOUND_TEXT"} | headers=HTTPHeaderDict({'Content-Length': '22', 'Content-Type': 'application/json; charset=utf-8', 'cache-control': 'no-cache'})
2026-02-24 17:34:48,070 | DEBUG | Finished Request
2026-02-24 17:34:48,071 | DEBUG | POST http://localhost:57930/session/ad14dfacc36e1b3f5100287a53ecc304/execute/sync {'script': '\n        let targets = [];\n\n        // Nivel 1: role=button dentro de jsname=G7vtgf\n        const wr...', 'args': []}
2026-02-24 17:34:48,104 | DEBUG | http://localhost:57930 "POST /session/ad14dfacc36e1b3f5100287a53ecc304/execute/sync HTTP/1.1" 200 0
2026-02-24 17:34:48,105 | DEBUG | Remote response: status=200 | data={"value":"OK:jsname-wrapper|OK:text-match|OK:text-match"} | headers=HTTPHeaderDict({'Content-Length': '57', 'Content-Type': 'application/json; charset=utf-8', 'cache-control': 'no-cache'})
2026-02-24 17:34:48,105 | DEBUG | Finished Request
2026-02-24 17:34:48,106 | DEBUG | POST http://localhost:57930/session/ad14dfacc36e1b3f5100287a53ecc304/elements {'using': 'css selector', 'value': '[jsname="G7vtgf"] [role="button"]'}
2026-02-24 17:34:48,124 | DEBUG | http://localhost:57930 "POST /session/ad14dfacc36e1b3f5100287a53ecc304/elements HTTP/1.1" 200 0
2026-02-24 17:34:48,124 | DEBUG | Remote response: status=200 | data={"value":[]} | headers=HTTPHeaderDict({'Content-Length': '12', 'Content-Type': 'application/json; charset=utf-8', 'cache-control': 'no-cache'})
2026-02-24 17:34:48,124 | DEBUG | Finished Request
2026-02-24 17:34:48,125 | DEBUG | POST http://localhost:57930/session/ad14dfacc36e1b3f5100287a53ecc304/elements {'using': 'css selector', 'value': '[jsaction*="EMtXr"] [role="button"]'}
2026-02-24 17:34:48,136 | DEBUG | http://localhost:57930 "POST /session/ad14dfacc36e1b3f5100287a53ecc304/elements HTTP/1.1" 200 0
2026-02-24 17:34:48,136 | DEBUG | Remote response: status=200 | data={"value":[]} | headers=HTTPHeaderDict({'Content-Length': '12', 'Content-Type': 'application/json; charset=utf-8', 'cache-control': 'no-cache'})
2026-02-24 17:34:48,137 | DEBUG | Finished Request
2026-02-24 17:34:48,137 | DEBUG | POST http://localhost:57930/session/ad14dfacc36e1b3f5100287a53ecc304/elements {'using': 'css selector', 'value': '[jsaction*="EMtXr"]'}
2026-02-24 17:34:48,148 | DEBUG | http://localhost:57930 "POST /session/ad14dfacc36e1b3f5100287a53ecc304/elements HTTP/1.1" 200 0
2026-02-24 17:34:48,149 | DEBUG | Remote response: status=200 | data={"value":[{"element-6066-11e4-a52e-4f735466cecf":"f.EE25548E46DF20E9802161A5D7F83019.d.B3BB6412FAF234DB1A8E3DAB44890200.e.68"},{"element-6066-11e4-a52e-4f735466cecf":"f.EE25548E46DF20E9802161A5D7F83019.d.B3BB6412FAF234DB1A8E3DAB44890200.e.69"},{"element-6066-11e4-a52e-4f735466cecf":"f.EE25548E46DF20E9802161A5D7F83019.d.B3BB6412FAF234DB1A8E3DAB44890200.e.70"}]} | headers=HTTPHeaderDict({'Content-Length': '362', 'Content-Type': 'application/json; charset=utf-8', 'cache-control': 'no-cache'})
2026-02-24 17:34:48,149 | DEBUG | Finished Request
2026-02-24 17:34:48,149 | DEBUG | GET http://localhost:57930/session/ad14dfacc36e1b3f5100287a53ecc304/element/f.EE25548E46DF20E9802161A5D7F83019.d.B3BB6412FAF234DB1A8E3DAB44890200.e.68/text {}
2026-02-24 17:34:48,188 | DEBUG | http://localhost:57930 "GET /session/ad14dfacc36e1b3f5100287a53ecc304/element/f.EE25548E46DF20E9802161A5D7F83019.d.B3BB6412FAF234DB1A8E3DAB44890200.e.68/text HTTP/1.1" 200 0
2026-02-24 17:34:48,188 | DEBUG | Remote response: status=200 | data={"value":""} | headers=HTTPHeaderDict({'Content-Length': '12', 'Content-Type': 'application/json; charset=utf-8', 'cache-control': 'no-cache'})
2026-02-24 17:34:48,189 | DEBUG | Finished Request
2026-02-24 17:34:48,189 | DEBUG | POST http://localhost:57930/session/ad14dfacc36e1b3f5100287a53ecc304/execute/sync {'script': '/* getAttribute */return (function(){return (function(){/*\n\n Copyright The Closure Library Authors.\n...', 'args': [{'element-6066-11e4-a52e-4f735466cecf': 'f.EE25548E46DF20E9802161A5D7F83019.d.B3BB6412FAF234DB1A8E3DAB44890200.e.68'}, 'jsname']}
2026-02-24 17:34:48,200 | DEBUG | http://localhost:57930 "POST /session/ad14dfacc36e1b3f5100287a53ecc304/execute/sync HTTP/1.1" 200 0
2026-02-24 17:34:48,200 | DEBUG | Remote response: status=200 | data={"value":"G7vtgf"} | headers=HTTPHeaderDict({'Content-Length': '18', 'Content-Type': 'application/json; charset=utf-8', 'cache-control': 'no-cache'})
2026-02-24 17:34:48,201 | DEBUG | Finished Request
2026-02-24 17:34:48,201 | DEBUG | POST http://localhost:57930/session/ad14dfacc36e1b3f5100287a53ecc304/execute/sync {'script': 'arguments[0].click();', 'args': [{'element-6066-11e4-a52e-4f735466cecf': 'f.EE25548E46DF20E9802161A5D7F83019.d.B3BB6412FAF234DB1A8E3DAB44890200.e.68'}]}
2026-02-24 17:34:48,211 | DEBUG | http://localhost:57930 "POST /session/ad14dfacc36e1b3f5100287a53ecc304/execute/sync HTTP/1.1" 200 0
2026-02-24 17:34:48,212 | DEBUG | Remote response: status=200 | data={"value":null} | headers=HTTPHeaderDict({'Content-Length': '14', 'Content-Type': 'application/json; charset=utf-8', 'cache-control': 'no-cache'})
2026-02-24 17:34:48,212 | DEBUG | Finished Request
2026-02-24 17:34:50,713 | DEBUG | POST http://localhost:57930/session/ad14dfacc36e1b3f5100287a53ecc304/frame {'id': None}
2026-02-24 17:34:50,716 | DEBUG | http://localhost:57930 "POST /session/ad14dfacc36e1b3f5100287a53ecc304/frame HTTP/1.1" 200 0
2026-02-24 17:34:50,716 | DEBUG | Remote response: status=200 | data={"value":null} | headers=HTTPHeaderDict({'Content-Length': '14', 'Content-Type': 'application/json; charset=utf-8', 'cache-control': 'no-cache'})
2026-02-24 17:34:50,717 | DEBUG | Finished Request
2026-02-24 17:34:53,218 | DEBUG | POST http://localhost:57930/session/ad14dfacc36e1b3f5100287a53ecc304/frame {'id': None}
2026-02-24 17:34:53,221 | DEBUG | http://localhost:57930 "POST /session/ad14dfacc36e1b3f5100287a53ecc304/frame HTTP/1.1" 200 0
2026-02-24 17:34:53,221 | DEBUG | Remote response: status=200 | data={"value":null} | headers=HTTPHeaderDict({'Content-Length': '14', 'Content-Type': 'application/json; charset=utf-8', 'cache-control': 'no-cache'})
2026-02-24 17:34:53,221 | DEBUG | Finished Request
2026-02-24 17:34:53,222 | DEBUG | POST http://localhost:57930/session/ad14dfacc36e1b3f5100287a53ecc304/execute/sync {'script': "\n        const KEYWORDS_DESC = ['responsabilidades','requisitos','experiencia','conocimientos',\n    ...", 'args': []}
2026-02-24 17:34:53,239 | DEBUG | http://localhost:57930 "POST /session/ad14dfacc36e1b3f5100287a53ecc304/execute/sync HTTP/1.1" 200 0
2026-02-24 17:34:53,239 | DEBUG | Remote response: status=200 | data={"value":"{\"ok\":true,\"fuente\":\"div-sweep\",\"score\":5672,\"texto\":\"Accenture\\nNode.js Developer backend expert\\nAccenture · Santiago · a través de Accenture\\nhace 6 días\\nTiempo completo\\nPostularse en Accenture\\nPostularse en Indeed Chile\\nPostularse en Jobrapido.com\\nPostularse en Trabajo.org\\nPostularse en Recruit.net\\nPostularse en Kit Empleo\\nDescripción del trabajo\\nTRABAJA CON UN PROPÓSITO\\n\\nSúmate a nuestra área de Accenture Technology y sé parte del cambio 🚀\\n\\nTe invitamos a abrir las puertas del mundo digital, donde podrás desarrollar tu talento para crecer, aprender y certificarte en las tecnologías más avanzadas, participar en proyectos desafiantes y generar impacto real en nuestros clientes y la comunidad.\\n\\nDescubre el compromiso y la energía que dedicamos a transformar la forma de trabajar, con una mirada puesta en la innovación continua y el futuro digital.\\n\\nActualmente nos encontramos en la búsqueda de un/a Especialista Backend Node.js, con ganas de enfrentar nuevos desafíos y seguir creciendo profesionalmente.\\nDenunciar esta publicación de empleo\\nG\\nGRAN AMERICAS SANTIAGO CHILE S.A.\\nDesarrollador Backend / Web (Spring Boot)\\nGRAN AMERICAS SANTIAGO CHILE S.A. · Pudahuel · a través de Computrabajo\\nhace 21 horas\\nCLP 1.4 M por mes\\nTiempo completo\\nNo se menciona un título académico\\nPostularse en Computrabajo\\nDescripción del trabajo\\nBuscamos un/a Desarrollador/a Backend / Web con al menos 3 años de experiencia en desarrollo y mantenimiento de aplicaciones web, con foco en Spring Boot.\\nLa persona seleccionada será responsable de diseñar, desarrollar y mantener soluciones web robustas, seguras y escalables, participando activamente en todo el ciclo de vida del desarrollo de software: levantamiento de requerimientos, desarrollo, pruebas, despliegue y soporte.\\nAdemás, trabajará con entornos Linux y bases de datos relacionales, colaborando con equipos técnicos y funcionales para asegurar la calidad y continuidad de las aplicaciones.\\nFunciones principales\\nDiseñar, desarrollar y mantener aplicaciones web backend utilizando Java + Spring Boot.\\nImplementar y consumir APIs REST.\\nParticipar en el análisis técnico y diseño de soluciones.\\nGestionar y optimizar consultas en bases de datos relacionales.\\nRealizar mantenimiento correctivo y evolutivo de aplicaciones existentes.\\nEjecutar pruebas unitarias e integración para asegurar la calidad del software.\\nApoyar procesos de despliegue y monitoreo en ambientes Linux.\\nDocumentar desarrollos, incidencias y mejoras implementadas.-Requerimientos- Educación mínima: Universitaria / I.P. / C.F.T.\\naños de experiencia\\nPalabras clave: developer, programador, internet, web\\nDenunciar esta publicación de empleo\\nMás empleos en GRAN AMERICAS SANTIAGO CHILE S.A.\\nVer los resultados de la Web para GRAN AMERICAS SANTIAGO CHILE S.A.\\nMichael Page\\nBackend Developer Java / Experiencia en sector seguros\\nMichael Page · Santiago · a través de Michael Page\\nhace 15 días\\nNo se menciona un título académico\\nPostularse en Michael Page\\nPostularse en Jooble\\nPostularse en Jobrapido.com\\nPostularse en WhatJobs\\nDescripción del trabajo\\n• IT\\n• IT\\n\\nSobre nuestro cliente\\n\\nNuestro cliente es Bice Vida\\n\\nDescripción\\n\\nReportando a líder técnico, sus principales responsabilidades serán:\\n• Diseñar, desarrollar y mantener servidores y aplicaciones web\\n• Crear y consumir APIs / microservicios\\n• Solucionar errores y realizar pruebas de calidad\\n• Gestionar entornos de alojamiento\\n• Colaborar con el equipo Front-End para una experiencia de usuario fluida\\n\\nPerfil buscado (Hombre / Mujer)\\n\\nNos encontramos en búsqueda de Backend Developer para ser incorporado a proyecto 1 año y medio con posibilidades de extensión junto a cliente socio líder en sector de seguros.\\n\\nCon conocimientos en:\\n• Poseer al menos 3 o 4 años de experiencia en rol\\n• Ideal experiencia trabajando para sector Seguros\\n• Experiencia desarrollo Java comprobable\\n• Manejo de framework avanzado Spring y Spring Boot comprobable\\n• Experiencia en creacion y consumos de APis / Microservicios\\n• Experiencia en SQL y adm de bases de datos\\n• Git, Jira, SonarQube\\n• Ideal conocimiento en AWS\\n• Deseable: Quarkus, Javascript, Python\\n\\nQué ofrecemos\\n• Trabajo remoto 100%\\n• Proyecto 1 año y medio con posibilidades de extensión\\n• Seguro complementario de salud\\n• Programa de asesoría 100% gratuito 24/7\\nDenunciar esta publicación de empleo\"}"} | headers=HTTPHeaderDict({'Content-Length': '4660', 'Content-Type': 'application/json; charset=utf-8', 'cache-control': 'no-cache'})
2026-02-24 17:34:53,240 | DEBUG | Finished Request
2026-02-24 17:34:53,240 | DEBUG | POST http://localhost:57930/session/ad14dfacc36e1b3f5100287a53ecc304/frame {'id': None}
2026-02-24 17:34:53,246 | DEBUG | http://localhost:57930 "POST /session/ad14dfacc36e1b3f5100287a53ecc304/frame HTTP/1.1" 200 0
2026-02-24 17:34:53,247 | DEBUG | Remote response: status=200 | data={"value":null} | headers=HTTPHeaderDict({'Content-Length': '14', 'Content-Type': 'application/json; charset=utf-8', 'cache-control': 'no-cache'})
2026-02-24 17:34:53,247 | DEBUG | Finished Request
2026-02-24 17:34:53,248 | DEBUG | GET http://localhost:57930/session/ad14dfacc36e1b3f5100287a53ecc304/url {}
2026-02-24 17:34:53,253 | DEBUG | http://localhost:57930 "GET /session/ad14dfacc36e1b3f5100287a53ecc304/url HTTP/1.1" 200 0
2026-02-24 17:34:53,253 | DEBUG | Remote response: status=200 | data={"value":"https://www.google.com/search?q=Backend+Developer+Santiago,+Chile&udm=8&sei=Ugueaf2UAuXa1sQPmuHKyAY&jbr=sep:0#sv=CAMStwIa_gEKzwESzAEKjAFBTW4zLXlRYlFYM2UwRExCejRBa0F3LUFkcEtXQzdYNF9lNFZhYldSQjlqYjZxcFF5NWttY1htZnZaWGNzUjRzNmd4V05YZUgtOFNwSlJYalBLTlhncmNXUlFrbkQyNFZKWHhTX3hwVTdzWUFKd1VkTUZoWTE1ZkFpbkJyUVAxOGpMeTlpeDBobWtKThIXVWd1ZWFkMndHb1htMXNRUG8tbXc0QVEaIkFKS0xGbUpXazRaTVZjY29vd3RQanpHOU5oMTM4djdReHcSBDgxNjYaATMqG19VZ3VlYWQyd0dvWG0xc1FQby1tdzRBUV82NjAAOAFAACABKjAKEmpvYnMtZGV0YWlsLXZpZXdlchIYN0FZMHo4WENPcnJzMGtuREFBQUFBQT09GAAwASCKqNjrAjAC"} | headers=HTTPHeaderDict({'Content-Length': '557', 'Content-Type': 'application/json; charset=utf-8', 'cache-control': 'no-cache'})
2026-02-24 17:34:53,253 | DEBUG | Finished Request
2026-02-24 17:34:53,254 | DEBUG | POST http://localhost:57930/session/ad14dfacc36e1b3f5100287a53ecc304/frame {'id': None}
2026-02-24 17:34:53,256 | DEBUG | http://localhost:57930 "POST /session/ad14dfacc36e1b3f5100287a53ecc304/frame HTTP/1.1" 200 0
2026-02-24 17:34:53,257 | DEBUG | Remote response: status=200 | data={"value":null} | headers=HTTPHeaderDict({'Content-Length': '14', 'Content-Type': 'application/json; charset=utf-8', 'cache-control': 'no-cache'})
2026-02-24 17:34:53,257 | DEBUG | Finished Request
2026-02-24 17:34:53,257 | DEBUG | GET http://localhost:57930/session/ad14dfacc36e1b3f5100287a53ecc304/url {}
2026-02-24 17:34:53,263 | DEBUG | http://localhost:57930 "GET /session/ad14dfacc36e1b3f5100287a53ecc304/url HTTP/1.1" 200 0
2026-02-24 17:34:53,264 | DEBUG | Remote response: status=200 | data={"value":"https://www.google.com/search?q=Backend+Developer+Santiago,+Chile&udm=8&sei=Ugueaf2UAuXa1sQPmuHKyAY&jbr=sep:0#sv=CAMStwIa_gEKzwESzAEKjAFBTW4zLXlRYlFYM2UwRExCejRBa0F3LUFkcEtXQzdYNF9lNFZhYldSQjlqYjZxcFF5NWttY1htZnZaWGNzUjRzNmd4V05YZUgtOFNwSlJYalBLTlhncmNXUlFrbkQyNFZKWHhTX3hwVTdzWUFKd1VkTUZoWTE1ZkFpbkJyUVAxOGpMeTlpeDBobWtKThIXVWd1ZWFkMndHb1htMXNRUG8tbXc0QVEaIkFKS0xGbUpXazRaTVZjY29vd3RQanpHOU5oMTM4djdReHcSBDgxNjYaATMqG19VZ3VlYWQyd0dvWG0xc1FQby1tdzRBUV82NjAAOAFAACABKjAKEmpvYnMtZGV0YWlsLXZpZXdlchIYN0FZMHo4WENPcnJzMGtuREFBQUFBQT09GAAwASCKqNjrAjAC"} | headers=HTTPHeaderDict({'Content-Length': '557', 'Content-Type': 'application/json; charset=utf-8', 'cache-control': 'no-cache'})
2026-02-24 17:34:53,264 | DEBUG | Finished Request
2026-02-24 17:34:54,067 | DEBUG | POST http://localhost:57930/session/ad14dfacc36e1b3f5100287a53ecc304/frame {'id': None}
2026-02-24 17:34:54,070 | DEBUG | http://localhost:57930 "POST /session/ad14dfacc36e1b3f5100287a53ecc304/frame HTTP/1.1" 200 0
2026-02-24 17:34:54,070 | DEBUG | Remote response: status=200 | data={"value":null} | headers=HTTPHeaderDict({'Content-Length': '14', 'Content-Type': 'application/json; charset=utf-8', 'cache-control': 'no-cache'})
2026-02-24 17:34:54,071 | DEBUG | Finished Request
2026-02-24 17:34:54,071 | DEBUG | POST http://localhost:57930/session/ad14dfacc36e1b3f5100287a53ecc304/elements {'using': 'css selector', 'value': 'div.EimVGf'}
2026-02-24 17:34:54,098 | DEBUG | http://localhost:57930 "POST /session/ad14dfacc36e1b3f5100287a53ecc304/elements HTTP/1.1" 200 0
2026-02-24 17:34:54,098 | DEBUG | Remote response: status=200 | data={"value":[{"element-6066-11e4-a52e-4f735466cecf":"f.EE25548E46DF20E9802161A5D7F83019.d.B3BB6412FAF234DB1A8E3DAB44890200.e.25"},{"element-6066-11e4-a52e-4f735466cecf":"f.EE25548E46DF20E9802161A5D7F83019.d.B3BB6412FAF234DB1A8E3DAB44890200.e.26"},{"element-6066-11e4-a52e-4f735466cecf":"f.EE25548E46DF20E9802161A5D7F83019.d.B3BB6412FAF234DB1A8E3DAB44890200.e.27"},{"element-6066-11e4-a52e-4f735466cecf":"f.EE25548E46DF20E9802161A5D7F83019.d.B3BB6412FAF234DB1A8E3DAB44890200.e.28"},{"element-6066-11e4-a52e-4f735466cecf":"f.EE25548E46DF20E9802161A5D7F83019.d.B3BB6412FAF234DB1A8E3DAB44890200.e.29"},{"element-6066-11e4-a52e-4f735466cecf":"f.EE25548E46DF20E9802161A5D7F83019.d.B3BB6412FAF234DB1A8E3DAB44890200.e.30"},{"element-6066-11e4-a52e-4f735466cecf":"f.EE25548E46DF20E9802161A5D7F83019.d.B3BB6412FAF234DB1A8E3DAB44890200.e.31"},{"element-6066-11e4-a52e-4f735466cecf":"f.EE25548E46DF20E9802161A5D7F83019.d.B3BB6412FAF234DB1A8E3DAB44890200.e.32"},{"element-6066-11e4-a52e-4f735466cecf":"f.EE25548E46DF20E9802161A5D7F83019.d.B3BB6412FAF234DB1A8E3DAB44890200.e.33"},{"element-6066-11e4-a52e-4f735466cecf":"f.EE25548E46DF20E9802161A5D7F83019.d.B3BB6412FAF234DB1A8E3DAB44890200.e.34"}]} | headers=HTTPHeaderDict({'Content-Length': '1181', 'Content-Type': 'application/json; charset=utf-8', 'cache-control': 'no-cache'})
2026-02-24 17:34:54,098 | DEBUG | Finished Request
2026-02-24 17:34:54,099 | DEBUG | POST http://localhost:57930/session/ad14dfacc36e1b3f5100287a53ecc304/execute/sync {'script': 'return arguments[0].innerText;', 'args': [{'element-6066-11e4-a52e-4f735466cecf': 'f.EE25548E46DF20E9802161A5D7F83019.d.B3BB6412FAF234DB1A8E3DAB44890200.e.27'}]}
2026-02-24 17:34:54,104 | DEBUG | http://localhost:57930 "POST /session/ad14dfacc36e1b3f5100287a53ecc304/execute/sync HTTP/1.1" 200 0
2026-02-24 17:34:54,105 | DEBUG | Remote response: status=200 | data={"value":"Backend Developer Java / Experiencia en sector seguros\nMichael Page\nSantiago • a través de Michael Page\nhace 15 días"} | headers=HTTPHeaderDict({'Content-Length': '135', 'Content-Type': 'application/json; charset=utf-8', 'cache-control': 'no-cache'})
2026-02-24 17:34:54,105 | DEBUG | Finished Request
2026-02-24 17:34:54,105 | DEBUG | POST http://localhost:57930/session/ad14dfacc36e1b3f5100287a53ecc304/execute/sync {'script': "arguments[0].scrollIntoView({block:'center'});", 'args': [{'element-6066-11e4-a52e-4f735466cecf': 'f.EE25548E46DF20E9802161A5D7F83019.d.B3BB6412FAF234DB1A8E3DAB44890200.e.27'}]}
2026-02-24 17:34:54,117 | DEBUG | http://localhost:57930 "POST /session/ad14dfacc36e1b3f5100287a53ecc304/execute/sync HTTP/1.1" 200 0
2026-02-24 17:34:54,118 | DEBUG | Remote response: status=200 | data={"value":null} | headers=HTTPHeaderDict({'Content-Length': '14', 'Content-Type': 'application/json; charset=utf-8', 'cache-control': 'no-cache'})
2026-02-24 17:34:54,118 | DEBUG | Finished Request
2026-02-24 17:34:54,419 | DEBUG | POST http://localhost:57930/session/ad14dfacc36e1b3f5100287a53ecc304/execute/sync {'script': '\n        const bloque = arguments[0];\n        // Buscar hijo con jsaction (el elemento que recibe el...', 'args': [{'element-6066-11e4-a52e-4f735466cecf': 'f.EE25548E46DF20E9802161A5D7F83019.d.B3BB6412FAF234DB1A8E3DAB44890200.e.27'}]}
2026-02-24 17:34:54,429 | DEBUG | http://localhost:57930 "POST /session/ad14dfacc36e1b3f5100287a53ecc304/execute/sync HTTP/1.1" 200 0
2026-02-24 17:34:54,429 | DEBUG | Remote response: status=200 | data={"value":"OK:jsaction:h5M12e"} | headers=HTTPHeaderDict({'Content-Length': '30', 'Content-Type': 'application/json; charset=utf-8', 'cache-control': 'no-cache'})
2026-02-24 17:34:54,429 | DEBUG | Finished Request
2026-02-24 17:34:54,431 | DEBUG | GET http://localhost:57930/session/ad14dfacc36e1b3f5100287a53ecc304/url {}
2026-02-24 17:34:54,438 | DEBUG | http://localhost:57930 "GET /session/ad14dfacc36e1b3f5100287a53ecc304/url HTTP/1.1" 200 0
2026-02-24 17:34:54,438 | DEBUG | Remote response: status=200 | data={"value":"https://www.google.com/search?q=Backend+Developer+Santiago,+Chile&udm=8&sei=Ugueaf2UAuXa1sQPmuHKyAY&jbr=sep:0#sv=CAMStwIa_gEKzwESzAEKjAFBTW4zLXlRYlFYM2UwRExCejRBa0F3LUFkcEtXQzdYNF9lNFZhYldSQjlqYjZxcFF5NWttY1htZnZaWGNzUjRzNmd4V05YZUgtOFNwSlJYalBLTlhncmNXUlFrbkQyNFZKWHhTX3hwVTdzWUFKd1VkTUZoWTE1ZkFpbkJyUVAxOGpMeTlpeDBobWtKThIXVWd1ZWFkMndHb1htMXNRUG8tbXc0QVEaIkFKS0xGbUpXazRaTVZjY29vd3RQanpHOU5oMTM4djdReHcSBDgxNjYaATMqG19VZ3VlYWQyd0dvWG0xc1FQby1tdzRBUV82NjAAOAFAACABKjAKEmpvYnMtZGV0YWlsLXZpZXdlchIYN0FZMHo4WENPcnJzMGtuREFBQUFBQT09GAAwASCKqNjrAjAC"} | headers=HTTPHeaderDict({'Content-Length': '557', 'Content-Type': 'application/json; charset=utf-8', 'cache-control': 'no-cache'})
2026-02-24 17:34:54,439 | DEBUG | Finished Request
2026-02-24 17:34:54,840 | DEBUG | GET http://localhost:57930/session/ad14dfacc36e1b3f5100287a53ecc304/url {}
2026-02-24 17:34:54,846 | DEBUG | http://localhost:57930 "GET /session/ad14dfacc36e1b3f5100287a53ecc304/url HTTP/1.1" 200 0
2026-02-24 17:34:54,846 | DEBUG | Remote response: status=200 | data={"value":"https://www.google.com/search?q=Backend+Developer+Santiago,+Chile&udm=8&sei=Ugueaf2UAuXa1sQPmuHKyAY&jbr=sep:0#sv=CAMStwIa_gEKzwESzAEKjAFBTW4zLXlUWVVLNmJ1SFZ0cXBEeDIycGZfY05aUTlJaVZRMFZFS21VZ2lkRzJvWTdXcWJoZzlGeV9PRnJ4ZUx0eXFoenB4a3VTWHB6OHZZMldqR0JsSlBjbW9FNF9UZmlXQlFHSkNwaEU0eURLMkhmN1dOdVNIOXQxdDFkMVFuVVVjU0IwMFBtdnpjZxIXVWd1ZWFkMndHb1htMXNRUG8tbXc0QVEaIkFKS0xGbUpUX0Y5d1d2bVVEWEluOTFxbHNzTU02M3JpcFESBDgxNjYaATMqG19VZ3VlYWQyd0dvWG0xc1FQby1tdzRBUV82ODAAOAFAACABKjAKEmpvYnMtZGV0YWlsLXZpZXdlchIYOHBlNnRUMEdYaHByMVhLd0FBQUFBQT09GAAwASCc9uO5DDAC"} | headers=HTTPHeaderDict({'Content-Length': '557', 'Content-Type': 'application/json; charset=utf-8', 'cache-control': 'no-cache'})
2026-02-24 17:34:54,847 | DEBUG | Finished Request
2026-02-24 17:34:56,049 | DEBUG | POST http://localhost:57930/session/ad14dfacc36e1b3f5100287a53ecc304/frame {'id': None}
2026-02-24 17:34:56,052 | DEBUG | http://localhost:57930 "POST /session/ad14dfacc36e1b3f5100287a53ecc304/frame HTTP/1.1" 200 0
2026-02-24 17:34:56,052 | DEBUG | Remote response: status=200 | data={"value":null} | headers=HTTPHeaderDict({'Content-Length': '14', 'Content-Type': 'application/json; charset=utf-8', 'cache-control': 'no-cache'})
2026-02-24 17:34:56,053 | DEBUG | Finished Request
2026-02-24 17:34:56,053 | DEBUG | POST http://localhost:57930/session/ad14dfacc36e1b3f5100287a53ecc304/execute/sync {'script': '\n        // Estrategia A: role=button dentro del wrapper jsname=G7vtgf\n        const wrapper = docum...', 'args': []}
2026-02-24 17:34:56,064 | DEBUG | http://localhost:57930 "POST /session/ad14dfacc36e1b3f5100287a53ecc304/execute/sync HTTP/1.1" 200 0
2026-02-24 17:34:56,065 | DEBUG | Remote response: status=200 | data={"value":"FOUND_TEXT"} | headers=HTTPHeaderDict({'Content-Length': '22', 'Content-Type': 'application/json; charset=utf-8', 'cache-control': 'no-cache'})
2026-02-24 17:34:56,065 | DEBUG | Finished Request
2026-02-24 17:34:56,065 | DEBUG | POST http://localhost:57930/session/ad14dfacc36e1b3f5100287a53ecc304/execute/sync {'script': '\n        let targets = [];\n\n        // Nivel 1: role=button dentro de jsname=G7vtgf\n        const wr...', 'args': []}
2026-02-24 17:34:56,118 | DEBUG | http://localhost:57930 "POST /session/ad14dfacc36e1b3f5100287a53ecc304/execute/sync HTTP/1.1" 200 0
2026-02-24 17:34:56,123 | DEBUG | Remote response: status=200 | data={"value":"OK:jsname-wrapper|OK:text-match|OK:text-match"} | headers=HTTPHeaderDict({'Content-Length': '57', 'Content-Type': 'application/json; charset=utf-8', 'cache-control': 'no-cache'})
2026-02-24 17:34:56,124 | DEBUG | Finished Request
2026-02-24 17:34:56,125 | DEBUG | POST http://localhost:57930/session/ad14dfacc36e1b3f5100287a53ecc304/elements {'using': 'css selector', 'value': '[jsname="G7vtgf"] [role="button"]'}
2026-02-24 17:34:56,139 | DEBUG | http://localhost:57930 "POST /session/ad14dfacc36e1b3f5100287a53ecc304/elements HTTP/1.1" 200 0
2026-02-24 17:34:56,139 | DEBUG | Remote response: status=200 | data={"value":[]} | headers=HTTPHeaderDict({'Content-Length': '12', 'Content-Type': 'application/json; charset=utf-8', 'cache-control': 'no-cache'})
2026-02-24 17:34:56,141 | DEBUG | Finished Request
2026-02-24 17:34:56,142 | DEBUG | POST http://localhost:57930/session/ad14dfacc36e1b3f5100287a53ecc304/elements {'using': 'css selector', 'value': '[jsaction*="EMtXr"] [role="button"]'}
2026-02-24 17:34:56,151 | DEBUG | http://localhost:57930 "POST /session/ad14dfacc36e1b3f5100287a53ecc304/elements HTTP/1.1" 200 0
2026-02-24 17:34:56,151 | DEBUG | Remote response: status=200 | data={"value":[]} | headers=HTTPHeaderDict({'Content-Length': '12', 'Content-Type': 'application/json; charset=utf-8', 'cache-control': 'no-cache'})
2026-02-24 17:34:56,152 | DEBUG | Finished Request
2026-02-24 17:34:56,152 | DEBUG | POST http://localhost:57930/session/ad14dfacc36e1b3f5100287a53ecc304/elements {'using': 'css selector', 'value': '[jsaction*="EMtXr"]'}
2026-02-24 17:34:56,163 | DEBUG | http://localhost:57930 "POST /session/ad14dfacc36e1b3f5100287a53ecc304/elements HTTP/1.1" 200 0
2026-02-24 17:34:56,163 | DEBUG | Remote response: status=200 | data={"value":[{"element-6066-11e4-a52e-4f735466cecf":"f.EE25548E46DF20E9802161A5D7F83019.d.B3BB6412FAF234DB1A8E3DAB44890200.e.88"},{"element-6066-11e4-a52e-4f735466cecf":"f.EE25548E46DF20E9802161A5D7F83019.d.B3BB6412FAF234DB1A8E3DAB44890200.e.89"},{"element-6066-11e4-a52e-4f735466cecf":"f.EE25548E46DF20E9802161A5D7F83019.d.B3BB6412FAF234DB1A8E3DAB44890200.e.90"}]} | headers=HTTPHeaderDict({'Content-Length': '362', 'Content-Type': 'application/json; charset=utf-8', 'cache-control': 'no-cache'})
2026-02-24 17:34:56,163 | DEBUG | Finished Request
2026-02-24 17:34:56,164 | DEBUG | GET http://localhost:57930/session/ad14dfacc36e1b3f5100287a53ecc304/element/f.EE25548E46DF20E9802161A5D7F83019.d.B3BB6412FAF234DB1A8E3DAB44890200.e.88/text {}
2026-02-24 17:34:56,178 | DEBUG | http://localhost:57930 "GET /session/ad14dfacc36e1b3f5100287a53ecc304/element/f.EE25548E46DF20E9802161A5D7F83019.d.B3BB6412FAF234DB1A8E3DAB44890200.e.88/text HTTP/1.1" 200 0
2026-02-24 17:34:56,178 | DEBUG | Remote response: status=200 | data={"value":""} | headers=HTTPHeaderDict({'Content-Length': '12', 'Content-Type': 'application/json; charset=utf-8', 'cache-control': 'no-cache'})
2026-02-24 17:34:56,178 | DEBUG | Finished Request
2026-02-24 17:34:56,179 | DEBUG | POST http://localhost:57930/session/ad14dfacc36e1b3f5100287a53ecc304/execute/sync {'script': '/* getAttribute */return (function(){return (function(){/*\n\n Copyright The Closure Library Authors.\n...', 'args': [{'element-6066-11e4-a52e-4f735466cecf': 'f.EE25548E46DF20E9802161A5D7F83019.d.B3BB6412FAF234DB1A8E3DAB44890200.e.88'}, 'jsname']}
2026-02-24 17:34:56,187 | DEBUG | http://localhost:57930 "POST /session/ad14dfacc36e1b3f5100287a53ecc304/execute/sync HTTP/1.1" 200 0
2026-02-24 17:34:56,187 | DEBUG | Remote response: status=200 | data={"value":"G7vtgf"} | headers=HTTPHeaderDict({'Content-Length': '18', 'Content-Type': 'application/json; charset=utf-8', 'cache-control': 'no-cache'})
2026-02-24 17:34:56,188 | DEBUG | Finished Request
2026-02-24 17:34:56,188 | DEBUG | POST http://localhost:57930/session/ad14dfacc36e1b3f5100287a53ecc304/execute/sync {'script': 'arguments[0].click();', 'args': [{'element-6066-11e4-a52e-4f735466cecf': 'f.EE25548E46DF20E9802161A5D7F83019.d.B3BB6412FAF234DB1A8E3DAB44890200.e.88'}]}
2026-02-24 17:34:56,198 | DEBUG | http://localhost:57930 "POST /session/ad14dfacc36e1b3f5100287a53ecc304/execute/sync HTTP/1.1" 200 0
2026-02-24 17:34:56,199 | DEBUG | Remote response: status=200 | data={"value":null} | headers=HTTPHeaderDict({'Content-Length': '14', 'Content-Type': 'application/json; charset=utf-8', 'cache-control': 'no-cache'})
2026-02-24 17:34:56,199 | DEBUG | Finished Request
2026-02-24 17:34:58,700 | DEBUG | POST http://localhost:57930/session/ad14dfacc36e1b3f5100287a53ecc304/frame {'id': None}
2026-02-24 17:34:58,703 | DEBUG | http://localhost:57930 "POST /session/ad14dfacc36e1b3f5100287a53ecc304/frame HTTP/1.1" 200 0
2026-02-24 17:34:58,703 | DEBUG | Remote response: status=200 | data={"value":null} | headers=HTTPHeaderDict({'Content-Length': '14', 'Content-Type': 'application/json; charset=utf-8', 'cache-control': 'no-cache'})
2026-02-24 17:34:58,704 | DEBUG | Finished Request
2026-02-24 17:35:01,205 | DEBUG | POST http://localhost:57930/session/ad14dfacc36e1b3f5100287a53ecc304/frame {'id': None}
2026-02-24 17:35:01,209 | DEBUG | http://localhost:57930 "POST /session/ad14dfacc36e1b3f5100287a53ecc304/frame HTTP/1.1" 200 0
2026-02-24 17:35:01,209 | DEBUG | Remote response: status=200 | data={"value":null} | headers=HTTPHeaderDict({'Content-Length': '14', 'Content-Type': 'application/json; charset=utf-8', 'cache-control': 'no-cache'})
2026-02-24 17:35:01,210 | DEBUG | Finished Request
2026-02-24 17:35:01,210 | DEBUG | POST http://localhost:57930/session/ad14dfacc36e1b3f5100287a53ecc304/execute/sync {'script': "\n        const KEYWORDS_DESC = ['responsabilidades','requisitos','experiencia','conocimientos',\n    ...", 'args': []}
2026-02-24 17:35:01,228 | DEBUG | http://localhost:57930 "POST /session/ad14dfacc36e1b3f5100287a53ecc304/execute/sync HTTP/1.1" 200 0
2026-02-24 17:35:01,229 | DEBUG | Remote response: status=200 | data={"value":"{\"ok\":true,\"fuente\":\"div-sweep\",\"score\":8625,\"texto\":\"G\\nGRAN AMERICAS SANTIAGO CHILE S.A.\\nDesarrollador Backend / Web (Spring Boot)\\nGRAN AMERICAS SANTIAGO CHILE S.A. · Pudahuel · a través de Computrabajo\\nhace 21 horas\\nCLP 1.4 M por mes\\nTiempo completo\\nNo se menciona un título académico\\nPostularse en Computrabajo\\nDescripción del trabajo\\nBuscamos un/a Desarrollador/a Backend / Web con al menos 3 años de experiencia en desarrollo y mantenimiento de aplicaciones web, con foco en Spring Boot.\\nLa persona seleccionada será responsable de diseñar, desarrollar y mantener soluciones web robustas, seguras y escalables, participando activamente en todo el ciclo de vida del desarrollo de software: levantamiento de requerimientos, desarrollo, pruebas, despliegue y soporte.\\nAdemás, trabajará con entornos Linux y bases de datos relacionales, colaborando con equipos técnicos y funcionales para asegurar la calidad y continuidad de las aplicaciones.\\nFunciones principales\\nDiseñar, desarrollar y mantener aplicaciones web backend utilizando Java + Spring Boot.\\nImplementar y consumir APIs REST.\\nParticipar en el análisis técnico y diseño de soluciones.\\nGestionar y optimizar consultas en bases de datos relacionales.\\nRealizar mantenimiento correctivo y evolutivo de aplicaciones existentes.\\nEjecutar pruebas unitarias e integración para asegurar la calidad del software.\\nApoyar procesos de despliegue y monitoreo en ambientes Linux.\\nDocumentar desarrollos, incidencias y mejoras implementadas.-Requerimientos- Educación mínima: Universitaria / I.P. / C.F.T.\\naños de experiencia\\nPalabras clave: developer, programador, internet, web\\nDenunciar esta publicación de empleo\\nMichael Page\\nBackend Developer Java / Experiencia en sector seguros\\nMichael Page · Santiago · a través de Michael Page\\nhace 15 días\\nNo se menciona un título académico\\nPostularse en Michael Page\\nPostularse en Jooble\\nPostularse en Jobrapido.com\\nPostularse en WhatJobs\\nDescripción del trabajo\\n• IT\\n• IT\\n\\nSobre nuestro cliente\\n\\nNuestro cliente es Bice Vida\\n\\nDescripción\\n\\nReportando a líder técnico, sus principales responsabilidades serán:\\n• Diseñar, desarrollar y mantener servidores y aplicaciones web\\n• Crear y consumir APIs / microservicios\\n• Solucionar errores y realizar pruebas de calidad\\n• Gestionar entornos de alojamiento\\n• Colaborar con el equipo Front-End para una experiencia de usuario fluida\\n\\nPerfil buscado (Hombre / Mujer)\\n\\nNos encontramos en búsqueda de Backend Developer para ser incorporado a proyecto 1 año y medio con posibilidades de extensión junto a cliente socio líder en sector de seguros.\\n\\nCon conocimientos en:\\n• Poseer al menos 3 o 4 años de experiencia en rol\\n• Ideal experiencia trabajando para sector Seguros\\n• Experiencia desarrollo Java comprobable\\n• Manejo de framework avanzado Spring y Spring Boot comprobable\\n• Experiencia en creacion y consumos de APis / Microservicios\\n• Experiencia en SQL y adm de bases de datos\\n• Git, Jira, SonarQube\\n• Ideal conocimiento en AWS\\n• Deseable: Quarkus, Javascript, Python\\n\\nQué ofrecemos\\n• Trabajo remoto 100%\\n• Proyecto 1 año y medio con posibilidades de extensión\\n• Seguro complementario de salud\\n• Programa de asesoría 100% gratuito 24/7\\nDenunciar esta publicación de empleo\\nMichael Page\\nIndeed Chile\\n3.7/5\\n559 opiniones\\nGlassdoor\\n3.8/5\\n1.9 K opiniones\\nAmbitionBox\\n3.0/5\\n39 opiniones\\npage.com\\nMás empleos en Michael Page\\nVer los resultados de la Web para Michael Page\\nSoftys Argentina\\nDeveloper Backend\\nSoftys Argentina · Región Metropolitana · a través de Talent.com\\nhace 5 días\\nTiempo completo\\nPostularse en Talent.com\\nPostularse en MiGuru\\nDescripción del trabajo\\nSomos una compañia global, con presencia en 12 países y un fuerte compromiso con un futuro más sustentable para las próximas generaciones.\\n\\nNos guiamos por el respeto, la integridad, el coraje y la colaboración, fomentando siempre la inclusión y diversidad\\n\\nCreamos la fibra natural para un futuro mejor.\\n\\nMisión del cargo\\n\\nElBackendDeveloperes el responsable de diseñar, implementar y mantener la lógica del lado del servidor, bases de datos yAPI’sque alimentan las aplicaciones web y móviles. Su trabajo es fundamental para garantizar un rendimiento óptimo, escalabilidad y seguridad de los servicios.\\n\\nEn este rol tendrás la oportunidad de\\n• Desarrollar y mantener servicios yAPI’sRESTfulaplicando las mejores prácticas y estándares del mercado y de la gerencia para entregar a nuestros usuarios y clientes productos de la más alta calidad que cumplan con sus expectativas y necesidades\\n• Realizar análisis y buscar mejores formas de optimizar el desarrollo de las piezas de software elaboradas previamente por el equipo para ir generando una capacidad de mejora continua tecnológica dentro de nuestros productos e ir siempre buscando donde innovar dentro de ellos\\n• Colaborar con losFrontendDeveloper para integrar lasAPI’sy servicios, y así garantizar una experiencia de usuario fluida\\n• Estimar la complejidad de los diferentes requisitos de negocio, levantando riesgos y formas de solucionar desde el punto de vista técnico para poder planificar el trabajo que realizará en tiempo y forma para entregar nuevas funcionalidades en los productos a nuestros usuarios y clientes.\\n• Seguir y cumplir las definiciones deDoRyDoDque tengan las células, así como proponer mejoras a estos acuerdos para poder asegurar un trabajo alineado, ordenado, sin obstáculo y poder ser autónomos en su día a día.\\n\\nFormación\\n\\nTitulado de Ingeniería Informática, Ingeniero Civil Informática o afín.\\n\\nExperiencia\\n\\nDesde 3 años de experiencia en roles similares.\\n\\nConocimiento técnico\\n• Experiencia enNodeJSconTypescripty algúnframework (de preferenciaNestJS) (excluyente).\\n• Experiencia en bases de datos comoPostgresql(excluyente).\\n• Experiencia en desarrollo de pruebas unitarias conframeworkcomoJestJS(excluyente).\\n• Experiencia en desarrollo con arquitectura de microservicios (hexagonal deseable)(excluyente).\\n• Experiencia trabajando con API REST\\n• Experiencia en GIT, repositorios yversionamientode software (GitLabde preferencia).\\n• Conocimiento de Docker\\n• Experiencia con proyectos de desarrollo en Cloud (preferencia GCP).\\n• Dominio de herramientas para la automatización de los procesos de desarrollo de software\\n• Conocimiento en CI / CD\\n\\nCondiciones del cargo\\n• Contrato : Indefinido.\\n• Modalidad : 4 días presencial, 1 día homeoffice.\\n\\nEn CMPC promovemos una cultura de inclusión y diversidad, centrada en las personas, que promueve el respeto y la igualdad de oportunidades.\\n\\nNuestras vacantes aceptan personas sin distinción de identidad y / o expresión de género, con todas las características físicas y / o discapacidad, de cualquier generación y nacionalidad, sin importar raza o etnia y orientación afectiva.\\n\\n¡Te invitamos a trabajar con nosotros, alcanzar tu máximo potencial y crear fibra natural para un futuro mejor!\\n\\n#J-18808-Ljbffr\\nDenunciar esta publicación de empleo\"}"} | headers=HTTPHeaderDict({'Content-Length': '7381', 'Content-Type': 'application/json; charset=utf-8', 'cache-control': 'no-cache'})
2026-02-24 17:35:01,230 | DEBUG | Finished Request
2026-02-24 17:35:01,230 | DEBUG | POST http://localhost:57930/session/ad14dfacc36e1b3f5100287a53ecc304/frame {'id': None}
2026-02-24 17:35:01,233 | DEBUG | http://localhost:57930 "POST /session/ad14dfacc36e1b3f5100287a53ecc304/frame HTTP/1.1" 200 0
2026-02-24 17:35:01,234 | DEBUG | Remote response: status=200 | data={"value":null} | headers=HTTPHeaderDict({'Content-Length': '14', 'Content-Type': 'application/json; charset=utf-8', 'cache-control': 'no-cache'})
2026-02-24 17:35:01,234 | DEBUG | Finished Request
2026-02-24 17:35:01,234 | DEBUG | GET http://localhost:57930/session/ad14dfacc36e1b3f5100287a53ecc304/url {}
2026-02-24 17:35:01,242 | DEBUG | http://localhost:57930 "GET /session/ad14dfacc36e1b3f5100287a53ecc304/url HTTP/1.1" 200 0
2026-02-24 17:35:01,242 | DEBUG | Remote response: status=200 | data={"value":"https://www.google.com/search?q=Backend+Developer+Santiago,+Chile&udm=8&sei=Ugueaf2UAuXa1sQPmuHKyAY&jbr=sep:0#sv=CAMStwIa_gEKzwESzAEKjAFBTW4zLXlUWVVLNmJ1SFZ0cXBEeDIycGZfY05aUTlJaVZRMFZFS21VZ2lkRzJvWTdXcWJoZzlGeV9PRnJ4ZUx0eXFoenB4a3VTWHB6OHZZMldqR0JsSlBjbW9FNF9UZmlXQlFHSkNwaEU0eURLMkhmN1dOdVNIOXQxdDFkMVFuVVVjU0IwMFBtdnpjZxIXVWd1ZWFkMndHb1htMXNRUG8tbXc0QVEaIkFKS0xGbUpUX0Y5d1d2bVVEWEluOTFxbHNzTU02M3JpcFESBDgxNjYaATMqG19VZ3VlYWQyd0dvWG0xc1FQby1tdzRBUV82ODAAOAFAACABKjAKEmpvYnMtZGV0YWlsLXZpZXdlchIYOHBlNnRUMEdYaHByMVhLd0FBQUFBQT09GAAwASCc9uO5DDAC"} | headers=HTTPHeaderDict({'Content-Length': '557', 'Content-Type': 'application/json; charset=utf-8', 'cache-control': 'no-cache'})
2026-02-24 17:35:01,242 | DEBUG | Finished Request
2026-02-24 17:35:01,243 | DEBUG | POST http://localhost:57930/session/ad14dfacc36e1b3f5100287a53ecc304/frame {'id': None}
2026-02-24 17:35:01,246 | DEBUG | http://localhost:57930 "POST /session/ad14dfacc36e1b3f5100287a53ecc304/frame HTTP/1.1" 200 0
2026-02-24 17:35:01,246 | DEBUG | Remote response: status=200 | data={"value":null} | headers=HTTPHeaderDict({'Content-Length': '14', 'Content-Type': 'application/json; charset=utf-8', 'cache-control': 'no-cache'})
2026-02-24 17:35:01,246 | DEBUG | Finished Request
2026-02-24 17:35:01,247 | DEBUG | GET http://localhost:57930/session/ad14dfacc36e1b3f5100287a53ecc304/url {}
2026-02-24 17:35:01,253 | DEBUG | http://localhost:57930 "GET /session/ad14dfacc36e1b3f5100287a53ecc304/url HTTP/1.1" 200 0
2026-02-24 17:35:01,253 | DEBUG | Remote response: status=200 | data={"value":"https://www.google.com/search?q=Backend+Developer+Santiago,+Chile&udm=8&sei=Ugueaf2UAuXa1sQPmuHKyAY&jbr=sep:0#sv=CAMStwIa_gEKzwESzAEKjAFBTW4zLXlUWVVLNmJ1SFZ0cXBEeDIycGZfY05aUTlJaVZRMFZFS21VZ2lkRzJvWTdXcWJoZzlGeV9PRnJ4ZUx0eXFoenB4a3VTWHB6OHZZMldqR0JsSlBjbW9FNF9UZmlXQlFHSkNwaEU0eURLMkhmN1dOdVNIOXQxdDFkMVFuVVVjU0IwMFBtdnpjZxIXVWd1ZWFkMndHb1htMXNRUG8tbXc0QVEaIkFKS0xGbUpUX0Y5d1d2bVVEWEluOTFxbHNzTU02M3JpcFESBDgxNjYaATMqG19VZ3VlYWQyd0dvWG0xc1FQby1tdzRBUV82ODAAOAFAACABKjAKEmpvYnMtZGV0YWlsLXZpZXdlchIYOHBlNnRUMEdYaHByMVhLd0FBQUFBQT09GAAwASCc9uO5DDAC"} | headers=HTTPHeaderDict({'Content-Length': '557', 'Content-Type': 'application/json; charset=utf-8', 'cache-control': 'no-cache'})
2026-02-24 17:35:01,253 | DEBUG | Finished Request
2026-02-24 17:35:02,055 | DEBUG | POST http://localhost:57930/session/ad14dfacc36e1b3f5100287a53ecc304/frame {'id': None}
2026-02-24 17:35:02,059 | DEBUG | http://localhost:57930 "POST /session/ad14dfacc36e1b3f5100287a53ecc304/frame HTTP/1.1" 200 0
2026-02-24 17:35:02,059 | DEBUG | Remote response: status=200 | data={"value":null} | headers=HTTPHeaderDict({'Content-Length': '14', 'Content-Type': 'application/json; charset=utf-8', 'cache-control': 'no-cache'})
2026-02-24 17:35:02,059 | DEBUG | Finished Request
2026-02-24 17:35:02,060 | DEBUG | POST http://localhost:57930/session/ad14dfacc36e1b3f5100287a53ecc304/elements {'using': 'css selector', 'value': 'div.EimVGf'}
2026-02-24 17:35:02,071 | DEBUG | http://localhost:57930 "POST /session/ad14dfacc36e1b3f5100287a53ecc304/elements HTTP/1.1" 200 0
2026-02-24 17:35:02,072 | DEBUG | Remote response: status=200 | data={"value":[{"element-6066-11e4-a52e-4f735466cecf":"f.EE25548E46DF20E9802161A5D7F83019.d.B3BB6412FAF234DB1A8E3DAB44890200.e.25"},{"element-6066-11e4-a52e-4f735466cecf":"f.EE25548E46DF20E9802161A5D7F83019.d.B3BB6412FAF234DB1A8E3DAB44890200.e.26"},{"element-6066-11e4-a52e-4f735466cecf":"f.EE25548E46DF20E9802161A5D7F83019.d.B3BB6412FAF234DB1A8E3DAB44890200.e.27"},{"element-6066-11e4-a52e-4f735466cecf":"f.EE25548E46DF20E9802161A5D7F83019.d.B3BB6412FAF234DB1A8E3DAB44890200.e.28"},{"element-6066-11e4-a52e-4f735466cecf":"f.EE25548E46DF20E9802161A5D7F83019.d.B3BB6412FAF234DB1A8E3DAB44890200.e.29"},{"element-6066-11e4-a52e-4f735466cecf":"f.EE25548E46DF20E9802161A5D7F83019.d.B3BB6412FAF234DB1A8E3DAB44890200.e.30"},{"element-6066-11e4-a52e-4f735466cecf":"f.EE25548E46DF20E9802161A5D7F83019.d.B3BB6412FAF234DB1A8E3DAB44890200.e.31"},{"element-6066-11e4-a52e-4f735466cecf":"f.EE25548E46DF20E9802161A5D7F83019.d.B3BB6412FAF234DB1A8E3DAB44890200.e.32"},{"element-6066-11e4-a52e-4f735466cecf":"f.EE25548E46DF20E9802161A5D7F83019.d.B3BB6412FAF234DB1A8E3DAB44890200.e.33"},{"element-6066-11e4-a52e-4f735466cecf":"f.EE25548E46DF20E9802161A5D7F83019.d.B3BB6412FAF234DB1A8E3DAB44890200.e.34"}]} | headers=HTTPHeaderDict({'Content-Length': '1181', 'Content-Type': 'application/json; charset=utf-8', 'cache-control': 'no-cache'})
2026-02-24 17:35:02,072 | DEBUG | Finished Request
2026-02-24 17:35:02,073 | DEBUG | POST http://localhost:57930/session/ad14dfacc36e1b3f5100287a53ecc304/execute/sync {'script': 'return arguments[0].innerText;', 'args': [{'element-6066-11e4-a52e-4f735466cecf': 'f.EE25548E46DF20E9802161A5D7F83019.d.B3BB6412FAF234DB1A8E3DAB44890200.e.28'}]}
2026-02-24 17:35:02,083 | DEBUG | http://localhost:57930 "POST /session/ad14dfacc36e1b3f5100287a53ecc304/execute/sync HTTP/1.1" 200 0
2026-02-24 17:35:02,083 | DEBUG | Remote response: status=200 | data={"value":"Developer Backend\nSoftys Argentina\nRegión Metropolitana (y 1 ubicación más) • a través de Talent.com\nhace 5 días\nTiempo completo"} | headers=HTTPHeaderDict({'Content-Length': '151', 'Content-Type': 'application/json; charset=utf-8', 'cache-control': 'no-cache'})
2026-02-24 17:35:02,083 | DEBUG | Finished Request
2026-02-24 17:35:02,084 | DEBUG | POST http://localhost:57930/session/ad14dfacc36e1b3f5100287a53ecc304/execute/sync {'script': "arguments[0].scrollIntoView({block:'center'});", 'args': [{'element-6066-11e4-a52e-4f735466cecf': 'f.EE25548E46DF20E9802161A5D7F83019.d.B3BB6412FAF234DB1A8E3DAB44890200.e.28'}]}
2026-02-24 17:35:02,093 | DEBUG | http://localhost:57930 "POST /session/ad14dfacc36e1b3f5100287a53ecc304/execute/sync HTTP/1.1" 200 0
2026-02-24 17:35:02,094 | DEBUG | Remote response: status=200 | data={"value":null} | headers=HTTPHeaderDict({'Content-Length': '14', 'Content-Type': 'application/json; charset=utf-8', 'cache-control': 'no-cache'})
2026-02-24 17:35:02,095 | DEBUG | Finished Request
2026-02-24 17:35:02,396 | DEBUG | POST http://localhost:57930/session/ad14dfacc36e1b3f5100287a53ecc304/execute/sync {'script': '\n        const bloque = arguments[0];\n        // Buscar hijo con jsaction (el elemento que recibe el...', 'args': [{'element-6066-11e4-a52e-4f735466cecf': 'f.EE25548E46DF20E9802161A5D7F83019.d.B3BB6412FAF234DB1A8E3DAB44890200.e.28'}]}
2026-02-24 17:35:02,405 | DEBUG | http://localhost:57930 "POST /session/ad14dfacc36e1b3f5100287a53ecc304/execute/sync HTTP/1.1" 200 0
2026-02-24 17:35:02,406 | DEBUG | Remote response: status=200 | data={"value":"OK:jsaction:h5M12e"} | headers=HTTPHeaderDict({'Content-Length': '30', 'Content-Type': 'application/json; charset=utf-8', 'cache-control': 'no-cache'})
2026-02-24 17:35:02,406 | DEBUG | Finished Request
2026-02-24 17:35:02,407 | DEBUG | GET http://localhost:57930/session/ad14dfacc36e1b3f5100287a53ecc304/url {}
2026-02-24 17:35:02,419 | DEBUG | http://localhost:57930 "GET /session/ad14dfacc36e1b3f5100287a53ecc304/url HTTP/1.1" 200 0
2026-02-24 17:35:02,419 | DEBUG | Remote response: status=200 | data={"value":"https://www.google.com/search?q=Backend+Developer+Santiago,+Chile&udm=8&sei=Ugueaf2UAuXa1sQPmuHKyAY&jbr=sep:0#sv=CAMStwIa_gEKzwESzAEKjAFBTW4zLXlUWVVLNmJ1SFZ0cXBEeDIycGZfY05aUTlJaVZRMFZFS21VZ2lkRzJvWTdXcWJoZzlGeV9PRnJ4ZUx0eXFoenB4a3VTWHB6OHZZMldqR0JsSlBjbW9FNF9UZmlXQlFHSkNwaEU0eURLMkhmN1dOdVNIOXQxdDFkMVFuVVVjU0IwMFBtdnpjZxIXVWd1ZWFkMndHb1htMXNRUG8tbXc0QVEaIkFKS0xGbUpUX0Y5d1d2bVVEWEluOTFxbHNzTU02M3JpcFESBDgxNjYaATMqG19VZ3VlYWQyd0dvWG0xc1FQby1tdzRBUV82ODAAOAFAACABKjAKEmpvYnMtZGV0YWlsLXZpZXdlchIYOHBlNnRUMEdYaHByMVhLd0FBQUFBQT09GAAwASCc9uO5DDAC"} | headers=HTTPHeaderDict({'Content-Length': '557', 'Content-Type': 'application/json; charset=utf-8', 'cache-control': 'no-cache'})
2026-02-24 17:35:02,420 | DEBUG | Finished Request
2026-02-24 17:35:02,821 | DEBUG | GET http://localhost:57930/session/ad14dfacc36e1b3f5100287a53ecc304/url {}
2026-02-24 17:35:02,827 | DEBUG | http://localhost:57930 "GET /session/ad14dfacc36e1b3f5100287a53ecc304/url HTTP/1.1" 200 0
2026-02-24 17:35:02,828 | DEBUG | Remote response: status=200 | data={"value":"https://www.google.com/search?q=Backend+Developer+Santiago,+Chile&udm=8&sei=Ugueaf2UAuXa1sQPmuHKyAY&jbr=sep:0#sv=CAMStwIa_gEKzwESzAEKjAFBTW4zLXlUNVVhdmd6U1JTOTZMOEFPVFVjUXRyaHROS2lCR2lheTlITlhRNmp5ZTFOV25reldZZ2Vtekd0dFIxdEFPbE1ZN2JwTDB5dEhjLVgyVldseVZvT0pDSWtBc2ZUVUpNWjQ3ZnJsQmxHdWRDRTEyQ2wyMnF5MmtVR1dXdWVtOWgtaXM5YmlwcxIXVWd1ZWFkMndHb1htMXNRUG8tbXc0QVEaIkFKS0xGbUxVYms1a0lYV3RTYzZHRDQ5NHBaNHNSNHRCT0ESBDgxNjYaATMqG19VZ3VlYWQyd0dvWG0xc1FQby1tdzRBUV83MjAAOAFAACABKjAKEmpvYnMtZGV0YWlsLXZpZXdlchIYNWtVQy0yMEtHRm5WckJwOEFBQUFBQT09GAAwASDdxse9DjAC"} | headers=HTTPHeaderDict({'Content-Length': '557', 'Content-Type': 'application/json; charset=utf-8', 'cache-control': 'no-cache'})
2026-02-24 17:35:02,828 | DEBUG | Finished Request
2026-02-24 17:35:04,030 | DEBUG | POST http://localhost:57930/session/ad14dfacc36e1b3f5100287a53ecc304/frame {'id': None}
2026-02-24 17:35:04,034 | DEBUG | http://localhost:57930 "POST /session/ad14dfacc36e1b3f5100287a53ecc304/frame HTTP/1.1" 200 0
2026-02-24 17:35:04,034 | DEBUG | Remote response: status=200 | data={"value":null} | headers=HTTPHeaderDict({'Content-Length': '14', 'Content-Type': 'application/json; charset=utf-8', 'cache-control': 'no-cache'})
2026-02-24 17:35:04,034 | DEBUG | Finished Request
2026-02-24 17:35:04,034 | DEBUG | POST http://localhost:57930/session/ad14dfacc36e1b3f5100287a53ecc304/execute/sync {'script': '\n        // Estrategia A: role=button dentro del wrapper jsname=G7vtgf\n        const wrapper = docum...', 'args': []}
2026-02-24 17:35:04,042 | DEBUG | http://localhost:57930 "POST /session/ad14dfacc36e1b3f5100287a53ecc304/execute/sync HTTP/1.1" 200 0
2026-02-24 17:35:04,042 | DEBUG | Remote response: status=200 | data={"value":"FOUND_TEXT"} | headers=HTTPHeaderDict({'Content-Length': '22', 'Content-Type': 'application/json; charset=utf-8', 'cache-control': 'no-cache'})
2026-02-24 17:35:04,043 | DEBUG | Finished Request
2026-02-24 17:35:04,043 | DEBUG | POST http://localhost:57930/session/ad14dfacc36e1b3f5100287a53ecc304/execute/sync {'script': '\n        let targets = [];\n\n        // Nivel 1: role=button dentro de jsname=G7vtgf\n        const wr...', 'args': []}
2026-02-24 17:35:04,069 | DEBUG | http://localhost:57930 "POST /session/ad14dfacc36e1b3f5100287a53ecc304/execute/sync HTTP/1.1" 200 0
2026-02-24 17:35:04,069 | DEBUG | Remote response: status=200 | data={"value":"OK:jsname-wrapper|OK:text-match|OK:text-match"} | headers=HTTPHeaderDict({'Content-Length': '57', 'Content-Type': 'application/json; charset=utf-8', 'cache-control': 'no-cache'})
2026-02-24 17:35:04,070 | DEBUG | Finished Request
2026-02-24 17:35:04,070 | DEBUG | POST http://localhost:57930/session/ad14dfacc36e1b3f5100287a53ecc304/elements {'using': 'css selector', 'value': '[jsname="G7vtgf"] [role="button"]'}
2026-02-24 17:35:04,083 | DEBUG | http://localhost:57930 "POST /session/ad14dfacc36e1b3f5100287a53ecc304/elements HTTP/1.1" 200 0
2026-02-24 17:35:04,084 | DEBUG | Remote response: status=200 | data={"value":[]} | headers=HTTPHeaderDict({'Content-Length': '12', 'Content-Type': 'application/json; charset=utf-8', 'cache-control': 'no-cache'})
2026-02-24 17:35:04,084 | DEBUG | Finished Request
2026-02-24 17:35:04,084 | DEBUG | POST http://localhost:57930/session/ad14dfacc36e1b3f5100287a53ecc304/elements {'using': 'css selector', 'value': '[jsaction*="EMtXr"] [role="button"]'}
2026-02-24 17:35:04,096 | DEBUG | http://localhost:57930 "POST /session/ad14dfacc36e1b3f5100287a53ecc304/elements HTTP/1.1" 200 0
2026-02-24 17:35:04,096 | DEBUG | Remote response: status=200 | data={"value":[]} | headers=HTTPHeaderDict({'Content-Length': '12', 'Content-Type': 'application/json; charset=utf-8', 'cache-control': 'no-cache'})
2026-02-24 17:35:04,096 | DEBUG | Finished Request
2026-02-24 17:35:04,097 | DEBUG | POST http://localhost:57930/session/ad14dfacc36e1b3f5100287a53ecc304/elements {'using': 'css selector', 'value': '[jsaction*="EMtXr"]'}
2026-02-24 17:35:04,106 | DEBUG | http://localhost:57930 "POST /session/ad14dfacc36e1b3f5100287a53ecc304/elements HTTP/1.1" 200 0
2026-02-24 17:35:04,107 | DEBUG | Remote response: status=200 | data={"value":[{"element-6066-11e4-a52e-4f735466cecf":"f.EE25548E46DF20E9802161A5D7F83019.d.B3BB6412FAF234DB1A8E3DAB44890200.e.98"},{"element-6066-11e4-a52e-4f735466cecf":"f.EE25548E46DF20E9802161A5D7F83019.d.B3BB6412FAF234DB1A8E3DAB44890200.e.99"},{"element-6066-11e4-a52e-4f735466cecf":"f.EE25548E46DF20E9802161A5D7F83019.d.B3BB6412FAF234DB1A8E3DAB44890200.e.100"}]} | headers=HTTPHeaderDict({'Content-Length': '363', 'Content-Type': 'application/json; charset=utf-8', 'cache-control': 'no-cache'})
2026-02-24 17:35:04,107 | DEBUG | Finished Request
2026-02-24 17:35:04,108 | DEBUG | GET http://localhost:57930/session/ad14dfacc36e1b3f5100287a53ecc304/element/f.EE25548E46DF20E9802161A5D7F83019.d.B3BB6412FAF234DB1A8E3DAB44890200.e.98/text {}
2026-02-24 17:35:04,120 | DEBUG | http://localhost:57930 "GET /session/ad14dfacc36e1b3f5100287a53ecc304/element/f.EE25548E46DF20E9802161A5D7F83019.d.B3BB6412FAF234DB1A8E3DAB44890200.e.98/text HTTP/1.1" 200 0
2026-02-24 17:35:04,120 | DEBUG | Remote response: status=200 | data={"value":""} | headers=HTTPHeaderDict({'Content-Length': '12', 'Content-Type': 'application/json; charset=utf-8', 'cache-control': 'no-cache'})
2026-02-24 17:35:04,120 | DEBUG | Finished Request
2026-02-24 17:35:04,121 | DEBUG | POST http://localhost:57930/session/ad14dfacc36e1b3f5100287a53ecc304/execute/sync {'script': '/* getAttribute */return (function(){return (function(){/*\n\n Copyright The Closure Library Authors.\n...', 'args': [{'element-6066-11e4-a52e-4f735466cecf': 'f.EE25548E46DF20E9802161A5D7F83019.d.B3BB6412FAF234DB1A8E3DAB44890200.e.98'}, 'jsname']}
2026-02-24 17:35:04,133 | DEBUG | http://localhost:57930 "POST /session/ad14dfacc36e1b3f5100287a53ecc304/execute/sync HTTP/1.1" 200 0
2026-02-24 17:35:04,134 | DEBUG | Remote response: status=200 | data={"value":"G7vtgf"} | headers=HTTPHeaderDict({'Content-Length': '18', 'Content-Type': 'application/json; charset=utf-8', 'cache-control': 'no-cache'})
2026-02-24 17:35:04,135 | DEBUG | Finished Request
2026-02-24 17:35:04,135 | DEBUG | POST http://localhost:57930/session/ad14dfacc36e1b3f5100287a53ecc304/execute/sync {'script': 'arguments[0].click();', 'args': [{'element-6066-11e4-a52e-4f735466cecf': 'f.EE25548E46DF20E9802161A5D7F83019.d.B3BB6412FAF234DB1A8E3DAB44890200.e.98'}]}
2026-02-24 17:35:04,146 | DEBUG | http://localhost:57930 "POST /session/ad14dfacc36e1b3f5100287a53ecc304/execute/sync HTTP/1.1" 200 0
2026-02-24 17:35:04,146 | DEBUG | Remote response: status=200 | data={"value":null} | headers=HTTPHeaderDict({'Content-Length': '14', 'Content-Type': 'application/json; charset=utf-8', 'cache-control': 'no-cache'})
2026-02-24 17:35:04,147 | DEBUG | Finished Request
2026-02-24 17:35:06,648 | DEBUG | POST http://localhost:57930/session/ad14dfacc36e1b3f5100287a53ecc304/frame {'id': None}
2026-02-24 17:35:06,651 | DEBUG | http://localhost:57930 "POST /session/ad14dfacc36e1b3f5100287a53ecc304/frame HTTP/1.1" 200 0
2026-02-24 17:35:06,651 | DEBUG | Remote response: status=200 | data={"value":null} | headers=HTTPHeaderDict({'Content-Length': '14', 'Content-Type': 'application/json; charset=utf-8', 'cache-control': 'no-cache'})
2026-02-24 17:35:06,652 | DEBUG | Finished Request
2026-02-24 17:35:09,153 | DEBUG | POST http://localhost:57930/session/ad14dfacc36e1b3f5100287a53ecc304/frame {'id': None}
2026-02-24 17:35:09,157 | DEBUG | http://localhost:57930 "POST /session/ad14dfacc36e1b3f5100287a53ecc304/frame HTTP/1.1" 200 0
2026-02-24 17:35:09,157 | DEBUG | Remote response: status=200 | data={"value":null} | headers=HTTPHeaderDict({'Content-Length': '14', 'Content-Type': 'application/json; charset=utf-8', 'cache-control': 'no-cache'})
2026-02-24 17:35:09,157 | DEBUG | Finished Request
2026-02-24 17:35:09,158 | DEBUG | POST http://localhost:57930/session/ad14dfacc36e1b3f5100287a53ecc304/execute/sync {'script': "\n        const KEYWORDS_DESC = ['responsabilidades','requisitos','experiencia','conocimientos',\n    ...", 'args': []}
2026-02-24 17:35:09,175 | DEBUG | http://localhost:57930 "POST /session/ad14dfacc36e1b3f5100287a53ecc304/execute/sync HTTP/1.1" 200 0
2026-02-24 17:35:09,176 | DEBUG | Remote response: status=200 | data={"value":"{\"ok\":true,\"fuente\":\"div-sweep\",\"score\":10561,\"texto\":\"Michael Page\\nBackend Developer Java / Experiencia en sector seguros\\nMichael Page · Santiago · a través de Michael Page\\nhace 15 días\\nNo se menciona un título académico\\nPostularse en Michael Page\\nPostularse en Jooble\\nPostularse en Jobrapido.com\\nPostularse en WhatJobs\\nDescripción del trabajo\\n• IT\\n• IT\\n\\nSobre nuestro cliente\\n\\nNuestro cliente es Bice Vida\\n\\nDescripción\\n\\nReportando a líder técnico, sus principales responsabilidades serán:\\n• Diseñar, desarrollar y mantener servidores y aplicaciones web\\n• Crear y consumir APIs / microservicios\\n• Solucionar errores y realizar pruebas de calidad\\n• Gestionar entornos de alojamiento\\n• Colaborar con el equipo Front-End para una experiencia de usuario fluida\\n\\nPerfil buscado (Hombre / Mujer)\\n\\nNos encontramos en búsqueda de Backend Developer para ser incorporado a proyecto 1 año y medio con posibilidades de extensión junto a cliente socio líder en sector de seguros.\\n\\nCon conocimientos en:\\n• Poseer al menos 3 o 4 años de experiencia en rol\\n• Ideal experiencia trabajando para sector Seguros\\n• Experiencia desarrollo Java comprobable\\n• Manejo de framework avanzado Spring y Spring Boot comprobable\\n• Experiencia en creacion y consumos de APis / Microservicios\\n• Experiencia en SQL y adm de bases de datos\\n• Git, Jira, SonarQube\\n• Ideal conocimiento en AWS\\n• Deseable: Quarkus, Javascript, Python\\n\\nQué ofrecemos\\n• Trabajo remoto 100%\\n• Proyecto 1 año y medio con posibilidades de extensión\\n• Seguro complementario de salud\\n• Programa de asesoría 100% gratuito 24/7\\nDenunciar esta publicación de empleo\\nSoftys Argentina\\nDeveloper Backend\\nSoftys Argentina · Región Metropolitana · a través de Talent.com\\nhace 5 días\\nTiempo completo\\nPostularse en Talent.com\\nPostularse en MiGuru\\nDescripción del trabajo\\nSomos una compañia global, con presencia en 12 países y un fuerte compromiso con un futuro más sustentable para las próximas generaciones.\\n\\nNos guiamos por el respeto, la integridad, el coraje y la colaboración, fomentando siempre la inclusión y diversidad\\n\\nCreamos la fibra natural para un futuro mejor.\\n\\nMisión del cargo\\n\\nElBackendDeveloperes el responsable de diseñar, implementar y mantener la lógica del lado del servidor, bases de datos yAPI’sque alimentan las aplicaciones web y móviles. Su trabajo es fundamental para garantizar un rendimiento óptimo, escalabilidad y seguridad de los servicios.\\n\\nEn este rol tendrás la oportunidad de\\n• Desarrollar y mantener servicios yAPI’sRESTfulaplicando las mejores prácticas y estándares del mercado y de la gerencia para entregar a nuestros usuarios y clientes productos de la más alta calidad que cumplan con sus expectativas y necesidades\\n• Realizar análisis y buscar mejores formas de optimizar el desarrollo de las piezas de software elaboradas previamente por el equipo para ir generando una capacidad de mejora continua tecnológica dentro de nuestros productos e ir siempre buscando donde innovar dentro de ellos\\n• Colaborar con losFrontendDeveloper para integrar lasAPI’sy servicios, y así garantizar una experiencia de usuario fluida\\n• Estimar la complejidad de los diferentes requisitos de negocio, levantando riesgos y formas de solucionar desde el punto de vista técnico para poder planificar el trabajo que realizará en tiempo y forma para entregar nuevas funcionalidades en los productos a nuestros usuarios y clientes.\\n• Seguir y cumplir las definiciones deDoRyDoDque tengan las células, así como proponer mejoras a estos acuerdos para poder asegurar un trabajo alineado, ordenado, sin obstáculo y poder ser autónomos en su día a día.\\n\\nFormación\\n\\nTitulado de Ingeniería Informática, Ingeniero Civil Informática o afín.\\n\\nExperiencia\\n\\nDesde 3 años de experiencia en roles similares.\\n\\nConocimiento técnico\\n• Experiencia enNodeJSconTypescripty algúnframework (de preferenciaNestJS) (excluyente).\\n• Experiencia en bases de datos comoPostgresql(excluyente).\\n• Experiencia en desarrollo de pruebas unitarias conframeworkcomoJestJS(excluyente).\\n• Experiencia en desarrollo con arquitectura de microservicios (hexagonal deseable)(excluyente).\\n• Experiencia trabajando con API REST\\n• Experiencia en GIT, repositorios yversionamientode software (GitLabde preferencia).\\n• Conocimiento de Docker\\n• Experiencia con proyectos de desarrollo en Cloud (preferencia GCP).\\n• Dominio de herramientas para la automatización de los procesos de desarrollo de software\\n• Conocimiento en CI / CD\\n\\nCondiciones del cargo\\n• Contrato : Indefinido.\\n• Modalidad : 4 días presencial, 1 día homeoffice.\\n\\nEn CMPC promovemos una cultura de inclusión y diversidad, centrada en las personas, que promueve el respeto y la igualdad de oportunidades.\\n\\nNuestras vacantes aceptan personas sin distinción de identidad y / o expresión de género, con todas las características físicas y / o discapacidad, de cualquier generación y nacionalidad, sin importar raza o etnia y orientación afectiva.\\n\\n¡Te invitamos a trabajar con nosotros, alcanzar tu máximo potencial y crear fibra natural para un futuro mejor!\\n\\n#J-18808-Ljbffr\\nDenunciar esta publicación de empleo\\nMás empleos en Softys Argentina\\nVer los resultados de la Web para Softys Argentina\\nBairesDev\\nDesarrollador Django Senior - Trabajo Remoto\\nBairesDev · Santiago · a través de LinkedIn\\nhace 8 horas\\nTiempo completo\\nNo se menciona un título académico\\nPostularse en LinkedIn\\nPostularse en BeBee CL\\nDescripción del trabajo\\nEn BairesDev® llevamos 15 años liderando proyectos de tecnología para clientes como Google, Rolls-Royce y las startups más innovadoras de Silicon Valley. Actualmente, contamos con un equipo de 4000 profesionales conformado por el top 1% de la industria trabajando de forma remota desde más de 50 países.\\n\\nAl postularte a esta vacante, estarás dando el primer paso en un proceso que va más allá de lo convencional: Buscaremos conocer en profundidad tus habilidades, intereses y expectativas con el objetivo de realizar una búsqueda personalizada y encontrar el rol ideal para ti en BairesDev.\\n\\nDesarrollador Django Senior en BairesDev\\n\\nBuscamos un Desarrollador Django Senior con 7+ años de experiencia para diseñar, desarrollar y mantener sistemas de backend escalables y orientados a eventos. El candidato ideal tiene sólida experiencia en Python y Django, un profundo conocimiento en arquitectura de microservicios y experiencia con sistemas orientados a eventos. Esta es una excelente oportunidad para un desarrollador experimentado listo para asumir desafíos complejos en un entorno dinámico de startups del sector salud.\\n\\nLo que harás:\\n\\n- Desarrollar y mantener servicios backend escalables con Python y Django.\\n\\n- Diseñar e implementar sistemas orientados a eventos y arquitecturas basadas en microservicios.\\n\\n- Utilizar Google Cloud Platform (GCP) para el despliegue y gestión eficiente de aplicaciones backend.\\n\\n- Trabajar con Docker para la contenedorización y optimización de procesos de despliegue.\\n\\n- Procesar y analizar grandes volúmenes de datos, asegurando un rendimiento óptimo y escalabilidad.\\n\\n- Implementar pipelines de CI/CD y mantener altos estándares de calidad y automatización.\\n\\n- Colaborar estrechamente con equipos multidisciplinarios para desarrollar soluciones innovadoras en salud.\\n\\n- Contribuir a decisiones estratégicas sobre escalabilidad y arquitectura del sistema.\\n\\nLo que buscamos:\\n\\nHabilidades esenciales:\\n\\n- 7+ años de experiencia en desarrollo backend con Python.\\n\\n- Sólidos conocimientos en Django.\\n\\n- Inglés avanzado.\\n\\nHabilidades importantes:\\n\\n- Experiencia con Google Cloud Platform (GCP).\\n\\n- Conocimientos avanzados en Docker y entornos contenedorizados.\\n\\n- Experiencia en sistemas orientados a eventos y arquitectura de microservicios.\\n\\n- Experiencia en entornos Agile.\\n\\nHabilidades deseadas (entrenables):\\n\\n- Experiencia en diseño de arquitecturas escalables.\\n\\n- Familiaridad con tecnologías de salud (Oura, Whoop, Apple Watch, Monitores de Glucosa).\\n\\n- Experiencia en startups o mentalidad emprendedora.\\n\\n- Habilidades de comunicación para colaborar entre equipos.\\n\\n- Experiencia en el manejo, procesamiento y análisis de grandes volúmenes de datos.\\n\\n- Familiaridad con pipelines de CI/CD y buenas prácticas de DevOps.\\n\\nQué ofrecemos para que tu trabajo (y tu vida) sea más fácil:\\n\\n- Trabajo 100% remoto: trabaja desde tu casa o donde quieras.\\n\\n- Compensación en USD o en tu moneda local, como prefieras, muy por encima de la media del mercado.\\n\\n- Hardware y software.\\n\\n- Horarios flexibles\\n\\n- Licencias por mater/paternidad, vacaciones y días festivos nacionales pagos.\\n\\n- Ambiente laboral multicultural e innovador, perfecto para hacer amigos, colaborar y aprender de las personas más talentosas del mundo.\\n\\n- Oportunidades de crecimiento y desarrollo profesional a través de mentorías y entrenamientos.\\n\\n¡Únete a nuestro equipo global!\\nDenunciar esta publicación de empleo\"}"} | headers=HTTPHeaderDict({'Content-Length': '9446', 'Content-Type': 'application/json; charset=utf-8', 'cache-control': 'no-cache'})
2026-02-24 17:35:09,179 | DEBUG | Finished Request
2026-02-24 17:35:09,180 | DEBUG | POST http://localhost:57930/session/ad14dfacc36e1b3f5100287a53ecc304/frame {'id': None}
2026-02-24 17:35:09,183 | DEBUG | http://localhost:57930 "POST /session/ad14dfacc36e1b3f5100287a53ecc304/frame HTTP/1.1" 200 0
2026-02-24 17:35:09,183 | DEBUG | Remote response: status=200 | data={"value":null} | headers=HTTPHeaderDict({'Content-Length': '14', 'Content-Type': 'application/json; charset=utf-8', 'cache-control': 'no-cache'})
2026-02-24 17:35:09,183 | DEBUG | Finished Request
2026-02-24 17:35:09,184 | DEBUG | GET http://localhost:57930/session/ad14dfacc36e1b3f5100287a53ecc304/url {}
2026-02-24 17:35:09,190 | DEBUG | http://localhost:57930 "GET /session/ad14dfacc36e1b3f5100287a53ecc304/url HTTP/1.1" 200 0
2026-02-24 17:35:09,190 | DEBUG | Remote response: status=200 | data={"value":"https://www.google.com/search?q=Backend+Developer+Santiago,+Chile&udm=8&sei=Ugueaf2UAuXa1sQPmuHKyAY&jbr=sep:0#sv=CAMStwIa_gEKzwESzAEKjAFBTW4zLXlUNVVhdmd6U1JTOTZMOEFPVFVjUXRyaHROS2lCR2lheTlITlhRNmp5ZTFOV25reldZZ2Vtekd0dFIxdEFPbE1ZN2JwTDB5dEhjLVgyVldseVZvT0pDSWtBc2ZUVUpNWjQ3ZnJsQmxHdWRDRTEyQ2wyMnF5MmtVR1dXdWVtOWgtaXM5YmlwcxIXVWd1ZWFkMndHb1htMXNRUG8tbXc0QVEaIkFKS0xGbUxVYms1a0lYV3RTYzZHRDQ5NHBaNHNSNHRCT0ESBDgxNjYaATMqG19VZ3VlYWQyd0dvWG0xc1FQby1tdzRBUV83MjAAOAFAACABKjAKEmpvYnMtZGV0YWlsLXZpZXdlchIYNWtVQy0yMEtHRm5WckJwOEFBQUFBQT09GAAwASDdxse9DjAC"} | headers=HTTPHeaderDict({'Content-Length': '557', 'Content-Type': 'application/json; charset=utf-8', 'cache-control': 'no-cache'})
2026-02-24 17:35:09,191 | DEBUG | Finished Request
2026-02-24 17:35:09,191 | DEBUG | POST http://localhost:57930/session/ad14dfacc36e1b3f5100287a53ecc304/frame {'id': None}
2026-02-24 17:35:09,194 | DEBUG | http://localhost:57930 "POST /session/ad14dfacc36e1b3f5100287a53ecc304/frame HTTP/1.1" 200 0
2026-02-24 17:35:09,194 | DEBUG | Remote response: status=200 | data={"value":null} | headers=HTTPHeaderDict({'Content-Length': '14', 'Content-Type': 'application/json; charset=utf-8', 'cache-control': 'no-cache'})
2026-02-24 17:35:09,195 | DEBUG | Finished Request
2026-02-24 17:35:09,195 | DEBUG | GET http://localhost:57930/session/ad14dfacc36e1b3f5100287a53ecc304/url {}
2026-02-24 17:35:09,201 | DEBUG | http://localhost:57930 "GET /session/ad14dfacc36e1b3f5100287a53ecc304/url HTTP/1.1" 200 0
2026-02-24 17:35:09,202 | DEBUG | Remote response: status=200 | data={"value":"https://www.google.com/search?q=Backend+Developer+Santiago,+Chile&udm=8&sei=Ugueaf2UAuXa1sQPmuHKyAY&jbr=sep:0#sv=CAMStwIa_gEKzwESzAEKjAFBTW4zLXlUNVVhdmd6U1JTOTZMOEFPVFVjUXRyaHROS2lCR2lheTlITlhRNmp5ZTFOV25reldZZ2Vtekd0dFIxdEFPbE1ZN2JwTDB5dEhjLVgyVldseVZvT0pDSWtBc2ZUVUpNWjQ3ZnJsQmxHdWRDRTEyQ2wyMnF5MmtVR1dXdWVtOWgtaXM5YmlwcxIXVWd1ZWFkMndHb1htMXNRUG8tbXc0QVEaIkFKS0xGbUxVYms1a0lYV3RTYzZHRDQ5NHBaNHNSNHRCT0ESBDgxNjYaATMqG19VZ3VlYWQyd0dvWG0xc1FQby1tdzRBUV83MjAAOAFAACABKjAKEmpvYnMtZGV0YWlsLXZpZXdlchIYNWtVQy0yMEtHRm5WckJwOEFBQUFBQT09GAAwASDdxse9DjAC"} | headers=HTTPHeaderDict({'Content-Length': '557', 'Content-Type': 'application/json; charset=utf-8', 'cache-control': 'no-cache'})
2026-02-24 17:35:09,202 | DEBUG | Finished Request
2026-02-24 17:35:12,004 | DEBUG | DELETE http://localhost:57930/session/ad14dfacc36e1b3f5100287a53ecc304 {}
2026-02-24 17:35:12,094 | DEBUG | http://localhost:57930 "DELETE /session/ad14dfacc36e1b3f5100287a53ecc304 HTTP/1.1" 200 0
2026-02-24 17:35:12,095 | DEBUG | Remote response: status=200 | data={"value":null} | headers=HTTPHeaderDict({'Content-Length': '14', 'Content-Type': 'application/json; charset=utf-8', 'cache-control': 'no-cache'})
2026-02-24 17:35:12,095 | DEBUG | Finished Request
2026-02-24 17:35:17,018 | INFO | 🚀 Sistema DreamJob iniciado.
2026-02-24 17:35:17,117 | INFO | Match 'Node.js Developer backend expert': 115 pts
2026-02-24 17:35:17,119 | INFO | Match 'Desarrollador Backend / Web (Spring Boot)': 811 pts
2026-02-24 17:35:17,122 | INFO | Match 'Backend Developer Java / Experiencia en sector seguros': 855 pts
2026-02-24 17:35:17,127 | INFO | Match 'Developer Backend': 998 pts
2026-02-24 17:35:17,168 | INFO | Persistencia exitosa: 302 ofertas.
2026-02-24 17:35:17,169 | INFO | Análisis completado: 4 resultados.
2026-02-24 17:35:57,817 | INFO | 🚀 Sistema DreamJob iniciado.
2026-02-24 17:36:01,453 | INFO | 🚀 Sistema DreamJob iniciado.
2026-02-24 17:36:09,453 | INFO | 🚀 Sistema DreamJob iniciado.
2026-02-24 17:36:09,712 | INFO | 🚀 Sistema DreamJob iniciado.
2026-02-24 17:36:09,807 | INFO | ====== WebDriver manager ======
2026-02-24 17:36:11,925 | INFO | Get LATEST chromedriver version for google-chrome
2026-02-24 17:36:11,927 | DEBUG | Starting new HTTPS connection (1): googlechromelabs.github.io:443
2026-02-24 17:36:12,426 | DEBUG | https://googlechromelabs.github.io:443 "GET /chrome-for-testing/latest-patch-versions-per-build.json HTTP/1.1" 200 15450
2026-02-24 17:36:12,464 | INFO | Get LATEST chromedriver version for google-chrome
2026-02-24 17:36:12,465 | DEBUG | Starting new HTTPS connection (1): googlechromelabs.github.io:443
2026-02-24 17:36:12,933 | DEBUG | https://googlechromelabs.github.io:443 "GET /chrome-for-testing/latest-patch-versions-per-build.json HTTP/1.1" 200 15450
2026-02-24 17:36:12,968 | INFO | Driver [C:\Users\Soporte\.wdm\drivers\chromedriver\win64\133.0.6943.141\chromedriver-win32/chromedriver.exe] found in cache
2026-02-24 17:36:12,969 | DEBUG | Skipping Selenium Manager; path to chrome driver specified in Service class: C:\Users\Soporte\.wdm\drivers\chromedriver\win64\133.0.6943.141\chromedriver-win32/chromedriver.exe
2026-02-24 17:36:12,976 | DEBUG | Started executable: `C:\Users\Soporte\.wdm\drivers\chromedriver\win64\133.0.6943.141\chromedriver-win32/chromedriver.exe` in a child process with pid: 27224 using 0 to output -3
2026-02-24 17:36:13,112 | DEBUG | POST http://localhost:57134/session {'capabilities': {'firstMatch': [{}], 'alwaysMatch': {'browserName': 'chrome', 'pageLoadStrategy': <PageLoadStrategy.normal: 'normal'>, 'goog:chromeOptions': {'excludeSwitches': ['enable-automation'], 'useAutomationExtension': False, 'extensions': [], 'args': ['--disable-blink-features=AutomationControlled', '--headless=new']}}}}
2026-02-24 17:36:13,112 | DEBUG | Starting new HTTP connection (1): localhost:57134
2026-02-24 17:36:13,918 | DEBUG | http://localhost:57134 "POST /session HTTP/1.1" 200 0
2026-02-24 17:36:13,918 | DEBUG | Remote response: status=200 | data={"value":{"capabilities":{"acceptInsecureCerts":false,"browserName":"chrome","browserVersion":"133.0.6943.142","chrome":{"chromedriverVersion":"133.0.6943.141 (2a5d6da0d6165d7b107502095a937fe7704fcef6-refs/branch-heads/6943@{#1912})","userDataDir":"C:\\Users\\Soporte\\AppData\\Local\\Temp\\scoped_dir27224_344167082"},"fedcm:accounts":true,"goog:chromeOptions":{"debuggerAddress":"localhost:57137"},"networkConnectionEnabled":false,"pageLoadStrategy":"normal","platformName":"windows","proxy":{},"setWindowRect":true,"strictFileInteractability":false,"timeouts":{"implicit":0,"pageLoad":300000,"script":30000},"unhandledPromptBehavior":"dismiss and notify","webauthn:extension:credBlob":true,"webauthn:extension:largeBlob":true,"webauthn:extension:minPinLength":true,"webauthn:extension:prf":true,"webauthn:virtualAuthenticators":true},"sessionId":"5cc5e5690825237c0856d4d0b7603d27"}} | headers=HTTPHeaderDict({'Content-Length': '885', 'Content-Type': 'application/json; charset=utf-8', 'cache-control': 'no-cache'})
2026-02-24 17:36:13,919 | DEBUG | Finished Request
2026-02-24 17:36:13,919 | DEBUG | POST http://localhost:57134/session/5cc5e5690825237c0856d4d0b7603d27/goog/cdp/execute {'cmd': 'Page.addScriptToEvaluateOnNewDocument', 'params': {'source': "Object.defineProperty(navigator, 'webdriver', {get: () => undefined})"}}
2026-02-24 17:36:13,926 | DEBUG | http://localhost:57134 "POST /session/5cc5e5690825237c0856d4d0b7603d27/goog/cdp/execute HTTP/1.1" 200 0
2026-02-24 17:36:13,926 | DEBUG | Remote response: status=200 | data={"value":{"identifier":"2"}} | headers=HTTPHeaderDict({'Content-Length': '28', 'Content-Type': 'application/json; charset=utf-8', 'cache-control': 'no-cache'})
2026-02-24 17:36:13,927 | DEBUG | Finished Request
2026-02-24 17:36:13,930 | DEBUG | POST http://localhost:57134/session/5cc5e5690825237c0856d4d0b7603d27/url {'url': 'https://www.google.com/search?q=Desarrollador+Junior+Santiago%2C+Chile&ibp=htl;jobs'}
2026-02-24 17:36:15,291 | DEBUG | http://localhost:57134 "POST /session/5cc5e5690825237c0856d4d0b7603d27/url HTTP/1.1" 200 0
2026-02-24 17:36:15,293 | DEBUG | Remote response: status=200 | data={"value":null} | headers=HTTPHeaderDict({'Content-Length': '14', 'Content-Type': 'application/json; charset=utf-8', 'cache-control': 'no-cache'})
2026-02-24 17:36:15,293 | DEBUG | Finished Request
2026-02-24 17:36:19,295 | DEBUG | POST http://localhost:57134/session/5cc5e5690825237c0856d4d0b7603d27/elements {'using': 'css selector', 'value': 'div.EimVGf'}
2026-02-24 17:36:19,305 | DEBUG | http://localhost:57134 "POST /session/5cc5e5690825237c0856d4d0b7603d27/elements HTTP/1.1" 200 0
2026-02-24 17:36:19,305 | DEBUG | Remote response: status=200 | data={"value":[]} | headers=HTTPHeaderDict({'Content-Length': '12', 'Content-Type': 'application/json; charset=utf-8', 'cache-control': 'no-cache'})
2026-02-24 17:36:19,306 | DEBUG | Finished Request
2026-02-24 17:36:19,807 | DEBUG | POST http://localhost:57134/session/5cc5e5690825237c0856d4d0b7603d27/elements {'using': 'css selector', 'value': 'div.EimVGf'}
2026-02-24 17:36:19,814 | DEBUG | http://localhost:57134 "POST /session/5cc5e5690825237c0856d4d0b7603d27/elements HTTP/1.1" 200 0
2026-02-24 17:36:19,814 | DEBUG | Remote response: status=200 | data={"value":[]} | headers=HTTPHeaderDict({'Content-Length': '12', 'Content-Type': 'application/json; charset=utf-8', 'cache-control': 'no-cache'})
2026-02-24 17:36:19,815 | DEBUG | Finished Request
2026-02-24 17:36:20,315 | DEBUG | POST http://localhost:57134/session/5cc5e5690825237c0856d4d0b7603d27/elements {'using': 'css selector', 'value': 'div.EimVGf'}
2026-02-24 17:36:20,324 | DEBUG | http://localhost:57134 "POST /session/5cc5e5690825237c0856d4d0b7603d27/elements HTTP/1.1" 200 0
2026-02-24 17:36:20,324 | DEBUG | Remote response: status=200 | data={"value":[]} | headers=HTTPHeaderDict({'Content-Length': '12', 'Content-Type': 'application/json; charset=utf-8', 'cache-control': 'no-cache'})
2026-02-24 17:36:20,324 | DEBUG | Finished Request
2026-02-24 17:36:20,825 | DEBUG | POST http://localhost:57134/session/5cc5e5690825237c0856d4d0b7603d27/elements {'using': 'css selector', 'value': 'div.EimVGf'}
2026-02-24 17:36:20,833 | DEBUG | http://localhost:57134 "POST /session/5cc5e5690825237c0856d4d0b7603d27/elements HTTP/1.1" 200 0
2026-02-24 17:36:20,833 | DEBUG | Remote response: status=200 | data={"value":[]} | headers=HTTPHeaderDict({'Content-Length': '12', 'Content-Type': 'application/json; charset=utf-8', 'cache-control': 'no-cache'})
2026-02-24 17:36:20,833 | DEBUG | Finished Request
2026-02-24 17:36:21,334 | DEBUG | POST http://localhost:57134/session/5cc5e5690825237c0856d4d0b7603d27/elements {'using': 'css selector', 'value': 'div.EimVGf'}
2026-02-24 17:36:21,341 | DEBUG | http://localhost:57134 "POST /session/5cc5e5690825237c0856d4d0b7603d27/elements HTTP/1.1" 200 0
2026-02-24 17:36:21,342 | DEBUG | Remote response: status=200 | data={"value":[]} | headers=HTTPHeaderDict({'Content-Length': '12', 'Content-Type': 'application/json; charset=utf-8', 'cache-control': 'no-cache'})
2026-02-24 17:36:21,342 | DEBUG | Finished Request
2026-02-24 17:36:21,842 | DEBUG | POST http://localhost:57134/session/5cc5e5690825237c0856d4d0b7603d27/elements {'using': 'css selector', 'value': 'div.EimVGf'}
2026-02-24 17:36:21,850 | DEBUG | http://localhost:57134 "POST /session/5cc5e5690825237c0856d4d0b7603d27/elements HTTP/1.1" 200 0
2026-02-24 17:36:21,850 | DEBUG | Remote response: status=200 | data={"value":[]} | headers=HTTPHeaderDict({'Content-Length': '12', 'Content-Type': 'application/json; charset=utf-8', 'cache-control': 'no-cache'})
2026-02-24 17:36:21,851 | DEBUG | Finished Request
2026-02-24 17:36:22,352 | DEBUG | POST http://localhost:57134/session/5cc5e5690825237c0856d4d0b7603d27/elements {'using': 'css selector', 'value': 'div.EimVGf'}
2026-02-24 17:36:22,359 | DEBUG | http://localhost:57134 "POST /session/5cc5e5690825237c0856d4d0b7603d27/elements HTTP/1.1" 200 0
2026-02-24 17:36:22,359 | DEBUG | Remote response: status=200 | data={"value":[]} | headers=HTTPHeaderDict({'Content-Length': '12', 'Content-Type': 'application/json; charset=utf-8', 'cache-control': 'no-cache'})
2026-02-24 17:36:22,359 | DEBUG | Finished Request
2026-02-24 17:36:22,861 | DEBUG | POST http://localhost:57134/session/5cc5e5690825237c0856d4d0b7603d27/elements {'using': 'css selector', 'value': 'div.EimVGf'}
2026-02-24 17:36:22,867 | DEBUG | http://localhost:57134 "POST /session/5cc5e5690825237c0856d4d0b7603d27/elements HTTP/1.1" 200 0
2026-02-24 17:36:22,867 | DEBUG | Remote response: status=200 | data={"value":[]} | headers=HTTPHeaderDict({'Content-Length': '12', 'Content-Type': 'application/json; charset=utf-8', 'cache-control': 'no-cache'})
2026-02-24 17:36:22,868 | DEBUG | Finished Request
2026-02-24 17:36:23,369 | DEBUG | POST http://localhost:57134/session/5cc5e5690825237c0856d4d0b7603d27/elements {'using': 'css selector', 'value': 'div.EimVGf'}
2026-02-24 17:36:23,376 | DEBUG | http://localhost:57134 "POST /session/5cc5e5690825237c0856d4d0b7603d27/elements HTTP/1.1" 200 0
2026-02-24 17:36:23,377 | DEBUG | Remote response: status=200 | data={"value":[]} | headers=HTTPHeaderDict({'Content-Length': '12', 'Content-Type': 'application/json; charset=utf-8', 'cache-control': 'no-cache'})
2026-02-24 17:36:23,377 | DEBUG | Finished Request
2026-02-24 17:36:23,877 | DEBUG | POST http://localhost:57134/session/5cc5e5690825237c0856d4d0b7603d27/elements {'using': 'css selector', 'value': 'div.EimVGf'}
2026-02-24 17:36:23,885 | DEBUG | http://localhost:57134 "POST /session/5cc5e5690825237c0856d4d0b7603d27/elements HTTP/1.1" 200 0
2026-02-24 17:36:23,886 | DEBUG | Remote response: status=200 | data={"value":[]} | headers=HTTPHeaderDict({'Content-Length': '12', 'Content-Type': 'application/json; charset=utf-8', 'cache-control': 'no-cache'})
2026-02-24 17:36:23,886 | DEBUG | Finished Request
2026-02-24 17:36:24,386 | DEBUG | POST http://localhost:57134/session/5cc5e5690825237c0856d4d0b7603d27/elements {'using': 'css selector', 'value': 'div.EimVGf'}
2026-02-24 17:36:24,396 | DEBUG | http://localhost:57134 "POST /session/5cc5e5690825237c0856d4d0b7603d27/elements HTTP/1.1" 200 0
2026-02-24 17:36:24,396 | DEBUG | Remote response: status=200 | data={"value":[]} | headers=HTTPHeaderDict({'Content-Length': '12', 'Content-Type': 'application/json; charset=utf-8', 'cache-control': 'no-cache'})
2026-02-24 17:36:24,396 | DEBUG | Finished Request
2026-02-24 17:36:24,897 | DEBUG | POST http://localhost:57134/session/5cc5e5690825237c0856d4d0b7603d27/elements {'using': 'css selector', 'value': 'div.EimVGf'}
2026-02-24 17:36:24,904 | DEBUG | http://localhost:57134 "POST /session/5cc5e5690825237c0856d4d0b7603d27/elements HTTP/1.1" 200 0
2026-02-24 17:36:24,904 | DEBUG | Remote response: status=200 | data={"value":[]} | headers=HTTPHeaderDict({'Content-Length': '12', 'Content-Type': 'application/json; charset=utf-8', 'cache-control': 'no-cache'})
2026-02-24 17:36:24,905 | DEBUG | Finished Request
2026-02-24 17:36:25,406 | DEBUG | POST http://localhost:57134/session/5cc5e5690825237c0856d4d0b7603d27/elements {'using': 'css selector', 'value': 'div.EimVGf'}
2026-02-24 17:36:25,413 | DEBUG | http://localhost:57134 "POST /session/5cc5e5690825237c0856d4d0b7603d27/elements HTTP/1.1" 200 0
2026-02-24 17:36:25,413 | DEBUG | Remote response: status=200 | data={"value":[]} | headers=HTTPHeaderDict({'Content-Length': '12', 'Content-Type': 'application/json; charset=utf-8', 'cache-control': 'no-cache'})
2026-02-24 17:36:25,413 | DEBUG | Finished Request
2026-02-24 17:36:25,915 | DEBUG | POST http://localhost:57134/session/5cc5e5690825237c0856d4d0b7603d27/elements {'using': 'css selector', 'value': 'div.EimVGf'}
2026-02-24 17:36:25,921 | DEBUG | http://localhost:57134 "POST /session/5cc5e5690825237c0856d4d0b7603d27/elements HTTP/1.1" 200 0
2026-02-24 17:36:25,922 | DEBUG | Remote response: status=200 | data={"value":[]} | headers=HTTPHeaderDict({'Content-Length': '12', 'Content-Type': 'application/json; charset=utf-8', 'cache-control': 'no-cache'})
2026-02-24 17:36:25,922 | DEBUG | Finished Request
2026-02-24 17:36:26,423 | DEBUG | POST http://localhost:57134/session/5cc5e5690825237c0856d4d0b7603d27/elements {'using': 'css selector', 'value': 'div.EimVGf'}
2026-02-24 17:36:26,430 | DEBUG | http://localhost:57134 "POST /session/5cc5e5690825237c0856d4d0b7603d27/elements HTTP/1.1" 200 0
2026-02-24 17:36:26,430 | DEBUG | Remote response: status=200 | data={"value":[]} | headers=HTTPHeaderDict({'Content-Length': '12', 'Content-Type': 'application/json; charset=utf-8', 'cache-control': 'no-cache'})
2026-02-24 17:36:26,431 | DEBUG | Finished Request
2026-02-24 17:36:26,931 | DEBUG | POST http://localhost:57134/session/5cc5e5690825237c0856d4d0b7603d27/elements {'using': 'css selector', 'value': 'div.EimVGf'}
2026-02-24 17:36:26,940 | DEBUG | http://localhost:57134 "POST /session/5cc5e5690825237c0856d4d0b7603d27/elements HTTP/1.1" 200 0
2026-02-24 17:36:26,940 | DEBUG | Remote response: status=200 | data={"value":[]} | headers=HTTPHeaderDict({'Content-Length': '12', 'Content-Type': 'application/json; charset=utf-8', 'cache-control': 'no-cache'})
2026-02-24 17:36:26,941 | DEBUG | Finished Request
2026-02-24 17:36:27,442 | DEBUG | POST http://localhost:57134/session/5cc5e5690825237c0856d4d0b7603d27/elements {'using': 'css selector', 'value': 'div.EimVGf'}
2026-02-24 17:36:27,448 | DEBUG | http://localhost:57134 "POST /session/5cc5e5690825237c0856d4d0b7603d27/elements HTTP/1.1" 200 0
2026-02-24 17:36:27,449 | DEBUG | Remote response: status=200 | data={"value":[]} | headers=HTTPHeaderDict({'Content-Length': '12', 'Content-Type': 'application/json; charset=utf-8', 'cache-control': 'no-cache'})
2026-02-24 17:36:27,449 | DEBUG | Finished Request
2026-02-24 17:36:27,950 | DEBUG | POST http://localhost:57134/session/5cc5e5690825237c0856d4d0b7603d27/elements {'using': 'css selector', 'value': 'div.EimVGf'}
2026-02-24 17:36:27,957 | DEBUG | http://localhost:57134 "POST /session/5cc5e5690825237c0856d4d0b7603d27/elements HTTP/1.1" 200 0
2026-02-24 17:36:27,957 | DEBUG | Remote response: status=200 | data={"value":[]} | headers=HTTPHeaderDict({'Content-Length': '12', 'Content-Type': 'application/json; charset=utf-8', 'cache-control': 'no-cache'})
2026-02-24 17:36:27,957 | DEBUG | Finished Request
2026-02-24 17:36:28,458 | DEBUG | POST http://localhost:57134/session/5cc5e5690825237c0856d4d0b7603d27/elements {'using': 'css selector', 'value': 'div.EimVGf'}
2026-02-24 17:36:28,464 | DEBUG | http://localhost:57134 "POST /session/5cc5e5690825237c0856d4d0b7603d27/elements HTTP/1.1" 200 0
2026-02-24 17:36:28,464 | DEBUG | Remote response: status=200 | data={"value":[]} | headers=HTTPHeaderDict({'Content-Length': '12', 'Content-Type': 'application/json; charset=utf-8', 'cache-control': 'no-cache'})
2026-02-24 17:36:28,465 | DEBUG | Finished Request
2026-02-24 17:36:28,966 | DEBUG | POST http://localhost:57134/session/5cc5e5690825237c0856d4d0b7603d27/elements {'using': 'css selector', 'value': 'div.EimVGf'}
2026-02-24 17:36:28,973 | DEBUG | http://localhost:57134 "POST /session/5cc5e5690825237c0856d4d0b7603d27/elements HTTP/1.1" 200 0
2026-02-24 17:36:28,973 | DEBUG | Remote response: status=200 | data={"value":[]} | headers=HTTPHeaderDict({'Content-Length': '12', 'Content-Type': 'application/json; charset=utf-8', 'cache-control': 'no-cache'})
2026-02-24 17:36:28,974 | DEBUG | Finished Request
2026-02-24 17:36:29,474 | DEBUG | POST http://localhost:57134/session/5cc5e5690825237c0856d4d0b7603d27/elements {'using': 'css selector', 'value': 'div.EimVGf'}
2026-02-24 17:36:29,483 | DEBUG | http://localhost:57134 "POST /session/5cc5e5690825237c0856d4d0b7603d27/elements HTTP/1.1" 200 0
2026-02-24 17:36:29,484 | DEBUG | Remote response: status=200 | data={"value":[]} | headers=HTTPHeaderDict({'Content-Length': '12', 'Content-Type': 'application/json; charset=utf-8', 'cache-control': 'no-cache'})
2026-02-24 17:36:29,484 | DEBUG | Finished Request
2026-02-24 17:36:29,985 | DEBUG | POST http://localhost:57134/session/5cc5e5690825237c0856d4d0b7603d27/elements {'using': 'css selector', 'value': 'div.EimVGf'}
2026-02-24 17:36:29,992 | DEBUG | http://localhost:57134 "POST /session/5cc5e5690825237c0856d4d0b7603d27/elements HTTP/1.1" 200 0
2026-02-24 17:36:29,993 | DEBUG | Remote response: status=200 | data={"value":[]} | headers=HTTPHeaderDict({'Content-Length': '12', 'Content-Type': 'application/json; charset=utf-8', 'cache-control': 'no-cache'})
2026-02-24 17:36:29,993 | DEBUG | Finished Request
2026-02-24 17:36:30,494 | DEBUG | POST http://localhost:57134/session/5cc5e5690825237c0856d4d0b7603d27/elements {'using': 'css selector', 'value': 'div.EimVGf'}
2026-02-24 17:36:30,501 | DEBUG | http://localhost:57134 "POST /session/5cc5e5690825237c0856d4d0b7603d27/elements HTTP/1.1" 200 0
2026-02-24 17:36:30,501 | DEBUG | Remote response: status=200 | data={"value":[]} | headers=HTTPHeaderDict({'Content-Length': '12', 'Content-Type': 'application/json; charset=utf-8', 'cache-control': 'no-cache'})
2026-02-24 17:36:30,501 | DEBUG | Finished Request
2026-02-24 17:36:31,002 | DEBUG | POST http://localhost:57134/session/5cc5e5690825237c0856d4d0b7603d27/elements {'using': 'css selector', 'value': 'div.EimVGf'}
2026-02-24 17:36:31,009 | DEBUG | http://localhost:57134 "POST /session/5cc5e5690825237c0856d4d0b7603d27/elements HTTP/1.1" 200 0
2026-02-24 17:36:31,010 | DEBUG | Remote response: status=200 | data={"value":[]} | headers=HTTPHeaderDict({'Content-Length': '12', 'Content-Type': 'application/json; charset=utf-8', 'cache-control': 'no-cache'})
2026-02-24 17:36:31,010 | DEBUG | Finished Request
2026-02-24 17:36:31,511 | DEBUG | POST http://localhost:57134/session/5cc5e5690825237c0856d4d0b7603d27/elements {'using': 'css selector', 'value': 'div.EimVGf'}
2026-02-24 17:36:31,518 | DEBUG | http://localhost:57134 "POST /session/5cc5e5690825237c0856d4d0b7603d27/elements HTTP/1.1" 200 0
2026-02-24 17:36:31,518 | DEBUG | Remote response: status=200 | data={"value":[]} | headers=HTTPHeaderDict({'Content-Length': '12', 'Content-Type': 'application/json; charset=utf-8', 'cache-control': 'no-cache'})
2026-02-24 17:36:31,518 | DEBUG | Finished Request
2026-02-24 17:36:31,519 | DEBUG | GET http://localhost:57134/session/5cc5e5690825237c0856d4d0b7603d27/source {}
2026-02-24 17:36:31,523 | DEBUG | http://localhost:57134 "GET /session/5cc5e5690825237c0856d4d0b7603d27/source HTTP/1.1" 200 0
2026-02-24 17:36:31,523 | DEBUG | Remote response: status=200 | data={"value":"\u003Chtml dir=\"LTR\">\u003Chead>\u003Cmeta http-equiv=\"origin-trial\" content=\"A7vZI3v+Gz7JfuRolKNM4Aff6zaGuT7X0mf3wtoZTnKv6497cVMnhy03KDqX7kBz/q/iidW7srW31oQbBt4VhgoAAACUeyJvcmlnaW4iOiJodHRwczovL3d3dy5nb29nbGUuY29tOjQ0MyIsImZlYXR1cmUiOiJEaXNhYmxlVGhpcmRQYXJ0eVN0b3JhZ2VQYXJ0aXRpb25pbmczIiwiZXhwaXJ5IjoxNzU3OTgwODAwLCJpc1N1YmRvbWFpbiI6dHJ1ZSwiaXNUaGlyZFBhcnR5Ijp0cnVlfQ==\">\u003Cmeta http-equiv=\"content-type\" content=\"text/html; charset=utf-8\">\u003Cmeta name=\"viewport\" content=\"initial-scale=1\">\u003Ctitle>https://www.google.com/search?q=Desarrollador+Junior+Santiago,+Chile&amp;sei=vgueaZ2DBqyc1sQPnZe5wAU\u003C/title>\u003C/head>\n\u003Cbody style=\"font-family: arial, sans-serif; background-color: #fff; color: #000; padding:20px; font-size:18px; overscroll-behavior:contain;\" onload=\"e=document.getElementById('captcha');if(e){e.focus();} if(solveSimpleChallenge) {solveSimpleChallenge(0,0);}\">\n\u003Cdiv style=\"max-width:400px;\">\n\u003Chr noshade=\"\" size=\"1\" style=\"color:#ccc; background-color:#ccc;\">\u003Cbr>\n\u003Cform id=\"captcha-form\" action=\"index\" method=\"post\">\n\u003Cnoscript>\n\u003Cdiv style=\"font-size:13px;\">\nPara continuar, habilita JavaScript en tu navegador web.\n\u003C/div>\n\u003C/noscript>\n\u003Cscript type=\"text/javascript\" async=\"\" charset=\"utf-8\" src=\"https://www.gstatic.com/recaptcha/releases/P8cyHPrXODVy7ASorEhMUv3P/recaptcha__es_419.js\" crossorigin=\"anonymous\" integrity=\"sha384-7a7Jm3+FcS+O1RDx4voZua7gug5u2c1VX8rx8119fzbYJbfSJS+uFbA9ReyVH9/x\">\u003C/script>\u003Cscript src=\"https://www.google.com/recaptcha/enterprise.js\" async=\"\" defer=\"\">\u003C/script>\n\u003Cscript>var submitCallback = function(response) {document.getElementById('captcha-form').submit();};\u003C/script>\n\u003Cdiv id=\"recaptcha\" class=\"g-recaptcha\" data-sitekey=\"6LdLLIMbAAAAAIl-KLj9p1ePhM-4LCCDbjtJLqRO\" data-callback=\"submitCallback\" data-s=\"NXFV_WX1a81TZtut5We2Koj6OEQzd8BmGHWFoeq8tey5HTe3PT7rylCYWzeXEXuH7mORrdVpfU-nwVkfEeqB1zBvpSm7MCoymjUtU-vV2x1bnIHo5DZhTDB3OVvDK7tespu2ZXcvc6tHcdFHCI3pQHenvJ-vrjgPQwrFo150d4RjfjR5Bv773QWBFSyRiwci0b6N9enQtYkzUKMazxDtR-drNg4nJda9FbmwqnlkjIbu6-3xtmH6kMOBJ11GPEItqnMW9HKCuTfzLy-QTs_LF9EI2CVroDc\">\u003Cdiv style=\"width: 304px; height: 78px;\">\u003Cdiv>\u003Ciframe title=\"reCAPTCHA\" width=\"304\" height=\"78\" role=\"presentation\" name=\"a-8oryrndxs0rq\" frameborder=\"0\" scrolling=\"no\" sandbox=\"allow-forms allow-popups allow-same-origin allow-scripts allow-top-navigation allow-modals allow-popups-to-escape-sandbox allow-storage-access-by-user-activation\" src=\"https://www.google.com/recaptcha/enterprise/anchor?ar=1&amp;k=6LdLLIMbAAAAAIl-KLj9p1ePhM-4LCCDbjtJLqRO&amp;co=aHR0cHM6Ly93d3cuZ29vZ2xlLmNvbTo0NDM.&amp;hl=es-419&amp;v=P8cyHPrXODVy7ASorEhMUv3P&amp;size=normal&amp;s=NXFV_WX1a81TZtut5We2Koj6OEQzd8BmGHWFoeq8tey5HTe3PT7rylCYWzeXEXuH7mORrdVpfU-nwVkfEeqB1zBvpSm7MCoymjUtU-vV2x1bnIHo5DZhTDB3OVvDK7tespu2ZXcvc6tHcdFHCI3pQHenvJ-vrjgPQwrFo150d4RjfjR5Bv773QWBFSyRiwci0b6N9enQtYkzUKMazxDtR-drNg4nJda9FbmwqnlkjIbu6-3xtmH6kMOBJ11GPEItqnMW9HKCuTfzLy-QTs_LF9EI2CVroDc&amp;anchor-ms=20000&amp;execute-ms=30000&amp;cb=onsvuecke17i\">\u003C/iframe>\u003C/div>\u003Ctextarea id=\"g-recaptcha-response\" name=\"g-recaptcha-response\" class=\"g-recaptcha-response\" style=\"width: 250px; height: 40px; border: 1px solid rgb(193, 193, 193); margin: 10px 25px; padding: 0px; resize: none; display: none;\">\u003C/textarea>\u003C/div>\u003Ciframe style=\"display: none;\">\u003C/iframe>\u003C/div>\n\n\u003Cinput type=\"hidden\" name=\"q\" value=\"EgTIHYy0GL6X-MwGIjDy4ARL61min6qWNMAHdyLTFgqNJs7kNxiBe8lOFsBdG7DGgMGp6m_Rz-w47PtAgBYyAVJaAUM\">\u003Cinput type=\"hidden\" name=\"continue\" value=\"https://www.google.com/search?q=Desarrollador+Junior+Santiago,+Chile&amp;sei=vgueaZ2DBqyc1sQPnZe5wAU\">\n\u003C/form>\n\u003Chr noshade=\"\" size=\"1\" style=\"color:#ccc; background-color:#ccc;\">\n\u003Cdiv style=\"font-size:13px;\">\n\u003Cb>Acerca de esta página\u003C/b>\u003Cbr>\u003Cbr>\n\nNuestros sistemas han detectado tráfico inusual procedente de tu red de ordenadores. En esta página se comprueba si eres tú quien envía las solicitudes en lugar de un robot. \u003Ca href=\"#\" onclick=\"document.getElementById('infoDiv').style.display='block';\">¿A qué se debe esto?\u003C/a>\u003Cbr>\u003Cbr>\n\n\u003Cdiv id=\"infoDiv\" style=\"display:none; background-color:#eee; padding:10px; margin:0 0 15px 0; line-height:1.4em;\">\nEsta página aparece cuando Google detecta automáticamente solicitudes procedentes de tu red de ordenadores que parecen infringir las \u003Ca href=\"//www.google.com/policies/terms/\">Condiciones del servicio\u003C/a>. El bloqueo caducará poco después de que se detengan esas solicitudes. Mientras tanto, si solucionas la prueba CAPTCHA de arriba, podrás seguir utilizando nuestros servicios.\u003Cbr>\u003Cbr>Es posible que este tráfico proceda de software malintencionado, de un complemento del navegador o de una secuencia de comandos que envíe solicitudes automáticas. Si compartes tu conexión de red, pídele ayuda a tu administrador: puede que otro ordenador que utilice la misma dirección IP esté causando la incidencia. \u003Ca href=\"//support.google.com/websearch/answer/86640\">Más información\u003C/a>\u003Cbr>\u003Cbr>En ocasiones, es posible que tengas que solucionar la prueba CAPTCHA si utilizas términos avanzados que emplean los robots o si envías solicitudes con gran rapidez.\n\n\u003C/div>\n\u003Cbr>\u003Cdiv style=\"font-size:13px; line-break: anywhere;\">\nDirección IP: 200.29.140.180\u003Cbr>Hora: 2026-02-24T20:36:14Z\u003Cbr>URL: https://www.google.com/search?q=Desarrollador+Junior+Santiago,+Chile&amp;sei=vgueaZ2DBqyc1sQPnZe5wAU\u003Cbr>\n\u003C/div>\u003C/div>\u003C/div>\n\n\n\u003Cdiv style=\"background-color: rgb(255, 255, 255); border: 1px solid rgb(204, 204, 204); box-shadow: rgba(0, 0, 0, 0.2) 2px 2px 3px; position: absolute; transition: visibility linear 0.3s, opacity 0.3s linear; opacity: 0; visibility: hidden; z-index: 2000000000; left: 0px; top: -10000px;\">\u003Cdiv style=\"width: 100%; height: 100%; position: fixed; top: 0px; left: 0px; z-index: 2000000000; background-color: rgb(255, 255, 255); opacity: 0.05;\">\u003C/div>\u003Cdiv class=\"g-recaptcha-bubble-arrow\" style=\"border: 11px solid transparent; width: 0px; height: 0px; position: absolute; pointer-events: none; margin-top: -11px; z-index: 2000000000;\">\u003C/div>\u003Cdiv class=\"g-recaptcha-bubble-arrow\" style=\"border: 10px solid transparent; width: 0px; height: 0px; position: absolute; pointer-events: none; margin-top: -10px; z-index: 2000000000;\">\u003C/div>\u003Cdiv style=\"z-index: 2000000000; position: relative;\">\u003Ciframe title=\"el desafío de recaptcha caduca dentro de dos minutos\" name=\"c-8oryrndxs0rq\" frameborder=\"0\" scrolling=\"no\" sandbox=\"allow-forms allow-popups allow-same-origin allow-scripts allow-top-navigation allow-modals allow-popups-to-escape-sandbox allow-storage-access-by-user-activation\" src=\"https://www.google.com/recaptcha/enterprise/bframe?hl=es-419&amp;v=P8cyHPrXODVy7ASorEhMUv3P&amp;k=6LdLLIMbAAAAAIl-KLj9p1ePhM-4LCCDbjtJLqRO&amp;bft=0dAFcWeA7WC0ybv4Dm2c1NIJFi4UA7nEfXnqVpAYwiHakkuyz3XejIY7iKbk9BGSb5jjo8po3UesQAIDbVXVQVt5uHopT309okPA\" style=\"width: 100%; height: 100%;\">\u003C/iframe>\u003C/div>\u003C/div>\u003C/body>\u003C/html>"} | headers=HTTPHeaderDict({'Content-Length': '7395', 'Content-Type': 'application/json; charset=utf-8', 'cache-control': 'no-cache'})
2026-02-24 17:36:31,525 | DEBUG | Finished Request
2026-02-24 17:36:33,527 | DEBUG | DELETE http://localhost:57134/session/5cc5e5690825237c0856d4d0b7603d27 {}
2026-02-24 17:36:33,579 | DEBUG | http://localhost:57134 "DELETE /session/5cc5e5690825237c0856d4d0b7603d27 HTTP/1.1" 200 0
2026-02-24 17:36:33,579 | DEBUG | Remote response: status=200 | data={"value":null} | headers=HTTPHeaderDict({'Content-Length': '14', 'Content-Type': 'application/json; charset=utf-8', 'cache-control': 'no-cache'})
2026-02-24 17:36:33,580 | DEBUG | Finished Request
2026-02-24 17:36:40,211 | INFO | 🚀 Sistema DreamJob iniciado.
2026-02-24 17:36:42,975 | INFO | 🚀 Sistema DreamJob iniciado.
2026-02-24 17:36:43,081 | INFO | ====== WebDriver manager ======
2026-02-24 17:36:45,284 | INFO | Get LATEST chromedriver version for google-chrome
2026-02-24 17:36:45,287 | DEBUG | Starting new HTTPS connection (1): googlechromelabs.github.io:443
2026-02-24 17:36:45,762 | DEBUG | https://googlechromelabs.github.io:443 "GET /chrome-for-testing/latest-patch-versions-per-build.json HTTP/1.1" 200 15450
2026-02-24 17:36:45,797 | INFO | Get LATEST chromedriver version for google-chrome
2026-02-24 17:36:45,798 | DEBUG | Starting new HTTPS connection (1): googlechromelabs.github.io:443
2026-02-24 17:36:46,261 | DEBUG | https://googlechromelabs.github.io:443 "GET /chrome-for-testing/latest-patch-versions-per-build.json HTTP/1.1" 200 15450
2026-02-24 17:36:46,295 | INFO | Driver [C:\Users\Soporte\.wdm\drivers\chromedriver\win64\133.0.6943.141\chromedriver-win32/chromedriver.exe] found in cache
2026-02-24 17:36:46,296 | DEBUG | Skipping Selenium Manager; path to chrome driver specified in Service class: C:\Users\Soporte\.wdm\drivers\chromedriver\win64\133.0.6943.141\chromedriver-win32/chromedriver.exe
2026-02-24 17:36:46,303 | DEBUG | Started executable: `C:\Users\Soporte\.wdm\drivers\chromedriver\win64\133.0.6943.141\chromedriver-win32/chromedriver.exe` in a child process with pid: 11228 using 0 to output -3
2026-02-24 17:36:46,434 | DEBUG | POST http://localhost:54470/session {'capabilities': {'firstMatch': [{}], 'alwaysMatch': {'browserName': 'chrome', 'pageLoadStrategy': <PageLoadStrategy.normal: 'normal'>, 'goog:chromeOptions': {'excludeSwitches': ['enable-automation'], 'useAutomationExtension': False, 'extensions': [], 'args': ['--disable-blink-features=AutomationControlled']}}}}
2026-02-24 17:36:46,434 | DEBUG | Starting new HTTP connection (1): localhost:54470
2026-02-24 17:36:47,316 | DEBUG | http://localhost:54470 "POST /session HTTP/1.1" 200 0
2026-02-24 17:36:47,317 | DEBUG | Remote response: status=200 | data={"value":{"capabilities":{"acceptInsecureCerts":false,"browserName":"chrome","browserVersion":"133.0.6943.142","chrome":{"chromedriverVersion":"133.0.6943.141 (2a5d6da0d6165d7b107502095a937fe7704fcef6-refs/branch-heads/6943@{#1912})","userDataDir":"C:\\Users\\Soporte\\AppData\\Local\\Temp\\scoped_dir11228_170750326"},"fedcm:accounts":true,"goog:chromeOptions":{"debuggerAddress":"localhost:54473"},"networkConnectionEnabled":false,"pageLoadStrategy":"normal","platformName":"windows","proxy":{},"setWindowRect":true,"strictFileInteractability":false,"timeouts":{"implicit":0,"pageLoad":300000,"script":30000},"unhandledPromptBehavior":"dismiss and notify","webauthn:extension:credBlob":true,"webauthn:extension:largeBlob":true,"webauthn:extension:minPinLength":true,"webauthn:extension:prf":true,"webauthn:virtualAuthenticators":true},"sessionId":"150f75b7a44e916bc6fd08d23d1c32c4"}} | headers=HTTPHeaderDict({'Content-Length': '885', 'Content-Type': 'application/json; charset=utf-8', 'cache-control': 'no-cache'})
2026-02-24 17:36:47,317 | DEBUG | Finished Request
2026-02-24 17:36:47,318 | DEBUG | POST http://localhost:54470/session/150f75b7a44e916bc6fd08d23d1c32c4/goog/cdp/execute {'cmd': 'Page.addScriptToEvaluateOnNewDocument', 'params': {'source': "Object.defineProperty(navigator, 'webdriver', {get: () => undefined})"}}
2026-02-24 17:36:47,322 | DEBUG | http://localhost:54470 "POST /session/150f75b7a44e916bc6fd08d23d1c32c4/goog/cdp/execute HTTP/1.1" 200 0
2026-02-24 17:36:47,323 | DEBUG | Remote response: status=200 | data={"value":{"identifier":"2"}} | headers=HTTPHeaderDict({'Content-Length': '28', 'Content-Type': 'application/json; charset=utf-8', 'cache-control': 'no-cache'})
2026-02-24 17:36:47,323 | DEBUG | Finished Request
2026-02-24 17:36:47,325 | DEBUG | POST http://localhost:54470/session/150f75b7a44e916bc6fd08d23d1c32c4/url {'url': 'https://www.google.com/search?q=Desarrollador+Junior+Santiago%2C+Chile&ibp=htl;jobs'}
2026-02-24 17:36:47,682 | DEBUG | http://localhost:54470 "POST /session/150f75b7a44e916bc6fd08d23d1c32c4/url HTTP/1.1" 200 0
2026-02-24 17:36:47,682 | DEBUG | Remote response: status=200 | data={"value":null} | headers=HTTPHeaderDict({'Content-Length': '14', 'Content-Type': 'application/json; charset=utf-8', 'cache-control': 'no-cache'})
2026-02-24 17:36:47,683 | DEBUG | Finished Request
2026-02-24 17:36:51,684 | DEBUG | POST http://localhost:54470/session/150f75b7a44e916bc6fd08d23d1c32c4/elements {'using': 'css selector', 'value': 'div.EimVGf'}
2026-02-24 17:36:51,697 | DEBUG | http://localhost:54470 "POST /session/150f75b7a44e916bc6fd08d23d1c32c4/elements HTTP/1.1" 200 0
2026-02-24 17:36:51,698 | DEBUG | Remote response: status=200 | data={"value":[{"element-6066-11e4-a52e-4f735466cecf":"f.710CB79565C48EA30B5A9EAEEFDAEF67.d.9222C0B646B9166C7B1C648A4E137E05.e.36"},{"element-6066-11e4-a52e-4f735466cecf":"f.710CB79565C48EA30B5A9EAEEFDAEF67.d.9222C0B646B9166C7B1C648A4E137E05.e.37"},{"element-6066-11e4-a52e-4f735466cecf":"f.710CB79565C48EA30B5A9EAEEFDAEF67.d.9222C0B646B9166C7B1C648A4E137E05.e.38"},{"element-6066-11e4-a52e-4f735466cecf":"f.710CB79565C48EA30B5A9EAEEFDAEF67.d.9222C0B646B9166C7B1C648A4E137E05.e.39"},{"element-6066-11e4-a52e-4f735466cecf":"f.710CB79565C48EA30B5A9EAEEFDAEF67.d.9222C0B646B9166C7B1C648A4E137E05.e.40"},{"element-6066-11e4-a52e-4f735466cecf":"f.710CB79565C48EA30B5A9EAEEFDAEF67.d.9222C0B646B9166C7B1C648A4E137E05.e.41"},{"element-6066-11e4-a52e-4f735466cecf":"f.710CB79565C48EA30B5A9EAEEFDAEF67.d.9222C0B646B9166C7B1C648A4E137E05.e.42"},{"element-6066-11e4-a52e-4f735466cecf":"f.710CB79565C48EA30B5A9EAEEFDAEF67.d.9222C0B646B9166C7B1C648A4E137E05.e.43"},{"element-6066-11e4-a52e-4f735466cecf":"f.710CB79565C48EA30B5A9EAEEFDAEF67.d.9222C0B646B9166C7B1C648A4E137E05.e.44"},{"element-6066-11e4-a52e-4f735466cecf":"f.710CB79565C48EA30B5A9EAEEFDAEF67.d.9222C0B646B9166C7B1C648A4E137E05.e.45"}]} | headers=HTTPHeaderDict({'Content-Length': '1181', 'Content-Type': 'application/json; charset=utf-8', 'cache-control': 'no-cache'})
2026-02-24 17:36:51,698 | DEBUG | Finished Request
2026-02-24 17:36:51,698 | DEBUG | POST http://localhost:54470/session/150f75b7a44e916bc6fd08d23d1c32c4/elements {'using': 'css selector', 'value': 'div.EimVGf'}
2026-02-24 17:36:51,709 | DEBUG | http://localhost:54470 "POST /session/150f75b7a44e916bc6fd08d23d1c32c4/elements HTTP/1.1" 200 0
2026-02-24 17:36:51,709 | DEBUG | Remote response: status=200 | data={"value":[{"element-6066-11e4-a52e-4f735466cecf":"f.710CB79565C48EA30B5A9EAEEFDAEF67.d.9222C0B646B9166C7B1C648A4E137E05.e.36"},{"element-6066-11e4-a52e-4f735466cecf":"f.710CB79565C48EA30B5A9EAEEFDAEF67.d.9222C0B646B9166C7B1C648A4E137E05.e.37"},{"element-6066-11e4-a52e-4f735466cecf":"f.710CB79565C48EA30B5A9EAEEFDAEF67.d.9222C0B646B9166C7B1C648A4E137E05.e.38"},{"element-6066-11e4-a52e-4f735466cecf":"f.710CB79565C48EA30B5A9EAEEFDAEF67.d.9222C0B646B9166C7B1C648A4E137E05.e.39"},{"element-6066-11e4-a52e-4f735466cecf":"f.710CB79565C48EA30B5A9EAEEFDAEF67.d.9222C0B646B9166C7B1C648A4E137E05.e.40"},{"element-6066-11e4-a52e-4f735466cecf":"f.710CB79565C48EA30B5A9EAEEFDAEF67.d.9222C0B646B9166C7B1C648A4E137E05.e.41"},{"element-6066-11e4-a52e-4f735466cecf":"f.710CB79565C48EA30B5A9EAEEFDAEF67.d.9222C0B646B9166C7B1C648A4E137E05.e.42"},{"element-6066-11e4-a52e-4f735466cecf":"f.710CB79565C48EA30B5A9EAEEFDAEF67.d.9222C0B646B9166C7B1C648A4E137E05.e.43"},{"element-6066-11e4-a52e-4f735466cecf":"f.710CB79565C48EA30B5A9EAEEFDAEF67.d.9222C0B646B9166C7B1C648A4E137E05.e.44"},{"element-6066-11e4-a52e-4f735466cecf":"f.710CB79565C48EA30B5A9EAEEFDAEF67.d.9222C0B646B9166C7B1C648A4E137E05.e.45"}]} | headers=HTTPHeaderDict({'Content-Length': '1181', 'Content-Type': 'application/json; charset=utf-8', 'cache-control': 'no-cache'})
2026-02-24 17:36:51,709 | DEBUG | Finished Request
2026-02-24 17:36:51,712 | DEBUG | POST http://localhost:54470/session/150f75b7a44e916bc6fd08d23d1c32c4/frame {'id': None}
2026-02-24 17:36:51,715 | DEBUG | http://localhost:54470 "POST /session/150f75b7a44e916bc6fd08d23d1c32c4/frame HTTP/1.1" 200 0
2026-02-24 17:36:51,715 | DEBUG | Remote response: status=200 | data={"value":null} | headers=HTTPHeaderDict({'Content-Length': '14', 'Content-Type': 'application/json; charset=utf-8', 'cache-control': 'no-cache'})
2026-02-24 17:36:51,715 | DEBUG | Finished Request
2026-02-24 17:36:51,716 | DEBUG | POST http://localhost:54470/session/150f75b7a44e916bc6fd08d23d1c32c4/elements {'using': 'css selector', 'value': 'div.EimVGf'}
2026-02-24 17:36:51,732 | DEBUG | http://localhost:54470 "POST /session/150f75b7a44e916bc6fd08d23d1c32c4/elements HTTP/1.1" 200 0
2026-02-24 17:36:51,732 | DEBUG | Remote response: status=200 | data={"value":[{"element-6066-11e4-a52e-4f735466cecf":"f.710CB79565C48EA30B5A9EAEEFDAEF67.d.9222C0B646B9166C7B1C648A4E137E05.e.36"},{"element-6066-11e4-a52e-4f735466cecf":"f.710CB79565C48EA30B5A9EAEEFDAEF67.d.9222C0B646B9166C7B1C648A4E137E05.e.37"},{"element-6066-11e4-a52e-4f735466cecf":"f.710CB79565C48EA30B5A9EAEEFDAEF67.d.9222C0B646B9166C7B1C648A4E137E05.e.38"},{"element-6066-11e4-a52e-4f735466cecf":"f.710CB79565C48EA30B5A9EAEEFDAEF67.d.9222C0B646B9166C7B1C648A4E137E05.e.39"},{"element-6066-11e4-a52e-4f735466cecf":"f.710CB79565C48EA30B5A9EAEEFDAEF67.d.9222C0B646B9166C7B1C648A4E137E05.e.40"},{"element-6066-11e4-a52e-4f735466cecf":"f.710CB79565C48EA30B5A9EAEEFDAEF67.d.9222C0B646B9166C7B1C648A4E137E05.e.41"},{"element-6066-11e4-a52e-4f735466cecf":"f.710CB79565C48EA30B5A9EAEEFDAEF67.d.9222C0B646B9166C7B1C648A4E137E05.e.42"},{"element-6066-11e4-a52e-4f735466cecf":"f.710CB79565C48EA30B5A9EAEEFDAEF67.d.9222C0B646B9166C7B1C648A4E137E05.e.43"},{"element-6066-11e4-a52e-4f735466cecf":"f.710CB79565C48EA30B5A9EAEEFDAEF67.d.9222C0B646B9166C7B1C648A4E137E05.e.44"},{"element-6066-11e4-a52e-4f735466cecf":"f.710CB79565C48EA30B5A9EAEEFDAEF67.d.9222C0B646B9166C7B1C648A4E137E05.e.45"}]} | headers=HTTPHeaderDict({'Content-Length': '1181', 'Content-Type': 'application/json; charset=utf-8', 'cache-control': 'no-cache'})
2026-02-24 17:36:51,732 | DEBUG | Finished Request
2026-02-24 17:36:51,733 | DEBUG | POST http://localhost:54470/session/150f75b7a44e916bc6fd08d23d1c32c4/execute/sync {'script': 'return arguments[0].innerText;', 'args': [{'element-6066-11e4-a52e-4f735466cecf': 'f.710CB79565C48EA30B5A9EAEEFDAEF67.d.9222C0B646B9166C7B1C648A4E137E05.e.36'}]}
2026-02-24 17:36:51,743 | DEBUG | http://localhost:54470 "POST /session/150f75b7a44e916bc6fd08d23d1c32c4/execute/sync HTTP/1.1" 200 0
2026-02-24 17:36:51,743 | DEBUG | Remote response: status=200 | data={"value":"DESARROLLADOR FULL STACK – JUNIOR\nAxity\nSantiago • a través de Indeed Chile\nhace 1 día\nTiempo completo"} | headers=HTTPHeaderDict({'Content-Length': '124', 'Content-Type': 'application/json; charset=utf-8', 'cache-control': 'no-cache'})
2026-02-24 17:36:51,744 | DEBUG | Finished Request
2026-02-24 17:36:51,744 | DEBUG | POST http://localhost:54470/session/150f75b7a44e916bc6fd08d23d1c32c4/execute/sync {'script': "arguments[0].scrollIntoView({block:'center'});", 'args': [{'element-6066-11e4-a52e-4f735466cecf': 'f.710CB79565C48EA30B5A9EAEEFDAEF67.d.9222C0B646B9166C7B1C648A4E137E05.e.36'}]}
2026-02-24 17:36:51,754 | DEBUG | http://localhost:54470 "POST /session/150f75b7a44e916bc6fd08d23d1c32c4/execute/sync HTTP/1.1" 200 0
2026-02-24 17:36:51,754 | DEBUG | Remote response: status=200 | data={"value":null} | headers=HTTPHeaderDict({'Content-Length': '14', 'Content-Type': 'application/json; charset=utf-8', 'cache-control': 'no-cache'})
2026-02-24 17:36:51,754 | DEBUG | Finished Request
2026-02-24 17:36:52,055 | DEBUG | POST http://localhost:54470/session/150f75b7a44e916bc6fd08d23d1c32c4/execute/sync {'script': '\n        const bloque = arguments[0];\n        // Buscar hijo con jsaction (el elemento que recibe el...', 'args': [{'element-6066-11e4-a52e-4f735466cecf': 'f.710CB79565C48EA30B5A9EAEEFDAEF67.d.9222C0B646B9166C7B1C648A4E137E05.e.36'}]}
2026-02-24 17:36:52,106 | DEBUG | http://localhost:54470 "POST /session/150f75b7a44e916bc6fd08d23d1c32c4/execute/sync HTTP/1.1" 200 0
2026-02-24 17:36:52,106 | DEBUG | Remote response: status=200 | data={"value":"OK:jsaction:rcuQ6b:npT2md;h5M12e;jGQF0b:kNqZ1c;"} | headers=HTTPHeaderDict({'Content-Length': '59', 'Content-Type': 'application/json; charset=utf-8', 'cache-control': 'no-cache'})
2026-02-24 17:36:52,106 | DEBUG | Finished Request
2026-02-24 17:36:52,108 | DEBUG | GET http://localhost:54470/session/150f75b7a44e916bc6fd08d23d1c32c4/url {}
2026-02-24 17:36:52,194 | DEBUG | http://localhost:54470 "GET /session/150f75b7a44e916bc6fd08d23d1c32c4/url HTTP/1.1" 200 0
2026-02-24 17:36:52,194 | DEBUG | Remote response: status=200 | data={"value":"https://www.google.com/search?q=Desarrollador+Junior+Santiago,+Chile&udm=8&sei=3wueaZLoG7Gh1sQP_8HTqAg&jbr=sep:0#vhid=vt%3D20/docid%3DD6aGWCb2yreaYroyAAAAAA%3D%3D&vssid=jobs-detail-viewer"} | headers=HTTPHeaderDict({'Content-Length': '199', 'Content-Type': 'application/json; charset=utf-8', 'cache-control': 'no-cache'})
2026-02-24 17:36:52,195 | DEBUG | Finished Request
2026-02-24 17:36:52,596 | DEBUG | GET http://localhost:54470/session/150f75b7a44e916bc6fd08d23d1c32c4/url {}
2026-02-24 17:36:52,603 | DEBUG | http://localhost:54470 "GET /session/150f75b7a44e916bc6fd08d23d1c32c4/url HTTP/1.1" 200 0
2026-02-24 17:36:52,603 | DEBUG | Remote response: status=200 | data={"value":"https://www.google.com/search?q=Desarrollador+Junior+Santiago,+Chile&udm=8&sei=3wueaZLoG7Gh1sQP_8HTqAg&jbr=sep:0#vhid=vt%3D20/docid%3DD6aGWCb2yreaYroyAAAAAA%3D%3D&vssid=jobs-detail-viewer"} | headers=HTTPHeaderDict({'Content-Length': '199', 'Content-Type': 'application/json; charset=utf-8', 'cache-control': 'no-cache'})
2026-02-24 17:36:52,604 | DEBUG | Finished Request
2026-02-24 17:36:53,004 | DEBUG | GET http://localhost:54470/session/150f75b7a44e916bc6fd08d23d1c32c4/url {}
2026-02-24 17:36:53,010 | DEBUG | http://localhost:54470 "GET /session/150f75b7a44e916bc6fd08d23d1c32c4/url HTTP/1.1" 200 0
2026-02-24 17:36:53,010 | DEBUG | Remote response: status=200 | data={"value":"https://www.google.com/search?q=Desarrollador+Junior+Santiago,+Chile&udm=8&sei=3wueaZLoG7Gh1sQP_8HTqAg&jbr=sep:0#vhid=vt%3D20/docid%3DD6aGWCb2yreaYroyAAAAAA%3D%3D&vssid=jobs-detail-viewer"} | headers=HTTPHeaderDict({'Content-Length': '199', 'Content-Type': 'application/json; charset=utf-8', 'cache-control': 'no-cache'})
2026-02-24 17:36:53,011 | DEBUG | Finished Request
2026-02-24 17:36:53,412 | DEBUG | GET http://localhost:54470/session/150f75b7a44e916bc6fd08d23d1c32c4/url {}
2026-02-24 17:36:53,418 | DEBUG | http://localhost:54470 "GET /session/150f75b7a44e916bc6fd08d23d1c32c4/url HTTP/1.1" 200 0
2026-02-24 17:36:53,419 | DEBUG | Remote response: status=200 | data={"value":"https://www.google.com/search?q=Desarrollador+Junior+Santiago,+Chile&udm=8&sei=3wueaZLoG7Gh1sQP_8HTqAg&jbr=sep:0#vhid=vt%3D20/docid%3DD6aGWCb2yreaYroyAAAAAA%3D%3D&vssid=jobs-detail-viewer"} | headers=HTTPHeaderDict({'Content-Length': '199', 'Content-Type': 'application/json; charset=utf-8', 'cache-control': 'no-cache'})
2026-02-24 17:36:53,419 | DEBUG | Finished Request
2026-02-24 17:36:53,820 | DEBUG | GET http://localhost:54470/session/150f75b7a44e916bc6fd08d23d1c32c4/url {}
2026-02-24 17:36:53,826 | DEBUG | http://localhost:54470 "GET /session/150f75b7a44e916bc6fd08d23d1c32c4/url HTTP/1.1" 200 0
2026-02-24 17:36:53,826 | DEBUG | Remote response: status=200 | data={"value":"https://www.google.com/search?q=Desarrollador+Junior+Santiago,+Chile&udm=8&sei=3wueaZLoG7Gh1sQP_8HTqAg&jbr=sep:0#vhid=vt%3D20/docid%3DD6aGWCb2yreaYroyAAAAAA%3D%3D&vssid=jobs-detail-viewer"} | headers=HTTPHeaderDict({'Content-Length': '199', 'Content-Type': 'application/json; charset=utf-8', 'cache-control': 'no-cache'})
2026-02-24 17:36:53,826 | DEBUG | Finished Request
2026-02-24 17:36:54,227 | DEBUG | GET http://localhost:54470/session/150f75b7a44e916bc6fd08d23d1c32c4/url {}
2026-02-24 17:36:54,234 | DEBUG | http://localhost:54470 "GET /session/150f75b7a44e916bc6fd08d23d1c32c4/url HTTP/1.1" 200 0
2026-02-24 17:36:54,234 | DEBUG | Remote response: status=200 | data={"value":"https://www.google.com/search?q=Desarrollador+Junior+Santiago,+Chile&udm=8&sei=3wueaZLoG7Gh1sQP_8HTqAg&jbr=sep:0#vhid=vt%3D20/docid%3DD6aGWCb2yreaYroyAAAAAA%3D%3D&vssid=jobs-detail-viewer"} | headers=HTTPHeaderDict({'Content-Length': '199', 'Content-Type': 'application/json; charset=utf-8', 'cache-control': 'no-cache'})
2026-02-24 17:36:54,235 | DEBUG | Finished Request
2026-02-24 17:36:54,636 | DEBUG | GET http://localhost:54470/session/150f75b7a44e916bc6fd08d23d1c32c4/url {}
2026-02-24 17:36:54,642 | DEBUG | http://localhost:54470 "GET /session/150f75b7a44e916bc6fd08d23d1c32c4/url HTTP/1.1" 200 0
2026-02-24 17:36:54,642 | DEBUG | Remote response: status=200 | data={"value":"https://www.google.com/search?q=Desarrollador+Junior+Santiago,+Chile&udm=8&sei=3wueaZLoG7Gh1sQP_8HTqAg&jbr=sep:0#vhid=vt%3D20/docid%3DD6aGWCb2yreaYroyAAAAAA%3D%3D&vssid=jobs-detail-viewer"} | headers=HTTPHeaderDict({'Content-Length': '199', 'Content-Type': 'application/json; charset=utf-8', 'cache-control': 'no-cache'})
2026-02-24 17:36:54,642 | DEBUG | Finished Request
2026-02-24 17:36:55,043 | DEBUG | GET http://localhost:54470/session/150f75b7a44e916bc6fd08d23d1c32c4/url {}
2026-02-24 17:36:55,050 | DEBUG | http://localhost:54470 "GET /session/150f75b7a44e916bc6fd08d23d1c32c4/url HTTP/1.1" 200 0
2026-02-24 17:36:55,050 | DEBUG | Remote response: status=200 | data={"value":"https://www.google.com/search?q=Desarrollador+Junior+Santiago,+Chile&udm=8&sei=3wueaZLoG7Gh1sQP_8HTqAg&jbr=sep:0#vhid=vt%3D20/docid%3DD6aGWCb2yreaYroyAAAAAA%3D%3D&vssid=jobs-detail-viewer"} | headers=HTTPHeaderDict({'Content-Length': '199', 'Content-Type': 'application/json; charset=utf-8', 'cache-control': 'no-cache'})
2026-02-24 17:36:55,050 | DEBUG | Finished Request
2026-02-24 17:36:55,452 | DEBUG | GET http://localhost:54470/session/150f75b7a44e916bc6fd08d23d1c32c4/url {}
2026-02-24 17:36:55,457 | DEBUG | http://localhost:54470 "GET /session/150f75b7a44e916bc6fd08d23d1c32c4/url HTTP/1.1" 200 0
2026-02-24 17:36:55,458 | DEBUG | Remote response: status=200 | data={"value":"https://www.google.com/search?q=Desarrollador+Junior+Santiago,+Chile&udm=8&sei=3wueaZLoG7Gh1sQP_8HTqAg&jbr=sep:0#vhid=vt%3D20/docid%3DD6aGWCb2yreaYroyAAAAAA%3D%3D&vssid=jobs-detail-viewer"} | headers=HTTPHeaderDict({'Content-Length': '199', 'Content-Type': 'application/json; charset=utf-8', 'cache-control': 'no-cache'})
2026-02-24 17:36:55,458 | DEBUG | Finished Request
2026-02-24 17:36:55,859 | DEBUG | GET http://localhost:54470/session/150f75b7a44e916bc6fd08d23d1c32c4/url {}
2026-02-24 17:36:55,865 | DEBUG | http://localhost:54470 "GET /session/150f75b7a44e916bc6fd08d23d1c32c4/url HTTP/1.1" 200 0
2026-02-24 17:36:55,865 | DEBUG | Remote response: status=200 | data={"value":"https://www.google.com/search?q=Desarrollador+Junior+Santiago,+Chile&udm=8&sei=3wueaZLoG7Gh1sQP_8HTqAg&jbr=sep:0#vhid=vt%3D20/docid%3DD6aGWCb2yreaYroyAAAAAA%3D%3D&vssid=jobs-detail-viewer"} | headers=HTTPHeaderDict({'Content-Length': '199', 'Content-Type': 'application/json; charset=utf-8', 'cache-control': 'no-cache'})
2026-02-24 17:36:55,865 | DEBUG | Finished Request
2026-02-24 17:36:56,266 | DEBUG | GET http://localhost:54470/session/150f75b7a44e916bc6fd08d23d1c32c4/url {}
2026-02-24 17:36:56,272 | DEBUG | http://localhost:54470 "GET /session/150f75b7a44e916bc6fd08d23d1c32c4/url HTTP/1.1" 200 0
2026-02-24 17:36:56,272 | DEBUG | Remote response: status=200 | data={"value":"https://www.google.com/search?q=Desarrollador+Junior+Santiago,+Chile&udm=8&sei=3wueaZLoG7Gh1sQP_8HTqAg&jbr=sep:0#vhid=vt%3D20/docid%3DD6aGWCb2yreaYroyAAAAAA%3D%3D&vssid=jobs-detail-viewer"} | headers=HTTPHeaderDict({'Content-Length': '199', 'Content-Type': 'application/json; charset=utf-8', 'cache-control': 'no-cache'})
2026-02-24 17:36:56,273 | DEBUG | Finished Request
2026-02-24 17:36:56,674 | DEBUG | GET http://localhost:54470/session/150f75b7a44e916bc6fd08d23d1c32c4/url {}
2026-02-24 17:36:56,680 | DEBUG | http://localhost:54470 "GET /session/150f75b7a44e916bc6fd08d23d1c32c4/url HTTP/1.1" 200 0
2026-02-24 17:36:56,680 | DEBUG | Remote response: status=200 | data={"value":"https://www.google.com/search?q=Desarrollador+Junior+Santiago,+Chile&udm=8&sei=3wueaZLoG7Gh1sQP_8HTqAg&jbr=sep:0#vhid=vt%3D20/docid%3DD6aGWCb2yreaYroyAAAAAA%3D%3D&vssid=jobs-detail-viewer"} | headers=HTTPHeaderDict({'Content-Length': '199', 'Content-Type': 'application/json; charset=utf-8', 'cache-control': 'no-cache'})
2026-02-24 17:36:56,680 | DEBUG | Finished Request
2026-02-24 17:36:57,081 | DEBUG | GET http://localhost:54470/session/150f75b7a44e916bc6fd08d23d1c32c4/url {}
2026-02-24 17:36:57,087 | DEBUG | http://localhost:54470 "GET /session/150f75b7a44e916bc6fd08d23d1c32c4/url HTTP/1.1" 200 0
2026-02-24 17:36:57,087 | DEBUG | Remote response: status=200 | data={"value":"https://www.google.com/search?q=Desarrollador+Junior+Santiago,+Chile&udm=8&sei=3wueaZLoG7Gh1sQP_8HTqAg&jbr=sep:0#vhid=vt%3D20/docid%3DD6aGWCb2yreaYroyAAAAAA%3D%3D&vssid=jobs-detail-viewer"} | headers=HTTPHeaderDict({'Content-Length': '199', 'Content-Type': 'application/json; charset=utf-8', 'cache-control': 'no-cache'})
2026-02-24 17:36:57,087 | DEBUG | Finished Request
2026-02-24 17:36:57,488 | DEBUG | GET http://localhost:54470/session/150f75b7a44e916bc6fd08d23d1c32c4/url {}
2026-02-24 17:36:57,492 | DEBUG | http://localhost:54470 "GET /session/150f75b7a44e916bc6fd08d23d1c32c4/url HTTP/1.1" 200 0
2026-02-24 17:36:57,492 | DEBUG | Remote response: status=200 | data={"value":"https://www.google.com/search?q=Desarrollador+Junior+Santiago,+Chile&udm=8&sei=3wueaZLoG7Gh1sQP_8HTqAg&jbr=sep:0#vhid=vt%3D20/docid%3DD6aGWCb2yreaYroyAAAAAA%3D%3D&vssid=jobs-detail-viewer"} | headers=HTTPHeaderDict({'Content-Length': '199', 'Content-Type': 'application/json; charset=utf-8', 'cache-control': 'no-cache'})
2026-02-24 17:36:57,493 | DEBUG | Finished Request
2026-02-24 17:36:57,894 | DEBUG | GET http://localhost:54470/session/150f75b7a44e916bc6fd08d23d1c32c4/url {}
2026-02-24 17:36:57,900 | DEBUG | http://localhost:54470 "GET /session/150f75b7a44e916bc6fd08d23d1c32c4/url HTTP/1.1" 200 0
2026-02-24 17:36:57,900 | DEBUG | Remote response: status=200 | data={"value":"https://www.google.com/search?q=Desarrollador+Junior+Santiago,+Chile&udm=8&sei=3wueaZLoG7Gh1sQP_8HTqAg&jbr=sep:0#vhid=vt%3D20/docid%3DD6aGWCb2yreaYroyAAAAAA%3D%3D&vssid=jobs-detail-viewer"} | headers=HTTPHeaderDict({'Content-Length': '199', 'Content-Type': 'application/json; charset=utf-8', 'cache-control': 'no-cache'})
2026-02-24 17:36:57,901 | DEBUG | Finished Request
2026-02-24 17:36:58,301 | DEBUG | GET http://localhost:54470/session/150f75b7a44e916bc6fd08d23d1c32c4/url {}
2026-02-24 17:36:58,306 | DEBUG | http://localhost:54470 "GET /session/150f75b7a44e916bc6fd08d23d1c32c4/url HTTP/1.1" 200 0
2026-02-24 17:36:58,306 | DEBUG | Remote response: status=200 | data={"value":"https://www.google.com/search?q=Desarrollador+Junior+Santiago,+Chile&udm=8&sei=3wueaZLoG7Gh1sQP_8HTqAg&jbr=sep:0#vhid=vt%3D20/docid%3DD6aGWCb2yreaYroyAAAAAA%3D%3D&vssid=jobs-detail-viewer"} | headers=HTTPHeaderDict({'Content-Length': '199', 'Content-Type': 'application/json; charset=utf-8', 'cache-control': 'no-cache'})
2026-02-24 17:36:58,307 | DEBUG | Finished Request
2026-02-24 17:36:58,708 | DEBUG | GET http://localhost:54470/session/150f75b7a44e916bc6fd08d23d1c32c4/url {}
2026-02-24 17:36:58,714 | DEBUG | http://localhost:54470 "GET /session/150f75b7a44e916bc6fd08d23d1c32c4/url HTTP/1.1" 200 0
2026-02-24 17:36:58,714 | DEBUG | Remote response: status=200 | data={"value":"https://www.google.com/search?q=Desarrollador+Junior+Santiago,+Chile&udm=8&sei=3wueaZLoG7Gh1sQP_8HTqAg&jbr=sep:0#vhid=vt%3D20/docid%3DD6aGWCb2yreaYroyAAAAAA%3D%3D&vssid=jobs-detail-viewer"} | headers=HTTPHeaderDict({'Content-Length': '199', 'Content-Type': 'application/json; charset=utf-8', 'cache-control': 'no-cache'})
2026-02-24 17:36:58,715 | DEBUG | Finished Request
2026-02-24 17:36:59,115 | DEBUG | GET http://localhost:54470/session/150f75b7a44e916bc6fd08d23d1c32c4/url {}
2026-02-24 17:36:59,120 | DEBUG | http://localhost:54470 "GET /session/150f75b7a44e916bc6fd08d23d1c32c4/url HTTP/1.1" 200 0
2026-02-24 17:36:59,121 | DEBUG | Remote response: status=200 | data={"value":"https://www.google.com/search?q=Desarrollador+Junior+Santiago,+Chile&udm=8&sei=3wueaZLoG7Gh1sQP_8HTqAg&jbr=sep:0#vhid=vt%3D20/docid%3DD6aGWCb2yreaYroyAAAAAA%3D%3D&vssid=jobs-detail-viewer"} | headers=HTTPHeaderDict({'Content-Length': '199', 'Content-Type': 'application/json; charset=utf-8', 'cache-control': 'no-cache'})
2026-02-24 17:36:59,121 | DEBUG | Finished Request
2026-02-24 17:36:59,522 | DEBUG | GET http://localhost:54470/session/150f75b7a44e916bc6fd08d23d1c32c4/url {}
2026-02-24 17:36:59,528 | DEBUG | http://localhost:54470 "GET /session/150f75b7a44e916bc6fd08d23d1c32c4/url HTTP/1.1" 200 0
2026-02-24 17:36:59,528 | DEBUG | Remote response: status=200 | data={"value":"https://www.google.com/search?q=Desarrollador+Junior+Santiago,+Chile&udm=8&sei=3wueaZLoG7Gh1sQP_8HTqAg&jbr=sep:0#vhid=vt%3D20/docid%3DD6aGWCb2yreaYroyAAAAAA%3D%3D&vssid=jobs-detail-viewer"} | headers=HTTPHeaderDict({'Content-Length': '199', 'Content-Type': 'application/json; charset=utf-8', 'cache-control': 'no-cache'})
2026-02-24 17:36:59,528 | DEBUG | Finished Request
2026-02-24 17:36:59,930 | DEBUG | GET http://localhost:54470/session/150f75b7a44e916bc6fd08d23d1c32c4/url {}
2026-02-24 17:36:59,936 | DEBUG | http://localhost:54470 "GET /session/150f75b7a44e916bc6fd08d23d1c32c4/url HTTP/1.1" 200 0
2026-02-24 17:36:59,936 | DEBUG | Remote response: status=200 | data={"value":"https://www.google.com/search?q=Desarrollador+Junior+Santiago,+Chile&udm=8&sei=3wueaZLoG7Gh1sQP_8HTqAg&jbr=sep:0#vhid=vt%3D20/docid%3DD6aGWCb2yreaYroyAAAAAA%3D%3D&vssid=jobs-detail-viewer"} | headers=HTTPHeaderDict({'Content-Length': '199', 'Content-Type': 'application/json; charset=utf-8', 'cache-control': 'no-cache'})
2026-02-24 17:36:59,936 | DEBUG | Finished Request
2026-02-24 17:37:00,337 | DEBUG | GET http://localhost:54470/session/150f75b7a44e916bc6fd08d23d1c32c4/url {}
2026-02-24 17:37:00,343 | DEBUG | http://localhost:54470 "GET /session/150f75b7a44e916bc6fd08d23d1c32c4/url HTTP/1.1" 200 0
2026-02-24 17:37:00,343 | DEBUG | Remote response: status=200 | data={"value":"https://www.google.com/search?q=Desarrollador+Junior+Santiago,+Chile&udm=8&sei=3wueaZLoG7Gh1sQP_8HTqAg&jbr=sep:0#vhid=vt%3D20/docid%3DD6aGWCb2yreaYroyAAAAAA%3D%3D&vssid=jobs-detail-viewer"} | headers=HTTPHeaderDict({'Content-Length': '199', 'Content-Type': 'application/json; charset=utf-8', 'cache-control': 'no-cache'})
2026-02-24 17:37:00,344 | DEBUG | Finished Request
2026-02-24 17:37:00,344 | DEBUG | GET http://localhost:54470/session/150f75b7a44e916bc6fd08d23d1c32c4/url {}
2026-02-24 17:37:00,351 | DEBUG | http://localhost:54470 "GET /session/150f75b7a44e916bc6fd08d23d1c32c4/url HTTP/1.1" 200 0
2026-02-24 17:37:00,352 | DEBUG | Remote response: status=200 | data={"value":"https://www.google.com/search?q=Desarrollador+Junior+Santiago,+Chile&udm=8&sei=3wueaZLoG7Gh1sQP_8HTqAg&jbr=sep:0#vhid=vt%3D20/docid%3DD6aGWCb2yreaYroyAAAAAA%3D%3D&vssid=jobs-detail-viewer"} | headers=HTTPHeaderDict({'Content-Length': '199', 'Content-Type': 'application/json; charset=utf-8', 'cache-control': 'no-cache'})
2026-02-24 17:37:00,352 | DEBUG | Finished Request
2026-02-24 17:37:01,554 | DEBUG | POST http://localhost:54470/session/150f75b7a44e916bc6fd08d23d1c32c4/frame {'id': None}
2026-02-24 17:37:01,557 | DEBUG | http://localhost:54470 "POST /session/150f75b7a44e916bc6fd08d23d1c32c4/frame HTTP/1.1" 200 0
2026-02-24 17:37:01,558 | DEBUG | Remote response: status=200 | data={"value":null} | headers=HTTPHeaderDict({'Content-Length': '14', 'Content-Type': 'application/json; charset=utf-8', 'cache-control': 'no-cache'})
2026-02-24 17:37:01,558 | DEBUG | Finished Request
2026-02-24 17:37:01,558 | DEBUG | POST http://localhost:54470/session/150f75b7a44e916bc6fd08d23d1c32c4/execute/sync {'script': '\n        // Estrategia A: role=button dentro del wrapper jsname=G7vtgf\n        const wrapper = docum...', 'args': []}
2026-02-24 17:37:01,568 | DEBUG | http://localhost:54470 "POST /session/150f75b7a44e916bc6fd08d23d1c32c4/execute/sync HTTP/1.1" 200 0
2026-02-24 17:37:01,568 | DEBUG | Remote response: status=200 | data={"value":"FOUND_INNER"} | headers=HTTPHeaderDict({'Content-Length': '23', 'Content-Type': 'application/json; charset=utf-8', 'cache-control': 'no-cache'})
2026-02-24 17:37:01,569 | DEBUG | Finished Request
2026-02-24 17:37:01,569 | DEBUG | POST http://localhost:54470/session/150f75b7a44e916bc6fd08d23d1c32c4/execute/sync {'script': '\n        let targets = [];\n\n        // Nivel 1: role=button dentro de jsname=G7vtgf\n        const wr...', 'args': []}
2026-02-24 17:37:01,608 | DEBUG | http://localhost:54470 "POST /session/150f75b7a44e916bc6fd08d23d1c32c4/execute/sync HTTP/1.1" 200 0
2026-02-24 17:37:01,608 | DEBUG | Remote response: status=200 | data={"value":"OK:inner-role-button|OK:jsname-wrapper|OK:text-match"} | headers=HTTPHeaderDict({'Content-Length': '64', 'Content-Type': 'application/json; charset=utf-8', 'cache-control': 'no-cache'})
2026-02-24 17:37:01,609 | DEBUG | Finished Request
2026-02-24 17:37:01,609 | DEBUG | POST http://localhost:54470/session/150f75b7a44e916bc6fd08d23d1c32c4/elements {'using': 'css selector', 'value': '[jsname="G7vtgf"] [role="button"]'}
2026-02-24 17:37:01,642 | DEBUG | http://localhost:54470 "POST /session/150f75b7a44e916bc6fd08d23d1c32c4/elements HTTP/1.1" 200 0
2026-02-24 17:37:01,643 | DEBUG | Remote response: status=200 | data={"value":[{"element-6066-11e4-a52e-4f735466cecf":"f.710CB79565C48EA30B5A9EAEEFDAEF67.d.9222C0B646B9166C7B1C648A4E137E05.e.54"},{"element-6066-11e4-a52e-4f735466cecf":"f.710CB79565C48EA30B5A9EAEEFDAEF67.d.9222C0B646B9166C7B1C648A4E137E05.e.55"}]} | headers=HTTPHeaderDict({'Content-Length': '245', 'Content-Type': 'application/json; charset=utf-8', 'cache-control': 'no-cache'})
2026-02-24 17:37:01,643 | DEBUG | Finished Request
2026-02-24 17:37:01,643 | DEBUG | GET http://localhost:54470/session/150f75b7a44e916bc6fd08d23d1c32c4/element/f.710CB79565C48EA30B5A9EAEEFDAEF67.d.9222C0B646B9166C7B1C648A4E137E05.e.54/text {}
2026-02-24 17:37:01,660 | DEBUG | http://localhost:54470 "GET /session/150f75b7a44e916bc6fd08d23d1c32c4/element/f.710CB79565C48EA30B5A9EAEEFDAEF67.d.9222C0B646B9166C7B1C648A4E137E05.e.54/text HTTP/1.1" 200 0
2026-02-24 17:37:01,660 | DEBUG | Remote response: status=200 | data={"value":""} | headers=HTTPHeaderDict({'Content-Length': '12', 'Content-Type': 'application/json; charset=utf-8', 'cache-control': 'no-cache'})
2026-02-24 17:37:01,660 | DEBUG | Finished Request
2026-02-24 17:37:01,661 | DEBUG | POST http://localhost:54470/session/150f75b7a44e916bc6fd08d23d1c32c4/execute/sync {'script': 'arguments[0].click();', 'args': [{'element-6066-11e4-a52e-4f735466cecf': 'f.710CB79565C48EA30B5A9EAEEFDAEF67.d.9222C0B646B9166C7B1C648A4E137E05.e.54'}]}
2026-02-24 17:37:01,674 | DEBUG | http://localhost:54470 "POST /session/150f75b7a44e916bc6fd08d23d1c32c4/execute/sync HTTP/1.1" 200 0
2026-02-24 17:37:01,675 | DEBUG | Remote response: status=200 | data={"value":null} | headers=HTTPHeaderDict({'Content-Length': '14', 'Content-Type': 'application/json; charset=utf-8', 'cache-control': 'no-cache'})
2026-02-24 17:37:01,675 | DEBUG | Finished Request
2026-02-24 17:37:04,176 | DEBUG | POST http://localhost:54470/session/150f75b7a44e916bc6fd08d23d1c32c4/frame {'id': None}
2026-02-24 17:37:04,179 | DEBUG | http://localhost:54470 "POST /session/150f75b7a44e916bc6fd08d23d1c32c4/frame HTTP/1.1" 200 0
2026-02-24 17:37:04,179 | DEBUG | Remote response: status=200 | data={"value":null} | headers=HTTPHeaderDict({'Content-Length': '14', 'Content-Type': 'application/json; charset=utf-8', 'cache-control': 'no-cache'})
2026-02-24 17:37:04,180 | DEBUG | Finished Request
2026-02-24 17:37:06,681 | DEBUG | POST http://localhost:54470/session/150f75b7a44e916bc6fd08d23d1c32c4/frame {'id': None}
2026-02-24 17:37:06,684 | DEBUG | http://localhost:54470 "POST /session/150f75b7a44e916bc6fd08d23d1c32c4/frame HTTP/1.1" 200 0
2026-02-24 17:37:06,684 | DEBUG | Remote response: status=200 | data={"value":null} | headers=HTTPHeaderDict({'Content-Length': '14', 'Content-Type': 'application/json; charset=utf-8', 'cache-control': 'no-cache'})
2026-02-24 17:37:06,684 | DEBUG | Finished Request
2026-02-24 17:37:06,685 | DEBUG | POST http://localhost:54470/session/150f75b7a44e916bc6fd08d23d1c32c4/execute/sync {'script': "\n        const KEYWORDS_DESC = ['responsabilidades','requisitos','experiencia','conocimientos',\n    ...", 'args': []}
2026-02-24 17:37:06,693 | DEBUG | http://localhost:54470 "POST /session/150f75b7a44e916bc6fd08d23d1c32c4/execute/sync HTTP/1.1" 200 0
2026-02-24 17:37:06,693 | DEBUG | Remote response: status=200 | data={"value":"{\"ok\":true,\"fuente\":\"#Sva75c\",\"score\":2865,\"texto\":\"Axity\\nDESARROLLADOR FULL STACK – JUNIOR\\nAxity • Santiago • por medio de Indeed Chile\\nhace 1 día\\nTiempo completo\\nNo se menciona un título académico\\nPostularse en Indeed Chile\\nPostularse en Jooble\\nPostularse en BeBee CL\\nPostularse en Pandapé - Computrabajo\\nPostularse en Jobrapido.com\\nPostularse en WhatJobs\\nPostularse en Trabajo.org\\nPostularse en Chile Jobs Expertini\\nDescripción del trabajo\\nSERVICIOS PROFESIONALES\\n\\nANALISTA\\n\\nhace 3 horas\\n\\nDescripción\\n\\nAxity, Somos una compañía con más de 35 años de trayectoria nuestro portafolio de servicios es uno de los más grandes en la industria: Estrategia Digital, Desarrollo de Software, Bussiness Intelligence, Big Data, Analítica Avanzada, Seguridad, IOT.\\n\\nBuscamos un Desarrollador Fullstack\\n\\nCapaz de diseñar y desarrollar aplicaciones, debe transcribir una necesidad informática en una solución escrita en algún lenguaje de programación. Su trabajo consiste en crear sobre aplicaciones existentes y modelar otras nuevas.\\n• Debe tener conocimientos y metodologías de estimación de requerimientos, seguimiento y trazabilidad de requerimientos, estimación de impactos de cambios,\\n• Análisis de requerimientos, investigación y diagnósticos de incidencias (correctivos, normativos, y perfectivos), participar del diseño de solución funcional y técnica, realización del QA previo a la entrega,\\n• Implementación computacional, pruebas unitarias y documentación.\\n\\nRequisitos\\n• Análisis y Desarrollo de soluciones tecnológicas para los proyectos de:\\n• Desarrollo MCC\\n• Mejoras SIGGES\\n• Mejoras Venta de Bonos en sus canales\\n• Mejoras Tramites Digitales.\\n• Nuevo modelo de desarrollo CDC de los negocios.\\n\\nConocimiento y Experiencia\\n\\nFrontend (Angular o React) - • Javascript • Jquery • Html • Css\\n\\nBackend ( Java o Python)\\n\\nEn Axity fomentamos un entorno inclusivo donde las diferencias son celebradas y donde todos/as tienen la oportunidad de crecer y destacar. Nuestro compromiso es claro: “crear un espacio laboral donde cada talento encuentre el apoyo y respeto necesario para desarrollarse plenamente y contribuir con su mejor versión\\n\\nPerfil\\n\\nANALISTA\\n\\nLocalización\\n\\nSantiago, Chile\\n\\nExperiencia\\n\\n3 Años de Experiencia\\n\\no\\nDenunciar esta publicación de empleo\\nMás empleos en Axity\\nVer los resultados de la Web para Axity\"}"} | headers=HTTPHeaderDict({'Content-Length': '2539', 'Content-Type': 'application/json; charset=utf-8', 'cache-control': 'no-cache'})
2026-02-24 17:37:06,694 | DEBUG | Finished Request
2026-02-24 17:37:06,694 | DEBUG | POST http://localhost:54470/session/150f75b7a44e916bc6fd08d23d1c32c4/frame {'id': None}
2026-02-24 17:37:06,698 | DEBUG | http://localhost:54470 "POST /session/150f75b7a44e916bc6fd08d23d1c32c4/frame HTTP/1.1" 200 0
2026-02-24 17:37:06,698 | DEBUG | Remote response: status=200 | data={"value":null} | headers=HTTPHeaderDict({'Content-Length': '14', 'Content-Type': 'application/json; charset=utf-8', 'cache-control': 'no-cache'})
2026-02-24 17:37:06,698 | DEBUG | Finished Request
2026-02-24 17:37:06,699 | DEBUG | GET http://localhost:54470/session/150f75b7a44e916bc6fd08d23d1c32c4/url {}
2026-02-24 17:37:06,705 | DEBUG | http://localhost:54470 "GET /session/150f75b7a44e916bc6fd08d23d1c32c4/url HTTP/1.1" 200 0
2026-02-24 17:37:06,705 | DEBUG | Remote response: status=200 | data={"value":"https://www.google.com/search?q=Desarrollador+Junior+Santiago,+Chile&udm=8&sei=3wueaZLoG7Gh1sQP_8HTqAg&jbr=sep:0#vhid=vt%3D20/docid%3DD6aGWCb2yreaYroyAAAAAA%3D%3D&vssid=jobs-detail-viewer"} | headers=HTTPHeaderDict({'Content-Length': '199', 'Content-Type': 'application/json; charset=utf-8', 'cache-control': 'no-cache'})
2026-02-24 17:37:06,706 | DEBUG | Finished Request
2026-02-24 17:37:06,706 | DEBUG | POST http://localhost:54470/session/150f75b7a44e916bc6fd08d23d1c32c4/frame {'id': None}
2026-02-24 17:37:06,709 | DEBUG | http://localhost:54470 "POST /session/150f75b7a44e916bc6fd08d23d1c32c4/frame HTTP/1.1" 200 0
2026-02-24 17:37:06,709 | DEBUG | Remote response: status=200 | data={"value":null} | headers=HTTPHeaderDict({'Content-Length': '14', 'Content-Type': 'application/json; charset=utf-8', 'cache-control': 'no-cache'})
2026-02-24 17:37:06,709 | DEBUG | Finished Request
2026-02-24 17:37:06,709 | DEBUG | GET http://localhost:54470/session/150f75b7a44e916bc6fd08d23d1c32c4/url {}
2026-02-24 17:37:06,715 | DEBUG | http://localhost:54470 "GET /session/150f75b7a44e916bc6fd08d23d1c32c4/url HTTP/1.1" 200 0
2026-02-24 17:37:06,716 | DEBUG | Remote response: status=200 | data={"value":"https://www.google.com/search?q=Desarrollador+Junior+Santiago,+Chile&udm=8&sei=3wueaZLoG7Gh1sQP_8HTqAg&jbr=sep:0#vhid=vt%3D20/docid%3DD6aGWCb2yreaYroyAAAAAA%3D%3D&vssid=jobs-detail-viewer"} | headers=HTTPHeaderDict({'Content-Length': '199', 'Content-Type': 'application/json; charset=utf-8', 'cache-control': 'no-cache'})
2026-02-24 17:37:06,716 | DEBUG | Finished Request
2026-02-24 17:37:09,519 | DEBUG | DELETE http://localhost:54470/session/150f75b7a44e916bc6fd08d23d1c32c4 {}
2026-02-24 17:37:09,607 | DEBUG | http://localhost:54470 "DELETE /session/150f75b7a44e916bc6fd08d23d1c32c4 HTTP/1.1" 200 0
2026-02-24 17:37:09,608 | DEBUG | Remote response: status=200 | data={"value":null} | headers=HTTPHeaderDict({'Content-Length': '14', 'Content-Type': 'application/json; charset=utf-8', 'cache-control': 'no-cache'})
2026-02-24 17:37:09,608 | DEBUG | Finished Request
2026-02-24 17:37:14,209 | INFO | 🚀 Sistema DreamJob iniciado.
2026-02-24 17:37:14,314 | INFO | Match 'DESARROLLADOR FULL STACK – JUNIOR': 613 pts
2026-02-24 17:37:14,356 | INFO | Persistencia exitosa: 303 ofertas.
2026-02-24 17:37:14,358 | INFO | Análisis completado: 1 resultados.
